{
  "feat_12": 0.0031816247998050946,
  "feat_03": 0.0030703119378570048,
  "feat_19": 0.0022960614892849926,
  "feat_05": 0.001989475096901916,
  "feat_27": 0.0017285773661802706,
  "feat_11": 0.0012816967781290535,
  "feat_17": 0.0012590332272041178,
  "feat_24": 0.001211073506880219,
  "feat_25": 0.0010938801346639096,
  "feat_10": 0.0010763609052103647,
  "feat_23": 0.000881630182112625,
  "feat_01": 0.0007696753114969022,
  "feat_29": 0.0007161665457671079,
  "feat_18": 0.0007044384412413242,
  "feat_26": 0.0006672962405945223,
  "feat_06": 0.0006419740816878402,
  "feat_13": 0.0005101989577290272,
  "feat_07": 0.0004510675886014836,
  "feat_28": 0.00037128086438027323,
  "feat_22": 0.0003168093187042831
}