[11336439ms] [WARNING] WebSocket onclose @ http://localhost:18501/static/js/index.k-9rUdPI.js:20
[11336574ms] [ERROR] Failed to load resource: net::ERR_EMPTY_RESPONSE @ http://localhost:18501/_stcore/health:0
[11336575ms] [ERROR] Failed to load resource: net::ERR_EMPTY_RESPONSE @ http://localhost:18501/_stcore/host-config:0
[11336738ms] [ERROR] Failed to load resource: net::ERR_EMPTY_RESPONSE @ http://localhost:18501/_stcore/health:0
[11336739ms] [ERROR] Failed to load resource: net::ERR_EMPTY_RESPONSE @ http://localhost:18501/_stcore/host-config:0
[11336939ms] [ERROR] Failed to load resource: net::ERR_EMPTY_RESPONSE @ http://localhost:18501/_stcore/health:0
[11336940ms] [ERROR] Failed to load resource: net::ERR_EMPTY_RESPONSE @ http://localhost:18501/_stcore/host-config:0
[11337376ms] [ERROR] Failed to load resource: net::ERR_EMPTY_RESPONSE @ http://localhost:18501/_stcore/health:0
[11337377ms] [ERROR] Failed to load resource: net::ERR_EMPTY_RESPONSE @ http://localhost:18501/_stcore/host-config:0
[11338302ms] [ERROR] Failed to load resource: net::ERR_EMPTY_RESPONSE @ http://localhost:18501/_stcore/health:0
[11338303ms] [ERROR] Failed to load resource: net::ERR_EMPTY_RESPONSE @ http://localhost:18501/_stcore/host-config:0
[11339824ms] [ERROR] Failed to load resource: net::ERR_EMPTY_RESPONSE @ http://localhost:18501/_stcore/health:0
[11339825ms] [ERROR] Client Error in reaching server endpoint - No response received when attempting to reach /_stcore/health @ http://localhost:18501/static/js/index.k-9rUdPI.js:19
[11339825ms] [ERROR] Is Streamlit still running? If you accidentally stopped Streamlit, just restart it in your terminal: @ http://localhost:18501/static/js/index.k-9rUdPI.js:24
[11339825ms] [ERROR] Failed to load resource: net::ERR_EMPTY_RESPONSE @ http://localhost:18501/_stcore/host-config:0
[11353066ms] [ERROR] Failed to load resource: net::ERR_EMPTY_RESPONSE @ http://localhost:18501/_stcore/health:0
[11353066ms] [ERROR] Client Error in reaching server endpoint - No response received when attempting to reach /_stcore/health @ http://localhost:18501/static/js/index.k-9rUdPI.js:19
[11353066ms] [ERROR] Is Streamlit still running? If you accidentally stopped Streamlit, just restart it in your terminal: @ http://localhost:18501/static/js/index.k-9rUdPI.js:24
[11353090ms] [ERROR] Failed to load resource: net::ERR_EMPTY_RESPONSE @ http://localhost:18501/_stcore/host-config:0
[11355095ms] [ERROR] Failed to load resource: net::ERR_EMPTY_RESPONSE @ http://localhost:18501/_stcore/health:0
[11355095ms] [ERROR] Client Error in reaching server endpoint - No response received when attempting to reach /_stcore/health @ http://localhost:18501/static/js/index.k-9rUdPI.js:19
[11355095ms] [ERROR] Is Streamlit still running? If you accidentally stopped Streamlit, just restart it in your terminal: @ http://localhost:18501/static/js/index.k-9rUdPI.js:24
[11355127ms] [ERROR] Failed to load resource: net::ERR_EMPTY_RESPONSE @ http://localhost:18501/_stcore/host-config:0
[11361161ms] [ERROR] Failed to load resource: net::ERR_EMPTY_RESPONSE @ http://localhost:18501/_stcore/health:0
[11361161ms] [ERROR] Client Error in reaching server endpoint - No response received when attempting to reach /_stcore/health @ http://localhost:18501/static/js/index.k-9rUdPI.js:19
[11361161ms] [ERROR] Is Streamlit still running? If you accidentally stopped Streamlit, just restart it in your terminal: @ http://localhost:18501/static/js/index.k-9rUdPI.js:24
[11361366ms] [ERROR] Failed to load resource: net::ERR_EMPTY_RESPONSE @ http://localhost:18501/_stcore/host-config:0
[11368610ms] [ERROR] Failed to load resource: net::ERR_EMPTY_RESPONSE @ http://localhost:18501/_stcore/health:0
[11368610ms] [ERROR] Client Error in reaching server endpoint - No response received when attempting to reach /_stcore/health @ http://localhost:18501/static/js/index.k-9rUdPI.js:19
[11368610ms] [ERROR] Is Streamlit still running? If you accidentally stopped Streamlit, just restart it in your terminal: @ http://localhost:18501/static/js/index.k-9rUdPI.js:24
[11371985ms] [ERROR] Failed to load resource: net::ERR_EMPTY_RESPONSE @ http://localhost:18501/_stcore/host-config:0
[11371987ms] [ERROR] Failed to load resource: net::ERR_EMPTY_RESPONSE @ http://localhost:18501/_stcore/health:0
[11371987ms] [ERROR] Client Error in reaching server endpoint - No response received when attempting to reach /_stcore/health @ http://localhost:18501/static/js/index.k-9rUdPI.js:19
[11371987ms] [ERROR] Is Streamlit still running? If you accidentally stopped Streamlit, just restart it in your terminal: @ http://localhost:18501/static/js/index.k-9rUdPI.js:24
[11372016ms] [ERROR] Failed to load resource: net::ERR_EMPTY_RESPONSE @ http://localhost:18501/_stcore/host-config:0
[11373997ms] [ERROR] Failed to load resource: net::ERR_EMPTY_RESPONSE @ http://localhost:18501/_stcore/health:0
[11373998ms] [ERROR] Client Error in reaching server endpoint - No response received when attempting to reach /_stcore/health @ http://localhost:18501/static/js/index.k-9rUdPI.js:19
[11373998ms] [ERROR] Is Streamlit still running? If you accidentally stopped Streamlit, just restart it in your terminal: @ http://localhost:18501/static/js/index.k-9rUdPI.js:24
[11373998ms] [ERROR] Failed to load resource: net::ERR_EMPTY_RESPONSE @ http://localhost:18501/_stcore/host-config:0
[11380006ms] [ERROR] Failed to load resource: net::ERR_EMPTY_RESPONSE @ http://localhost:18501/_stcore/health:0
[11380006ms] [ERROR] Client Error in reaching server endpoint - No response received when attempting to reach /_stcore/health @ http://localhost:18501/static/js/index.k-9rUdPI.js:19
[11380007ms] [ERROR] Is Streamlit still running? If you accidentally stopped Streamlit, just restart it in your terminal: @ http://localhost:18501/static/js/index.k-9rUdPI.js:24
[11387374ms] [ERROR] Failed to load resource: net::ERR_EMPTY_RESPONSE @ http://localhost:18501/_stcore/health:0
[11387374ms] [ERROR] Client Error in reaching server endpoint - No response received when attempting to reach /_stcore/health @ http://localhost:18501/static/js/index.k-9rUdPI.js:19
[11387375ms] [ERROR] Is Streamlit still running? If you accidentally stopped Streamlit, just restart it in your terminal: @ http://localhost:18501/static/js/index.k-9rUdPI.js:24
[11391622ms] [ERROR] Failed to load resource: net::ERR_EMPTY_RESPONSE @ http://localhost:18501/_stcore/health:0
[11391622ms] [ERROR] Client Error in reaching server endpoint - No response received when attempting to reach /_stcore/health @ http://localhost:18501/static/js/index.k-9rUdPI.js:19
[11391622ms] [ERROR] Is Streamlit still running? If you accidentally stopped Streamlit, just restart it in your terminal: @ http://localhost:18501/static/js/index.k-9rUdPI.js:24
[11401926ms] [ERROR] Failed to load resource: net::ERR_EMPTY_RESPONSE @ http://localhost:18501/_stcore/health:0
[11401927ms] [ERROR] Client Error in reaching server endpoint - No response received when attempting to reach /_stcore/health @ http://localhost:18501/static/js/index.k-9rUdPI.js:19
[11401927ms] [ERROR] Is Streamlit still running? If you accidentally stopped Streamlit, just restart it in your terminal: @ http://localhost:18501/static/js/index.k-9rUdPI.js:24
[11412618ms] [ERROR] Failed to load resource: net::ERR_EMPTY_RESPONSE @ http://localhost:18501/_stcore/health:0
[11412618ms] [ERROR] Client Error in reaching server endpoint - No response received when attempting to reach /_stcore/health @ http://localhost:18501/static/js/index.k-9rUdPI.js:19
[11412618ms] [ERROR] Is Streamlit still running? If you accidentally stopped Streamlit, just restart it in your terminal: @ http://localhost:18501/static/js/index.k-9rUdPI.js:24
[11412647ms] [ERROR] Failed to load resource: net::ERR_EMPTY_RESPONSE @ http://localhost:18501/_stcore/host-config:0
[11416093ms] [ERROR] Failed to load resource: net::ERR_EMPTY_RESPONSE @ http://localhost:18501/_stcore/health:0
[11416093ms] [ERROR] Client Error in reaching server endpoint - No response received when attempting to reach /_stcore/health @ http://localhost:18501/static/js/index.k-9rUdPI.js:19
[11416093ms] [ERROR] Is Streamlit still running? If you accidentally stopped Streamlit, just restart it in your terminal: @ http://localhost:18501/static/js/index.k-9rUdPI.js:24
[11421208ms] [ERROR] Failed to load resource: net::ERR_EMPTY_RESPONSE @ http://localhost:18501/_stcore/host-config:0
[11421222ms] [ERROR] Failed to load resource: net::ERR_EMPTY_RESPONSE @ http://localhost:18501/_stcore/health:0
[11421222ms] [ERROR] Client Error in reaching server endpoint - No response received when attempting to reach /_stcore/health @ http://localhost:18501/static/js/index.k-9rUdPI.js:19
[11421222ms] [ERROR] Is Streamlit still running? If you accidentally stopped Streamlit, just restart it in your terminal: @ http://localhost:18501/static/js/index.k-9rUdPI.js:24
[11421251ms] [ERROR] Failed to load resource: net::ERR_EMPTY_RESPONSE @ http://localhost:18501/_stcore/host-config:0
[11426127ms] [ERROR] Failed to load resource: net::ERR_EMPTY_RESPONSE @ http://localhost:18501/_stcore/host-config:0
[11426128ms] [ERROR] Client Error in reaching server endpoint - No response received when attempting to reach /_stcore/host-config @ http://localhost:18501/static/js/index.k-9rUdPI.js:19
[11426128ms] [ERROR] Is Streamlit still running? If you accidentally stopped Streamlit, just restart it in your terminal: @ http://localhost:18501/static/js/index.k-9rUdPI.js:24
[11426155ms] [ERROR] Failed to load resource: net::ERR_EMPTY_RESPONSE @ http://localhost:18501/_stcore/health:0
[11431036ms] [ERROR] Failed to load resource: net::ERR_EMPTY_RESPONSE @ http://localhost:18501/_stcore/host-config:0
[11431036ms] [ERROR] Client Error in reaching server endpoint - No response received when attempting to reach /_stcore/host-config @ http://localhost:18501/static/js/index.k-9rUdPI.js:19
[11431036ms] [ERROR] Is Streamlit still running? If you accidentally stopped Streamlit, just restart it in your terminal: @ http://localhost:18501/static/js/index.k-9rUdPI.js:24
[11434465ms] [ERROR] Failed to load resource: net::ERR_EMPTY_RESPONSE @ http://localhost:18501/_stcore/host-config:0
[11434465ms] [ERROR] Client Error in reaching server endpoint - No response received when attempting to reach /_stcore/host-config @ http://localhost:18501/static/js/index.k-9rUdPI.js:19
[11434465ms] [ERROR] Is Streamlit still running? If you accidentally stopped Streamlit, just restart it in your terminal: @ http://localhost:18501/static/js/index.k-9rUdPI.js:24
[11451468ms] [ERROR] Client error: DoInitPings timed out @ http://localhost:18501/static/js/index.k-9rUdPI.js:19
[11451468ms] [ERROR] Connection timed out. @ http://localhost:18501/static/js/index.k-9rUdPI.js:24
[11453495ms] [ERROR] Failed to load resource: net::ERR_EMPTY_RESPONSE @ http://localhost:18501/_stcore/health:0
[11453495ms] [ERROR] Client Error in reaching server endpoint - No response received when attempting to reach /_stcore/health @ http://localhost:18501/static/js/index.k-9rUdPI.js:19
[11453495ms] [ERROR] Is Streamlit still running? If you accidentally stopped Streamlit, just restart it in your terminal: @ http://localhost:18501/static/js/index.k-9rUdPI.js:24
[11453527ms] [ERROR] Failed to load resource: net::ERR_EMPTY_RESPONSE @ http://localhost:18501/_stcore/host-config:0
[11459455ms] [ERROR] Failed to load resource: net::ERR_EMPTY_RESPONSE @ http://localhost:18501/_stcore/health:0
[11459455ms] [ERROR] Client Error in reaching server endpoint - No response received when attempting to reach /_stcore/health @ http://localhost:18501/static/js/index.k-9rUdPI.js:19
[11459455ms] [ERROR] Is Streamlit still running? If you accidentally stopped Streamlit, just restart it in your terminal: @ http://localhost:18501/static/js/index.k-9rUdPI.js:24
[11459482ms] [ERROR] Failed to load resource: net::ERR_EMPTY_RESPONSE @ http://localhost:18501/_stcore/host-config:0
[11466134ms] [ERROR] Failed to load resource: net::ERR_EMPTY_RESPONSE @ http://localhost:18501/_stcore/health:0
[11466135ms] [ERROR] Client Error in reaching server endpoint - No response received when attempting to reach /_stcore/health @ http://localhost:18501/static/js/index.k-9rUdPI.js:19
[11466135ms] [ERROR] Is Streamlit still running? If you accidentally stopped Streamlit, just restart it in your terminal: @ http://localhost:18501/static/js/index.k-9rUdPI.js:24
[11483141ms] [ERROR] Client error: DoInitPings timed out @ http://localhost:18501/static/js/index.k-9rUdPI.js:19
[11483142ms] [ERROR] Connection timed out. @ http://localhost:18501/static/js/index.k-9rUdPI.js:24
[11498143ms] [ERROR] Failed to load resource: net::ERR_CONNECTION_RESET @ http://localhost:18501/_stcore/health:0
[11498143ms] [ERROR] Client Error in reaching server endpoint - No response received when attempting to reach /_stcore/health @ http://localhost:18501/static/js/index.k-9rUdPI.js:19
[11498143ms] [ERROR] Is Streamlit still running? If you accidentally stopped Streamlit, just restart it in your terminal: @ http://localhost:18501/static/js/index.k-9rUdPI.js:24
[11498169ms] [ERROR] Failed to load resource: net::ERR_CONNECTION_RESET @ http://localhost:18501/_stcore/host-config:0
[11502454ms] [ERROR] Failed to load resource: net::ERR_CONNECTION_REFUSED @ http://localhost:18501/_stcore/health:0
[11502454ms] [ERROR] Client Error in reaching server endpoint - No response received when attempting to reach /_stcore/health @ http://localhost:18501/static/js/index.k-9rUdPI.js:19
[11502454ms] [ERROR] Is Streamlit still running? If you accidentally stopped Streamlit, just restart it in your terminal: @ http://localhost:18501/static/js/index.k-9rUdPI.js:24
[11502480ms] [ERROR] Failed to load resource: net::ERR_CONNECTION_REFUSED @ http://localhost:18501/_stcore/host-config:0
[11506777ms] [ERROR] Failed to load resource: net::ERR_CONNECTION_REFUSED @ http://localhost:18501/_stcore/health:0
[11506777ms] [ERROR] Client Error in reaching server endpoint - No response received when attempting to reach /_stcore/health @ http://localhost:18501/static/js/index.k-9rUdPI.js:19
[11506778ms] [ERROR] Is Streamlit still running? If you accidentally stopped Streamlit, just restart it in your terminal: @ http://localhost:18501/static/js/index.k-9rUdPI.js:24
[11506778ms] [ERROR] Failed to load resource: net::ERR_CONNECTION_REFUSED @ http://localhost:18501/_stcore/host-config:0
[11511111ms] [ERROR] Failed to load resource: net::ERR_CONNECTION_REFUSED @ http://localhost:18501/_stcore/health:0
[11511111ms] [ERROR] Client Error in reaching server endpoint - No response received when attempting to reach /_stcore/health @ http://localhost:18501/static/js/index.k-9rUdPI.js:19
[11511111ms] [ERROR] Is Streamlit still running? If you accidentally stopped Streamlit, just restart it in your terminal: @ http://localhost:18501/static/js/index.k-9rUdPI.js:24
[11511112ms] [ERROR] Failed to load resource: net::ERR_CONNECTION_REFUSED @ http://localhost:18501/_stcore/host-config:0
[11515440ms] [ERROR] Failed to load resource: net::ERR_CONNECTION_REFUSED @ http://localhost:18501/_stcore/health:0
[11515440ms] [ERROR] Client Error in reaching server endpoint - No response received when attempting to reach /_stcore/health @ http://localhost:18501/static/js/index.k-9rUdPI.js:19
[11515440ms] [ERROR] Is Streamlit still running? If you accidentally stopped Streamlit, just restart it in your terminal: @ http://localhost:18501/static/js/index.k-9rUdPI.js:24
[11515440ms] [ERROR] Failed to load resource: net::ERR_CONNECTION_REFUSED @ http://localhost:18501/_stcore/host-config:0
[11519774ms] [ERROR] Failed to load resource: net::ERR_CONNECTION_REFUSED @ http://localhost:18501/_stcore/health:0
[11519774ms] [ERROR] Client Error in reaching server endpoint - No response received when attempting to reach /_stcore/health @ http://localhost:18501/static/js/index.k-9rUdPI.js:19
[11519774ms] [ERROR] Is Streamlit still running? If you accidentally stopped Streamlit, just restart it in your terminal: @ http://localhost:18501/static/js/index.k-9rUdPI.js:24
[11519774ms] [ERROR] Failed to load resource: net::ERR_CONNECTION_REFUSED @ http://localhost:18501/_stcore/host-config:0
[11524105ms] [ERROR] Failed to load resource: net::ERR_CONNECTION_REFUSED @ http://localhost:18501/_stcore/health:0
[11524105ms] [ERROR] Client Error in reaching server endpoint - No response received when attempting to reach /_stcore/health @ http://localhost:18501/static/js/index.k-9rUdPI.js:19
[11524105ms] [ERROR] Is Streamlit still running? If you accidentally stopped Streamlit, just restart it in your terminal: @ http://localhost:18501/static/js/index.k-9rUdPI.js:24
[11524131ms] [ERROR] Failed to load resource: net::ERR_CONNECTION_REFUSED @ http://localhost:18501/_stcore/host-config:0
[11528425ms] [ERROR] Failed to load resource: net::ERR_CONNECTION_REFUSED @ http://localhost:18501/_stcore/health:0
[11528426ms] [ERROR] Client Error in reaching server endpoint - No response received when attempting to reach /_stcore/health @ http://localhost:18501/static/js/index.k-9rUdPI.js:19
[11528426ms] [ERROR] Is Streamlit still running? If you accidentally stopped Streamlit, just restart it in your terminal: @ http://localhost:18501/static/js/index.k-9rUdPI.js:24
[11528426ms] [ERROR] Failed to load resource: net::ERR_CONNECTION_REFUSED @ http://localhost:18501/_stcore/host-config:0
[11532746ms] [ERROR] Failed to load resource: net::ERR_CONNECTION_REFUSED @ http://localhost:18501/_stcore/health:0
[11532747ms] [ERROR] Client Error in reaching server endpoint - No response received when attempting to reach /_stcore/health @ http://localhost:18501/static/js/index.k-9rUdPI.js:19
[11532747ms] [ERROR] Is Streamlit still running? If you accidentally stopped Streamlit, just restart it in your terminal: @ http://localhost:18501/static/js/index.k-9rUdPI.js:24
[11532773ms] [ERROR] Failed to load resource: net::ERR_CONNECTION_REFUSED @ http://localhost:18501/_stcore/host-config:0
[11537059ms] [ERROR] Failed to load resource: net::ERR_CONNECTION_REFUSED @ http://localhost:18501/_stcore/health:0
[11537059ms] [ERROR] Client Error in reaching server endpoint - No response received when attempting to reach /_stcore/health @ http://localhost:18501/static/js/index.k-9rUdPI.js:19
[11537059ms] [ERROR] Is Streamlit still running? If you accidentally stopped Streamlit, just restart it in your terminal: @ http://localhost:18501/static/js/index.k-9rUdPI.js:24
[11537084ms] [ERROR] Failed to load resource: net::ERR_CONNECTION_REFUSED @ http://localhost:18501/_stcore/host-config:0
[11541395ms] [ERROR] Failed to load resource: net::ERR_CONNECTION_REFUSED @ http://localhost:18501/_stcore/health:0
[11541395ms] [ERROR] Client Error in reaching server endpoint - No response received when attempting to reach /_stcore/health @ http://localhost:18501/static/js/index.k-9rUdPI.js:19
[11541396ms] [ERROR] Is Streamlit still running? If you accidentally stopped Streamlit, just restart it in your terminal: @ http://localhost:18501/static/js/index.k-9rUdPI.js:24
[11541396ms] [ERROR] Failed to load resource: net::ERR_CONNECTION_REFUSED @ http://localhost:18501/_stcore/host-config:0
[11545757ms] [ERROR] Failed to load resource: net::ERR_CONNECTION_REFUSED @ http://localhost:18501/_stcore/health:0
[11545757ms] [ERROR] Client Error in reaching server endpoint - No response received when attempting to reach /_stcore/health @ http://localhost:18501/static/js/index.k-9rUdPI.js:19
[11545757ms] [ERROR] Is Streamlit still running? If you accidentally stopped Streamlit, just restart it in your terminal: @ http://localhost:18501/static/js/index.k-9rUdPI.js:24
[11545795ms] [ERROR] Failed to load resource: net::ERR_CONNECTION_REFUSED @ http://localhost:18501/_stcore/host-config:0
[11550077ms] [ERROR] Failed to load resource: net::ERR_CONNECTION_REFUSED @ http://localhost:18501/_stcore/health:0
[11550078ms] [ERROR] Client Error in reaching server endpoint - No response received when attempting to reach /_stcore/health @ http://localhost:18501/static/js/index.k-9rUdPI.js:19
[11550078ms] [ERROR] Is Streamlit still running? If you accidentally stopped Streamlit, just restart it in your terminal: @ http://localhost:18501/static/js/index.k-9rUdPI.js:24
[11550078ms] [ERROR] Failed to load resource: net::ERR_CONNECTION_REFUSED @ http://localhost:18501/_stcore/host-config:0
[11554402ms] [ERROR] Failed to load resource: net::ERR_CONNECTION_REFUSED @ http://localhost:18501/_stcore/health:0
[11554402ms] [ERROR] Client Error in reaching server endpoint - No response received when attempting to reach /_stcore/health @ http://localhost:18501/static/js/index.k-9rUdPI.js:19
[11554402ms] [ERROR] Is Streamlit still running? If you accidentally stopped Streamlit, just restart it in your terminal: @ http://localhost:18501/static/js/index.k-9rUdPI.js:24
[11554403ms] [ERROR] Failed to load resource: net::ERR_CONNECTION_REFUSED @ http://localhost:18501/_stcore/host-config:0
[11558717ms] [ERROR] Failed to load resource: net::ERR_CONNECTION_REFUSED @ http://localhost:18501/_stcore/health:0
[11558717ms] [ERROR] Client Error in reaching server endpoint - No response received when attempting to reach /_stcore/health @ http://localhost:18501/static/js/index.k-9rUdPI.js:19
[11558717ms] [ERROR] Is Streamlit still running? If you accidentally stopped Streamlit, just restart it in your terminal: @ http://localhost:18501/static/js/index.k-9rUdPI.js:24
[11558717ms] [ERROR] Failed to load resource: net::ERR_CONNECTION_REFUSED @ http://localhost:18501/_stcore/host-config:0
[11563051ms] [ERROR] Failed to load resource: net::ERR_CONNECTION_REFUSED @ http://localhost:18501/_stcore/health:0
[11563051ms] [ERROR] Client Error in reaching server endpoint - No response received when attempting to reach /_stcore/health @ http://localhost:18501/static/js/index.k-9rUdPI.js:19
[11563051ms] [ERROR] Is Streamlit still running? If you accidentally stopped Streamlit, just restart it in your terminal: @ http://localhost:18501/static/js/index.k-9rUdPI.js:24
[11563052ms] [ERROR] Failed to load resource: net::ERR_CONNECTION_REFUSED @ http://localhost:18501/_stcore/host-config:0
[11567371ms] [ERROR] Failed to load resource: net::ERR_CONNECTION_REFUSED @ http://localhost:18501/_stcore/health:0
[11567371ms] [ERROR] Client Error in reaching server endpoint - No response received when attempting to reach /_stcore/health @ http://localhost:18501/static/js/index.k-9rUdPI.js:19
[11567371ms] [ERROR] Is Streamlit still running? If you accidentally stopped Streamlit, just restart it in your terminal: @ http://localhost:18501/static/js/index.k-9rUdPI.js:24
[11567373ms] [ERROR] Failed to load resource: net::ERR_CONNECTION_REFUSED @ http://localhost:18501/_stcore/host-config:0
[11571696ms] [ERROR] Failed to load resource: net::ERR_CONNECTION_REFUSED @ http://localhost:18501/_stcore/health:0
[11571696ms] [ERROR] Client Error in reaching server endpoint - No response received when attempting to reach /_stcore/health @ http://localhost:18501/static/js/index.k-9rUdPI.js:19
[11571697ms] [ERROR] Is Streamlit still running? If you accidentally stopped Streamlit, just restart it in your terminal: @ http://localhost:18501/static/js/index.k-9rUdPI.js:24
[11571697ms] [ERROR] Failed to load resource: net::ERR_CONNECTION_REFUSED @ http://localhost:18501/_stcore/host-config:0
[11576011ms] [ERROR] Failed to load resource: net::ERR_CONNECTION_REFUSED @ http://localhost:18501/_stcore/health:0
[11576011ms] [ERROR] Client Error in reaching server endpoint - No response received when attempting to reach /_stcore/health @ http://localhost:18501/static/js/index.k-9rUdPI.js:19
[11576011ms] [ERROR] Is Streamlit still running? If you accidentally stopped Streamlit, just restart it in your terminal: @ http://localhost:18501/static/js/index.k-9rUdPI.js:24
[11576011ms] [ERROR] Failed to load resource: net::ERR_CONNECTION_REFUSED @ http://localhost:18501/_stcore/host-config:0
[11579969ms] [ERROR] Failed to load resource: net::ERR_NETWORK_CHANGED @ http://localhost:18501/_stcore/health:0
[11579969ms] [ERROR] Client Error in reaching server endpoint - No response received when attempting to reach /_stcore/health @ http://localhost:18501/static/js/index.k-9rUdPI.js:19
[11579969ms] [ERROR] Is Streamlit still running? If you accidentally stopped Streamlit, just restart it in your terminal: @ http://localhost:18501/static/js/index.k-9rUdPI.js:24
[11579970ms] [ERROR] Failed to load resource: net::ERR_NETWORK_CHANGED @ http://localhost:18501/_stcore/host-config:0
[11584287ms] [ERROR] Failed to load resource: net::ERR_CONNECTION_REFUSED @ http://localhost:18501/_stcore/health:0
[11584287ms] [ERROR] Client Error in reaching server endpoint - No response received when attempting to reach /_stcore/health @ http://localhost:18501/static/js/index.k-9rUdPI.js:19
[11584287ms] [ERROR] Is Streamlit still running? If you accidentally stopped Streamlit, just restart it in your terminal: @ http://localhost:18501/static/js/index.k-9rUdPI.js:24
[11584287ms] [ERROR] Failed to load resource: net::ERR_CONNECTION_REFUSED @ http://localhost:18501/_stcore/host-config:0
[11588619ms] [ERROR] Failed to load resource: net::ERR_CONNECTION_REFUSED @ http://localhost:18501/_stcore/health:0
[11588619ms] [ERROR] Client Error in reaching server endpoint - No response received when attempting to reach /_stcore/health @ http://localhost:18501/static/js/index.k-9rUdPI.js:19
[11588619ms] [ERROR] Is Streamlit still running? If you accidentally stopped Streamlit, just restart it in your terminal: @ http://localhost:18501/static/js/index.k-9rUdPI.js:24
[11588619ms] [ERROR] Failed to load resource: net::ERR_CONNECTION_REFUSED @ http://localhost:18501/_stcore/host-config:0
[11592941ms] [ERROR] Failed to load resource: net::ERR_CONNECTION_REFUSED @ http://localhost:18501/_stcore/health:0
[11592941ms] [ERROR] Client Error in reaching server endpoint - No response received when attempting to reach /_stcore/health @ http://localhost:18501/static/js/index.k-9rUdPI.js:19
[11592942ms] [ERROR] Is Streamlit still running? If you accidentally stopped Streamlit, just restart it in your terminal: @ http://localhost:18501/static/js/index.k-9rUdPI.js:24
[11592943ms] [ERROR] Failed to load resource: net::ERR_CONNECTION_REFUSED @ http://localhost:18501/_stcore/host-config:0
[11597263ms] [ERROR] Failed to load resource: net::ERR_CONNECTION_REFUSED @ http://localhost:18501/_stcore/health:0
[11597263ms] [ERROR] Client Error in reaching server endpoint - No response received when attempting to reach /_stcore/health @ http://localhost:18501/static/js/index.k-9rUdPI.js:19
[11597263ms] [ERROR] Is Streamlit still running? If you accidentally stopped Streamlit, just restart it in your terminal: @ http://localhost:18501/static/js/index.k-9rUdPI.js:24
[11597263ms] [ERROR] Failed to load resource: net::ERR_CONNECTION_REFUSED @ http://localhost:18501/_stcore/host-config:0
[11601583ms] [ERROR] Failed to load resource: net::ERR_CONNECTION_REFUSED @ http://localhost:18501/_stcore/health:0
[11601583ms] [ERROR] Client Error in reaching server endpoint - No response received when attempting to reach /_stcore/health @ http://localhost:18501/static/js/index.k-9rUdPI.js:19
[11601584ms] [ERROR] Is Streamlit still running? If you accidentally stopped Streamlit, just restart it in your terminal: @ http://localhost:18501/static/js/index.k-9rUdPI.js:24
[11601584ms] [ERROR] Failed to load resource: net::ERR_CONNECTION_REFUSED @ http://localhost:18501/_stcore/host-config:0
[11605904ms] [ERROR] Failed to load resource: net::ERR_CONNECTION_REFUSED @ http://localhost:18501/_stcore/health:0
[11605904ms] [ERROR] Client Error in reaching server endpoint - No response received when attempting to reach /_stcore/health @ http://localhost:18501/static/js/index.k-9rUdPI.js:19
[11605904ms] [ERROR] Is Streamlit still running? If you accidentally stopped Streamlit, just restart it in your terminal: @ http://localhost:18501/static/js/index.k-9rUdPI.js:24
[11605906ms] [ERROR] Failed to load resource: net::ERR_CONNECTION_REFUSED @ http://localhost:18501/_stcore/host-config:0
[11610233ms] [ERROR] Failed to load resource: net::ERR_CONNECTION_REFUSED @ http://localhost:18501/_stcore/health:0
[11610233ms] [ERROR] Client Error in reaching server endpoint - No response received when attempting to reach /_stcore/health @ http://localhost:18501/static/js/index.k-9rUdPI.js:19
[11610233ms] [ERROR] Is Streamlit still running? If you accidentally stopped Streamlit, just restart it in your terminal: @ http://localhost:18501/static/js/index.k-9rUdPI.js:24
[11610233ms] [ERROR] Failed to load resource: net::ERR_CONNECTION_REFUSED @ http://localhost:18501/_stcore/host-config:0
[11614553ms] [ERROR] Failed to load resource: net::ERR_CONNECTION_REFUSED @ http://localhost:18501/_stcore/health:0
[11614553ms] [ERROR] Client Error in reaching server endpoint - No response received when attempting to reach /_stcore/health @ http://localhost:18501/static/js/index.k-9rUdPI.js:19
[11614553ms] [ERROR] Is Streamlit still running? If you accidentally stopped Streamlit, just restart it in your terminal: @ http://localhost:18501/static/js/index.k-9rUdPI.js:24
[11614553ms] [ERROR] Failed to load resource: net::ERR_CONNECTION_REFUSED @ http://localhost:18501/_stcore/host-config:0
[11618888ms] [ERROR] Failed to load resource: net::ERR_CONNECTION_REFUSED @ http://localhost:18501/_stcore/health:0
[11618888ms] [ERROR] Client Error in reaching server endpoint - No response received when attempting to reach /_stcore/health @ http://localhost:18501/static/js/index.k-9rUdPI.js:19
[11618888ms] [ERROR] Is Streamlit still running? If you accidentally stopped Streamlit, just restart it in your terminal: @ http://localhost:18501/static/js/index.k-9rUdPI.js:24
[11618888ms] [ERROR] Failed to load resource: net::ERR_CONNECTION_REFUSED @ http://localhost:18501/_stcore/host-config:0
[11623213ms] [ERROR] Failed to load resource: net::ERR_CONNECTION_REFUSED @ http://localhost:18501/_stcore/health:0
[11623213ms] [ERROR] Client Error in reaching server endpoint - No response received when attempting to reach /_stcore/health @ http://localhost:18501/static/js/index.k-9rUdPI.js:19
[11623214ms] [ERROR] Is Streamlit still running? If you accidentally stopped Streamlit, just restart it in your terminal: @ http://localhost:18501/static/js/index.k-9rUdPI.js:24
[11623214ms] [ERROR] Failed to load resource: net::ERR_CONNECTION_REFUSED @ http://localhost:18501/_stcore/host-config:0
[11627541ms] [ERROR] Failed to load resource: net::ERR_CONNECTION_REFUSED @ http://localhost:18501/_stcore/health:0
[11627541ms] [ERROR] Client Error in reaching server endpoint - No response received when attempting to reach /_stcore/health @ http://localhost:18501/static/js/index.k-9rUdPI.js:19
[11627541ms] [ERROR] Is Streamlit still running? If you accidentally stopped Streamlit, just restart it in your terminal: @ http://localhost:18501/static/js/index.k-9rUdPI.js:24
[11627541ms] [ERROR] Failed to load resource: net::ERR_CONNECTION_REFUSED @ http://localhost:18501/_stcore/host-config:0
[11631865ms] [ERROR] Failed to load resource: net::ERR_CONNECTION_REFUSED @ http://localhost:18501/_stcore/health:0
[11631865ms] [ERROR] Client Error in reaching server endpoint - No response received when attempting to reach /_stcore/health @ http://localhost:18501/static/js/index.k-9rUdPI.js:19
[11631866ms] [ERROR] Is Streamlit still running? If you accidentally stopped Streamlit, just restart it in your terminal: @ http://localhost:18501/static/js/index.k-9rUdPI.js:24
[11631866ms] [ERROR] Failed to load resource: net::ERR_CONNECTION_REFUSED @ http://localhost:18501/_stcore/host-config:0
[11636183ms] [ERROR] Failed to load resource: net::ERR_CONNECTION_REFUSED @ http://localhost:18501/_stcore/health:0
[11636183ms] [ERROR] Client Error in reaching server endpoint - No response received when attempting to reach /_stcore/health @ http://localhost:18501/static/js/index.k-9rUdPI.js:19
[11636184ms] [ERROR] Is Streamlit still running? If you accidentally stopped Streamlit, just restart it in your terminal: @ http://localhost:18501/static/js/index.k-9rUdPI.js:24
[11636209ms] [ERROR] Failed to load resource: net::ERR_CONNECTION_REFUSED @ http://localhost:18501/_stcore/host-config:0
[11640526ms] [ERROR] Failed to load resource: net::ERR_CONNECTION_REFUSED @ http://localhost:18501/_stcore/health:0
[11640526ms] [ERROR] Client Error in reaching server endpoint - No response received when attempting to reach /_stcore/health @ http://localhost:18501/static/js/index.k-9rUdPI.js:19
[11640526ms] [ERROR] Is Streamlit still running? If you accidentally stopped Streamlit, just restart it in your terminal: @ http://localhost:18501/static/js/index.k-9rUdPI.js:24
[11640543ms] [ERROR] Failed to load resource: net::ERR_CONNECTION_REFUSED @ http://localhost:18501/_stcore/host-config:0
[11644863ms] [ERROR] Failed to load resource: net::ERR_CONNECTION_REFUSED @ http://localhost:18501/_stcore/health:0
[11644863ms] [ERROR] Client Error in reaching server endpoint - No response received when attempting to reach /_stcore/health @ http://localhost:18501/static/js/index.k-9rUdPI.js:19
[11644863ms] [ERROR] Is Streamlit still running? If you accidentally stopped Streamlit, just restart it in your terminal: @ http://localhost:18501/static/js/index.k-9rUdPI.js:24
[11644883ms] [ERROR] Failed to load resource: net::ERR_CONNECTION_REFUSED @ http://localhost:18501/_stcore/host-config:0
[11649183ms] [ERROR] Failed to load resource: net::ERR_CONNECTION_REFUSED @ http://localhost:18501/_stcore/health:0
[11649183ms] [ERROR] Client Error in reaching server endpoint - No response received when attempting to reach /_stcore/health @ http://localhost:18501/static/js/index.k-9rUdPI.js:19
[11649183ms] [ERROR] Is Streamlit still running? If you accidentally stopped Streamlit, just restart it in your terminal: @ http://localhost:18501/static/js/index.k-9rUdPI.js:24
[11649210ms] [ERROR] Failed to load resource: net::ERR_CONNECTION_REFUSED @ http://localhost:18501/_stcore/host-config:0
[11653510ms] [ERROR] Failed to load resource: net::ERR_CONNECTION_REFUSED @ http://localhost:18501/_stcore/health:0
[11653510ms] [ERROR] Client Error in reaching server endpoint - No response received when attempting to reach /_stcore/health @ http://localhost:18501/static/js/index.k-9rUdPI.js:19
[11653511ms] [ERROR] Is Streamlit still running? If you accidentally stopped Streamlit, just restart it in your terminal: @ http://localhost:18501/static/js/index.k-9rUdPI.js:24
[11653511ms] [ERROR] Failed to load resource: net::ERR_CONNECTION_REFUSED @ http://localhost:18501/_stcore/host-config:0
[11657825ms] [ERROR] Failed to load resource: net::ERR_CONNECTION_REFUSED @ http://localhost:18501/_stcore/health:0
[11657826ms] [ERROR] Client Error in reaching server endpoint - No response received when attempting to reach /_stcore/health @ http://localhost:18501/static/js/index.k-9rUdPI.js:19
[11657826ms] [ERROR] Is Streamlit still running? If you accidentally stopped Streamlit, just restart it in your terminal: @ http://localhost:18501/static/js/index.k-9rUdPI.js:24
[11657851ms] [ERROR] Failed to load resource: net::ERR_CONNECTION_REFUSED @ http://localhost:18501/_stcore/host-config:0
[11662154ms] [ERROR] Failed to load resource: net::ERR_CONNECTION_REFUSED @ http://localhost:18501/_stcore/health:0
[11662154ms] [ERROR] Client Error in reaching server endpoint - No response received when attempting to reach /_stcore/health @ http://localhost:18501/static/js/index.k-9rUdPI.js:19
[11662154ms] [ERROR] Is Streamlit still running? If you accidentally stopped Streamlit, just restart it in your terminal: @ http://localhost:18501/static/js/index.k-9rUdPI.js:24
[11662183ms] [ERROR] Failed to load resource: net::ERR_CONNECTION_REFUSED @ http://localhost:18501/_stcore/host-config:0
[11666474ms] [ERROR] Failed to load resource: net::ERR_CONNECTION_REFUSED @ http://localhost:18501/_stcore/health:0
[11666474ms] [ERROR] Client Error in reaching server endpoint - No response received when attempting to reach /_stcore/health @ http://localhost:18501/static/js/index.k-9rUdPI.js:19
[11666474ms] [ERROR] Is Streamlit still running? If you accidentally stopped Streamlit, just restart it in your terminal: @ http://localhost:18501/static/js/index.k-9rUdPI.js:24
[11666474ms] [ERROR] Failed to load resource: net::ERR_CONNECTION_REFUSED @ http://localhost:18501/_stcore/host-config:0
[11670798ms] [ERROR] Failed to load resource: net::ERR_CONNECTION_REFUSED @ http://localhost:18501/_stcore/health:0
[11670798ms] [ERROR] Client Error in reaching server endpoint - No response received when attempting to reach /_stcore/health @ http://localhost:18501/static/js/index.k-9rUdPI.js:19
[11670799ms] [ERROR] Is Streamlit still running? If you accidentally stopped Streamlit, just restart it in your terminal: @ http://localhost:18501/static/js/index.k-9rUdPI.js:24
[11670817ms] [ERROR] Failed to load resource: net::ERR_CONNECTION_REFUSED @ http://localhost:18501/_stcore/host-config:0
[11675121ms] [ERROR] Failed to load resource: net::ERR_CONNECTION_REFUSED @ http://localhost:18501/_stcore/health:0
[11675121ms] [ERROR] Client Error in reaching server endpoint - No response received when attempting to reach /_stcore/health @ http://localhost:18501/static/js/index.k-9rUdPI.js:19
[11675121ms] [ERROR] Is Streamlit still running? If you accidentally stopped Streamlit, just restart it in your terminal: @ http://localhost:18501/static/js/index.k-9rUdPI.js:24
[11675121ms] [ERROR] Failed to load resource: net::ERR_CONNECTION_REFUSED @ http://localhost:18501/_stcore/host-config:0
[11679439ms] [ERROR] Failed to load resource: net::ERR_CONNECTION_REFUSED @ http://localhost:18501/_stcore/health:0
[11679439ms] [ERROR] Client Error in reaching server endpoint - No response received when attempting to reach /_stcore/health @ http://localhost:18501/static/js/index.k-9rUdPI.js:19
[11679439ms] [ERROR] Is Streamlit still running? If you accidentally stopped Streamlit, just restart it in your terminal: @ http://localhost:18501/static/js/index.k-9rUdPI.js:24
[11679440ms] [ERROR] Failed to load resource: net::ERR_CONNECTION_REFUSED @ http://localhost:18501/_stcore/host-config:0
[11683769ms] [ERROR] Failed to load resource: net::ERR_CONNECTION_REFUSED @ http://localhost:18501/_stcore/health:0
[11683769ms] [ERROR] Client Error in reaching server endpoint - No response received when attempting to reach /_stcore/health @ http://localhost:18501/static/js/index.k-9rUdPI.js:19
[11683769ms] [ERROR] Is Streamlit still running? If you accidentally stopped Streamlit, just restart it in your terminal: @ http://localhost:18501/static/js/index.k-9rUdPI.js:24
[11683798ms] [ERROR] Failed to load resource: net::ERR_CONNECTION_REFUSED @ http://localhost:18501/_stcore/host-config:0
[11688092ms] [ERROR] Failed to load resource: net::ERR_CONNECTION_REFUSED @ http://localhost:18501/_stcore/health:0
[11688093ms] [ERROR] Client Error in reaching server endpoint - No response received when attempting to reach /_stcore/health @ http://localhost:18501/static/js/index.k-9rUdPI.js:19
[11688093ms] [ERROR] Is Streamlit still running? If you accidentally stopped Streamlit, just restart it in your terminal: @ http://localhost:18501/static/js/index.k-9rUdPI.js:24
[11688093ms] [ERROR] Failed to load resource: net::ERR_CONNECTION_REFUSED @ http://localhost:18501/_stcore/host-config:0
[11692414ms] [ERROR] Failed to load resource: net::ERR_CONNECTION_REFUSED @ http://localhost:18501/_stcore/health:0
[11692414ms] [ERROR] Client Error in reaching server endpoint - No response received when attempting to reach /_stcore/health @ http://localhost:18501/static/js/index.k-9rUdPI.js:19
[11692414ms] [ERROR] Is Streamlit still running? If you accidentally stopped Streamlit, just restart it in your terminal: @ http://localhost:18501/static/js/index.k-9rUdPI.js:24
[11692414ms] [ERROR] Failed to load resource: net::ERR_CONNECTION_REFUSED @ http://localhost:18501/_stcore/host-config:0
[11696743ms] [ERROR] Failed to load resource: net::ERR_CONNECTION_REFUSED @ http://localhost:18501/_stcore/health:0
[11696743ms] [ERROR] Client Error in reaching server endpoint - No response received when attempting to reach /_stcore/health @ http://localhost:18501/static/js/index.k-9rUdPI.js:19
[11696743ms] [ERROR] Is Streamlit still running? If you accidentally stopped Streamlit, just restart it in your terminal: @ http://localhost:18501/static/js/index.k-9rUdPI.js:24
[11696743ms] [ERROR] Failed to load resource: net::ERR_CONNECTION_REFUSED @ http://localhost:18501/_stcore/host-config:0
[11701087ms] [ERROR] Failed to load resource: net::ERR_CONNECTION_REFUSED @ http://localhost:18501/_stcore/health:0
[11701087ms] [ERROR] Client Error in reaching server endpoint - No response received when attempting to reach /_stcore/health @ http://localhost:18501/static/js/index.k-9rUdPI.js:19
[11701087ms] [ERROR] Is Streamlit still running? If you accidentally stopped Streamlit, just restart it in your terminal: @ http://localhost:18501/static/js/index.k-9rUdPI.js:24
[11701087ms] [ERROR] Failed to load resource: net::ERR_CONNECTION_REFUSED @ http://localhost:18501/_stcore/host-config:0
[11705405ms] [ERROR] Failed to load resource: net::ERR_CONNECTION_REFUSED @ http://localhost:18501/_stcore/health:0
[11705405ms] [ERROR] Client Error in reaching server endpoint - No response received when attempting to reach /_stcore/health @ http://localhost:18501/static/js/index.k-9rUdPI.js:19
[11705405ms] [ERROR] Is Streamlit still running? If you accidentally stopped Streamlit, just restart it in your terminal: @ http://localhost:18501/static/js/index.k-9rUdPI.js:24
[11705405ms] [ERROR] Failed to load resource: net::ERR_CONNECTION_REFUSED @ http://localhost:18501/_stcore/host-config:0
[11709729ms] [ERROR] Failed to load resource: net::ERR_CONNECTION_REFUSED @ http://localhost:18501/_stcore/health:0
[11709730ms] [ERROR] Client Error in reaching server endpoint - No response received when attempting to reach /_stcore/health @ http://localhost:18501/static/js/index.k-9rUdPI.js:19
[11709730ms] [ERROR] Is Streamlit still running? If you accidentally stopped Streamlit, just restart it in your terminal: @ http://localhost:18501/static/js/index.k-9rUdPI.js:24
[11709730ms] [ERROR] Failed to load resource: net::ERR_CONNECTION_REFUSED @ http://localhost:18501/_stcore/host-config:0
[11714041ms] [ERROR] Failed to load resource: net::ERR_CONNECTION_REFUSED @ http://localhost:18501/_stcore/health:0
[11714041ms] [ERROR] Client Error in reaching server endpoint - No response received when attempting to reach /_stcore/health @ http://localhost:18501/static/js/index.k-9rUdPI.js:19
[11714041ms] [ERROR] Is Streamlit still running? If you accidentally stopped Streamlit, just restart it in your terminal: @ http://localhost:18501/static/js/index.k-9rUdPI.js:24
[11714064ms] [ERROR] Failed to load resource: net::ERR_CONNECTION_REFUSED @ http://localhost:18501/_stcore/host-config:0
[11718359ms] [ERROR] Failed to load resource: net::ERR_CONNECTION_REFUSED @ http://localhost:18501/_stcore/health:0
[11718359ms] [ERROR] Client Error in reaching server endpoint - No response received when attempting to reach /_stcore/health @ http://localhost:18501/static/js/index.k-9rUdPI.js:19
[11718359ms] [ERROR] Is Streamlit still running? If you accidentally stopped Streamlit, just restart it in your terminal: @ http://localhost:18501/static/js/index.k-9rUdPI.js:24
[11718360ms] [ERROR] Failed to load resource: net::ERR_CONNECTION_REFUSED @ http://localhost:18501/_stcore/host-config:0
[11722686ms] [ERROR] Failed to load resource: net::ERR_CONNECTION_REFUSED @ http://localhost:18501/_stcore/health:0
[11722687ms] [ERROR] Client Error in reaching server endpoint - No response received when attempting to reach /_stcore/health @ http://localhost:18501/static/js/index.k-9rUdPI.js:19
[11722687ms] [ERROR] Is Streamlit still running? If you accidentally stopped Streamlit, just restart it in your terminal: @ http://localhost:18501/static/js/index.k-9rUdPI.js:24
[11722688ms] [ERROR] Failed to load resource: net::ERR_CONNECTION_REFUSED @ http://localhost:18501/_stcore/host-config:0
[11727015ms] [ERROR] Failed to load resource: net::ERR_CONNECTION_REFUSED @ http://localhost:18501/_stcore/health:0
[11727015ms] [ERROR] Client Error in reaching server endpoint - No response received when attempting to reach /_stcore/health @ http://localhost:18501/static/js/index.k-9rUdPI.js:19
[11727015ms] [ERROR] Is Streamlit still running? If you accidentally stopped Streamlit, just restart it in your terminal: @ http://localhost:18501/static/js/index.k-9rUdPI.js:24
[11727015ms] [ERROR] Failed to load resource: net::ERR_CONNECTION_REFUSED @ http://localhost:18501/_stcore/host-config:0
[11731338ms] [ERROR] Failed to load resource: net::ERR_CONNECTION_REFUSED @ http://localhost:18501/_stcore/health:0
[11731338ms] [ERROR] Client Error in reaching server endpoint - No response received when attempting to reach /_stcore/health @ http://localhost:18501/static/js/index.k-9rUdPI.js:19
[11731338ms] [ERROR] Is Streamlit still running? If you accidentally stopped Streamlit, just restart it in your terminal: @ http://localhost:18501/static/js/index.k-9rUdPI.js:24
[11731339ms] [ERROR] Failed to load resource: net::ERR_CONNECTION_REFUSED @ http://localhost:18501/_stcore/host-config:0
[11735682ms] [ERROR] Failed to load resource: net::ERR_CONNECTION_REFUSED @ http://localhost:18501/_stcore/health:0
[11735682ms] [ERROR] Client Error in reaching server endpoint - No response received when attempting to reach /_stcore/health @ http://localhost:18501/static/js/index.k-9rUdPI.js:19
[11735682ms] [ERROR] Is Streamlit still running? If you accidentally stopped Streamlit, just restart it in your terminal: @ http://localhost:18501/static/js/index.k-9rUdPI.js:24
[11735682ms] [ERROR] Failed to load resource: net::ERR_CONNECTION_REFUSED @ http://localhost:18501/_stcore/host-config:0
[11740005ms] [ERROR] Failed to load resource: net::ERR_CONNECTION_REFUSED @ http://localhost:18501/_stcore/health:0
[11740005ms] [ERROR] Client Error in reaching server endpoint - No response received when attempting to reach /_stcore/health @ http://localhost:18501/static/js/index.k-9rUdPI.js:19
[11740005ms] [ERROR] Is Streamlit still running? If you accidentally stopped Streamlit, just restart it in your terminal: @ http://localhost:18501/static/js/index.k-9rUdPI.js:24
[11740029ms] [ERROR] Failed to load resource: net::ERR_CONNECTION_REFUSED @ http://localhost:18501/_stcore/host-config:0
[11744329ms] [ERROR] Failed to load resource: net::ERR_CONNECTION_REFUSED @ http://localhost:18501/_stcore/health:0
[11744329ms] [ERROR] Client Error in reaching server endpoint - No response received when attempting to reach /_stcore/health @ http://localhost:18501/static/js/index.k-9rUdPI.js:19
[11744329ms] [ERROR] Is Streamlit still running? If you accidentally stopped Streamlit, just restart it in your terminal: @ http://localhost:18501/static/js/index.k-9rUdPI.js:24
[11744329ms] [ERROR] Failed to load resource: net::ERR_CONNECTION_REFUSED @ http://localhost:18501/_stcore/host-config:0
[11748649ms] [ERROR] Failed to load resource: net::ERR_CONNECTION_REFUSED @ http://localhost:18501/_stcore/health:0
[11748649ms] [ERROR] Client Error in reaching server endpoint - No response received when attempting to reach /_stcore/health @ http://localhost:18501/static/js/index.k-9rUdPI.js:19
[11748650ms] [ERROR] Is Streamlit still running? If you accidentally stopped Streamlit, just restart it in your terminal: @ http://localhost:18501/static/js/index.k-9rUdPI.js:24
[11748650ms] [ERROR] Failed to load resource: net::ERR_CONNECTION_REFUSED @ http://localhost:18501/_stcore/host-config:0
[11752976ms] [ERROR] Failed to load resource: net::ERR_CONNECTION_REFUSED @ http://localhost:18501/_stcore/health:0
[11752976ms] [ERROR] Client Error in reaching server endpoint - No response received when attempting to reach /_stcore/health @ http://localhost:18501/static/js/index.k-9rUdPI.js:19
[11752976ms] [ERROR] Is Streamlit still running? If you accidentally stopped Streamlit, just restart it in your terminal: @ http://localhost:18501/static/js/index.k-9rUdPI.js:24
[11753000ms] [ERROR] Failed to load resource: net::ERR_CONNECTION_REFUSED @ http://localhost:18501/_stcore/host-config:0
[11757302ms] [ERROR] Failed to load resource: net::ERR_CONNECTION_REFUSED @ http://localhost:18501/_stcore/health:0
[11757302ms] [ERROR] Client Error in reaching server endpoint - No response received when attempting to reach /_stcore/health @ http://localhost:18501/static/js/index.k-9rUdPI.js:19
[11757302ms] [ERROR] Is Streamlit still running? If you accidentally stopped Streamlit, just restart it in your terminal: @ http://localhost:18501/static/js/index.k-9rUdPI.js:24
[11757327ms] [ERROR] Failed to load resource: net::ERR_CONNECTION_REFUSED @ http://localhost:18501/_stcore/host-config:0
[11761620ms] [ERROR] Failed to load resource: net::ERR_CONNECTION_REFUSED @ http://localhost:18501/_stcore/health:0
[11761620ms] [ERROR] Client Error in reaching server endpoint - No response received when attempting to reach /_stcore/health @ http://localhost:18501/static/js/index.k-9rUdPI.js:19
[11761620ms] [ERROR] Is Streamlit still running? If you accidentally stopped Streamlit, just restart it in your terminal: @ http://localhost:18501/static/js/index.k-9rUdPI.js:24
[11761620ms] [ERROR] Failed to load resource: net::ERR_CONNECTION_REFUSED @ http://localhost:18501/_stcore/host-config:0
[11765947ms] [ERROR] Failed to load resource: net::ERR_CONNECTION_REFUSED @ http://localhost:18501/_stcore/health:0
[11765947ms] [ERROR] Client Error in reaching server endpoint - No response received when attempting to reach /_stcore/health @ http://localhost:18501/static/js/index.k-9rUdPI.js:19
[11765947ms] [ERROR] Is Streamlit still running? If you accidentally stopped Streamlit, just restart it in your terminal: @ http://localhost:18501/static/js/index.k-9rUdPI.js:24
[11765965ms] [ERROR] Failed to load resource: net::ERR_CONNECTION_REFUSED @ http://localhost:18501/_stcore/host-config:0
[11770275ms] [ERROR] Failed to load resource: net::ERR_CONNECTION_REFUSED @ http://localhost:18501/_stcore/health:0
[11770275ms] [ERROR] Client Error in reaching server endpoint - No response received when attempting to reach /_stcore/health @ http://localhost:18501/static/js/index.k-9rUdPI.js:19
[11770275ms] [ERROR] Is Streamlit still running? If you accidentally stopped Streamlit, just restart it in your terminal: @ http://localhost:18501/static/js/index.k-9rUdPI.js:24
[11770300ms] [ERROR] Failed to load resource: net::ERR_CONNECTION_REFUSED @ http://localhost:18501/_stcore/host-config:0
[11774601ms] [ERROR] Failed to load resource: net::ERR_CONNECTION_REFUSED @ http://localhost:18501/_stcore/health:0
[11774601ms] [ERROR] Client Error in reaching server endpoint - No response received when attempting to reach /_stcore/health @ http://localhost:18501/static/js/index.k-9rUdPI.js:19
[11774602ms] [ERROR] Is Streamlit still running? If you accidentally stopped Streamlit, just restart it in your terminal: @ http://localhost:18501/static/js/index.k-9rUdPI.js:24
[11774602ms] [ERROR] Failed to load resource: net::ERR_CONNECTION_REFUSED @ http://localhost:18501/_stcore/host-config:0
[11778923ms] [ERROR] Failed to load resource: net::ERR_CONNECTION_REFUSED @ http://localhost:18501/_stcore/health:0
[11778923ms] [ERROR] Client Error in reaching server endpoint - No response received when attempting to reach /_stcore/health @ http://localhost:18501/static/js/index.k-9rUdPI.js:19
[11778923ms] [ERROR] Is Streamlit still running? If you accidentally stopped Streamlit, just restart it in your terminal: @ http://localhost:18501/static/js/index.k-9rUdPI.js:24
[11778923ms] [ERROR] Failed to load resource: net::ERR_CONNECTION_REFUSED @ http://localhost:18501/_stcore/host-config:0
[11783245ms] [ERROR] Failed to load resource: net::ERR_CONNECTION_REFUSED @ http://localhost:18501/_stcore/health:0
[11783245ms] [ERROR] Client Error in reaching server endpoint - No response received when attempting to reach /_stcore/health @ http://localhost:18501/static/js/index.k-9rUdPI.js:19
[11783245ms] [ERROR] Is Streamlit still running? If you accidentally stopped Streamlit, just restart it in your terminal: @ http://localhost:18501/static/js/index.k-9rUdPI.js:24
[11783245ms] [ERROR] Failed to load resource: net::ERR_CONNECTION_REFUSED @ http://localhost:18501/_stcore/host-config:0
[11787584ms] [ERROR] Failed to load resource: net::ERR_CONNECTION_REFUSED @ http://localhost:18501/_stcore/health:0
[11787585ms] [ERROR] Client Error in reaching server endpoint - No response received when attempting to reach /_stcore/health @ http://localhost:18501/static/js/index.k-9rUdPI.js:19
[11787585ms] [ERROR] Is Streamlit still running? If you accidentally stopped Streamlit, just restart it in your terminal: @ http://localhost:18501/static/js/index.k-9rUdPI.js:24
[11787586ms] [ERROR] Failed to load resource: net::ERR_CONNECTION_REFUSED @ http://localhost:18501/_stcore/host-config:0
[11791911ms] [ERROR] Failed to load resource: net::ERR_CONNECTION_REFUSED @ http://localhost:18501/_stcore/health:0
[11791912ms] [ERROR] Client Error in reaching server endpoint - No response received when attempting to reach /_stcore/health @ http://localhost:18501/static/js/index.k-9rUdPI.js:19
[11791912ms] [ERROR] Is Streamlit still running? If you accidentally stopped Streamlit, just restart it in your terminal: @ http://localhost:18501/static/js/index.k-9rUdPI.js:24
[11791933ms] [ERROR] Failed to load resource: net::ERR_CONNECTION_REFUSED @ http://localhost:18501/_stcore/host-config:0
[11796237ms] [ERROR] Failed to load resource: net::ERR_CONNECTION_REFUSED @ http://localhost:18501/_stcore/health:0
[11796237ms] [ERROR] Client Error in reaching server endpoint - No response received when attempting to reach /_stcore/health @ http://localhost:18501/static/js/index.k-9rUdPI.js:19
[11796237ms] [ERROR] Is Streamlit still running? If you accidentally stopped Streamlit, just restart it in your terminal: @ http://localhost:18501/static/js/index.k-9rUdPI.js:24
[11796265ms] [ERROR] Failed to load resource: net::ERR_CONNECTION_REFUSED @ http://localhost:18501/_stcore/host-config:0
[11800565ms] [ERROR] Failed to load resource: net::ERR_CONNECTION_REFUSED @ http://localhost:18501/_stcore/health:0
[11800565ms] [ERROR] Client Error in reaching server endpoint - No response received when attempting to reach /_stcore/health @ http://localhost:18501/static/js/index.k-9rUdPI.js:19
[11800566ms] [ERROR] Is Streamlit still running? If you accidentally stopped Streamlit, just restart it in your terminal: @ http://localhost:18501/static/js/index.k-9rUdPI.js:24
[11800566ms] [ERROR] Failed to load resource: net::ERR_CONNECTION_REFUSED @ http://localhost:18501/_stcore/host-config:0
[11804894ms] [ERROR] Failed to load resource: net::ERR_CONNECTION_REFUSED @ http://localhost:18501/_stcore/health:0
[11804894ms] [ERROR] Client Error in reaching server endpoint - No response received when attempting to reach /_stcore/health @ http://localhost:18501/static/js/index.k-9rUdPI.js:19
[11804894ms] [ERROR] Is Streamlit still running? If you accidentally stopped Streamlit, just restart it in your terminal: @ http://localhost:18501/static/js/index.k-9rUdPI.js:24
[11804895ms] [ERROR] Failed to load resource: net::ERR_CONNECTION_REFUSED @ http://localhost:18501/_stcore/host-config:0
[11809215ms] [ERROR] Failed to load resource: net::ERR_CONNECTION_REFUSED @ http://localhost:18501/_stcore/health:0
[11809216ms] [ERROR] Client Error in reaching server endpoint - No response received when attempting to reach /_stcore/health @ http://localhost:18501/static/js/index.k-9rUdPI.js:19
[11809216ms] [ERROR] Is Streamlit still running? If you accidentally stopped Streamlit, just restart it in your terminal: @ http://localhost:18501/static/js/index.k-9rUdPI.js:24
[11809216ms] [ERROR] Failed to load resource: net::ERR_CONNECTION_REFUSED @ http://localhost:18501/_stcore/host-config:0
[11813541ms] [ERROR] Failed to load resource: net::ERR_CONNECTION_REFUSED @ http://localhost:18501/_stcore/health:0
[11813541ms] [ERROR] Client Error in reaching server endpoint - No response received when attempting to reach /_stcore/health @ http://localhost:18501/static/js/index.k-9rUdPI.js:19
[11813541ms] [ERROR] Is Streamlit still running? If you accidentally stopped Streamlit, just restart it in your terminal: @ http://localhost:18501/static/js/index.k-9rUdPI.js:24
[11813542ms] [ERROR] Failed to load resource: net::ERR_CONNECTION_REFUSED @ http://localhost:18501/_stcore/host-config:0
[11817859ms] [ERROR] Failed to load resource: net::ERR_CONNECTION_REFUSED @ http://localhost:18501/_stcore/health:0
[11817860ms] [ERROR] Client Error in reaching server endpoint - No response received when attempting to reach /_stcore/health @ http://localhost:18501/static/js/index.k-9rUdPI.js:19
[11817860ms] [ERROR] Is Streamlit still running? If you accidentally stopped Streamlit, just restart it in your terminal: @ http://localhost:18501/static/js/index.k-9rUdPI.js:24
[11817883ms] [ERROR] Failed to load resource: net::ERR_CONNECTION_REFUSED @ http://localhost:18501/_stcore/host-config:0
[11822190ms] [ERROR] Failed to load resource: net::ERR_CONNECTION_REFUSED @ http://localhost:18501/_stcore/health:0
[11822190ms] [ERROR] Client Error in reaching server endpoint - No response received when attempting to reach /_stcore/health @ http://localhost:18501/static/js/index.k-9rUdPI.js:19
[11822190ms] [ERROR] Is Streamlit still running? If you accidentally stopped Streamlit, just restart it in your terminal: @ http://localhost:18501/static/js/index.k-9rUdPI.js:24
[11822190ms] [ERROR] Failed to load resource: net::ERR_CONNECTION_REFUSED @ http://localhost:18501/_stcore/host-config:0
[11826525ms] [ERROR] Failed to load resource: net::ERR_CONNECTION_REFUSED @ http://localhost:18501/_stcore/health:0
[11826525ms] [ERROR] Client Error in reaching server endpoint - No response received when attempting to reach /_stcore/health @ http://localhost:18501/static/js/index.k-9rUdPI.js:19
[11826526ms] [ERROR] Is Streamlit still running? If you accidentally stopped Streamlit, just restart it in your terminal: @ http://localhost:18501/static/js/index.k-9rUdPI.js:24
[11826550ms] [ERROR] Failed to load resource: net::ERR_CONNECTION_REFUSED @ http://localhost:18501/_stcore/host-config:0
[11830882ms] [ERROR] Failed to load resource: net::ERR_CONNECTION_REFUSED @ http://localhost:18501/_stcore/health:0
[11830882ms] [ERROR] Client Error in reaching server endpoint - No response received when attempting to reach /_stcore/health @ http://localhost:18501/static/js/index.k-9rUdPI.js:19
[11830882ms] [ERROR] Is Streamlit still running? If you accidentally stopped Streamlit, just restart it in your terminal: @ http://localhost:18501/static/js/index.k-9rUdPI.js:24
[11830882ms] [ERROR] Failed to load resource: net::ERR_CONNECTION_REFUSED @ http://localhost:18501/_stcore/host-config:0
[11835198ms] [ERROR] Failed to load resource: net::ERR_CONNECTION_REFUSED @ http://localhost:18501/_stcore/health:0
[11835198ms] [ERROR] Client Error in reaching server endpoint - No response received when attempting to reach /_stcore/health @ http://localhost:18501/static/js/index.k-9rUdPI.js:19
[11835198ms] [ERROR] Is Streamlit still running? If you accidentally stopped Streamlit, just restart it in your terminal: @ http://localhost:18501/static/js/index.k-9rUdPI.js:24
[11835199ms] [ERROR] Failed to load resource: net::ERR_CONNECTION_REFUSED @ http://localhost:18501/_stcore/host-config:0
[11839517ms] [ERROR] Failed to load resource: net::ERR_CONNECTION_REFUSED @ http://localhost:18501/_stcore/health:0
[11839517ms] [ERROR] Client Error in reaching server endpoint - No response received when attempting to reach /_stcore/health @ http://localhost:18501/static/js/index.k-9rUdPI.js:19
[11839517ms] [ERROR] Is Streamlit still running? If you accidentally stopped Streamlit, just restart it in your terminal: @ http://localhost:18501/static/js/index.k-9rUdPI.js:24
[11839517ms] [ERROR] Failed to load resource: net::ERR_CONNECTION_REFUSED @ http://localhost:18501/_stcore/host-config:0
[11843845ms] [ERROR] Failed to load resource: net::ERR_CONNECTION_REFUSED @ http://localhost:18501/_stcore/health:0
[11843845ms] [ERROR] Client Error in reaching server endpoint - No response received when attempting to reach /_stcore/health @ http://localhost:18501/static/js/index.k-9rUdPI.js:19
[11843845ms] [ERROR] Is Streamlit still running? If you accidentally stopped Streamlit, just restart it in your terminal: @ http://localhost:18501/static/js/index.k-9rUdPI.js:24
[11843846ms] [ERROR] Failed to load resource: net::ERR_CONNECTION_REFUSED @ http://localhost:18501/_stcore/host-config:0
[11848169ms] [ERROR] Failed to load resource: net::ERR_CONNECTION_REFUSED @ http://localhost:18501/_stcore/health:0
[11848169ms] [ERROR] Client Error in reaching server endpoint - No response received when attempting to reach /_stcore/health @ http://localhost:18501/static/js/index.k-9rUdPI.js:19
[11848169ms] [ERROR] Is Streamlit still running? If you accidentally stopped Streamlit, just restart it in your terminal: @ http://localhost:18501/static/js/index.k-9rUdPI.js:24
[11848169ms] [ERROR] Failed to load resource: net::ERR_CONNECTION_REFUSED @ http://localhost:18501/_stcore/host-config:0
[11852485ms] [ERROR] Failed to load resource: net::ERR_CONNECTION_REFUSED @ http://localhost:18501/_stcore/health:0
[11852485ms] [ERROR] Client Error in reaching server endpoint - No response received when attempting to reach /_stcore/health @ http://localhost:18501/static/js/index.k-9rUdPI.js:19
[11852486ms] [ERROR] Is Streamlit still running? If you accidentally stopped Streamlit, just restart it in your terminal: @ http://localhost:18501/static/js/index.k-9rUdPI.js:24
[11852486ms] [ERROR] Failed to load resource: net::ERR_CONNECTION_REFUSED @ http://localhost:18501/_stcore/host-config:0
[11856808ms] [ERROR] Failed to load resource: net::ERR_CONNECTION_REFUSED @ http://localhost:18501/_stcore/health:0
[11856808ms] [ERROR] Client Error in reaching server endpoint - No response received when attempting to reach /_stcore/health @ http://localhost:18501/static/js/index.k-9rUdPI.js:19
[11856808ms] [ERROR] Is Streamlit still running? If you accidentally stopped Streamlit, just restart it in your terminal: @ http://localhost:18501/static/js/index.k-9rUdPI.js:24
[11856808ms] [ERROR] Failed to load resource: net::ERR_CONNECTION_REFUSED @ http://localhost:18501/_stcore/host-config:0
[11861148ms] [ERROR] Failed to load resource: net::ERR_CONNECTION_REFUSED @ http://localhost:18501/_stcore/health:0
[11861148ms] [ERROR] Client Error in reaching server endpoint - No response received when attempting to reach /_stcore/health @ http://localhost:18501/static/js/index.k-9rUdPI.js:19
[11861148ms] [ERROR] Is Streamlit still running? If you accidentally stopped Streamlit, just restart it in your terminal: @ http://localhost:18501/static/js/index.k-9rUdPI.js:24
[11861148ms] [ERROR] Failed to load resource: net::ERR_CONNECTION_REFUSED @ http://localhost:18501/_stcore/host-config:0
[11865470ms] [ERROR] Failed to load resource: net::ERR_CONNECTION_REFUSED @ http://localhost:18501/_stcore/health:0
[11865470ms] [ERROR] Client Error in reaching server endpoint - No response received when attempting to reach /_stcore/health @ http://localhost:18501/static/js/index.k-9rUdPI.js:19
[11865470ms] [ERROR] Is Streamlit still running? If you accidentally stopped Streamlit, just restart it in your terminal: @ http://localhost:18501/static/js/index.k-9rUdPI.js:24
[11865494ms] [ERROR] Failed to load resource: net::ERR_CONNECTION_REFUSED @ http://localhost:18501/_stcore/host-config:0
[11869790ms] [ERROR] Failed to load resource: net::ERR_CONNECTION_REFUSED @ http://localhost:18501/_stcore/health:0
[11869791ms] [ERROR] Client Error in reaching server endpoint - No response received when attempting to reach /_stcore/health @ http://localhost:18501/static/js/index.k-9rUdPI.js:19
[11869791ms] [ERROR] Is Streamlit still running? If you accidentally stopped Streamlit, just restart it in your terminal: @ http://localhost:18501/static/js/index.k-9rUdPI.js:24
[11869791ms] [ERROR] Failed to load resource: net::ERR_CONNECTION_REFUSED @ http://localhost:18501/_stcore/host-config:0
[11874135ms] [ERROR] Failed to load resource: net::ERR_CONNECTION_REFUSED @ http://localhost:18501/_stcore/health:0
[11874135ms] [ERROR] Client Error in reaching server endpoint - No response received when attempting to reach /_stcore/health @ http://localhost:18501/static/js/index.k-9rUdPI.js:19
[11874135ms] [ERROR] Is Streamlit still running? If you accidentally stopped Streamlit, just restart it in your terminal: @ http://localhost:18501/static/js/index.k-9rUdPI.js:24
[11874136ms] [ERROR] Failed to load resource: net::ERR_CONNECTION_REFUSED @ http://localhost:18501/_stcore/host-config:0
[11878462ms] [ERROR] Failed to load resource: net::ERR_CONNECTION_REFUSED @ http://localhost:18501/_stcore/health:0
[11878463ms] [ERROR] Client Error in reaching server endpoint - No response received when attempting to reach /_stcore/health @ http://localhost:18501/static/js/index.k-9rUdPI.js:19
[11878463ms] [ERROR] Is Streamlit still running? If you accidentally stopped Streamlit, just restart it in your terminal: @ http://localhost:18501/static/js/index.k-9rUdPI.js:24
[11878487ms] [ERROR] Failed to load resource: net::ERR_CONNECTION_REFUSED @ http://localhost:18501/_stcore/host-config:0
[11882784ms] [ERROR] Failed to load resource: net::ERR_CONNECTION_REFUSED @ http://localhost:18501/_stcore/health:0
[11882784ms] [ERROR] Client Error in reaching server endpoint - No response received when attempting to reach /_stcore/health @ http://localhost:18501/static/js/index.k-9rUdPI.js:19
[11882785ms] [ERROR] Is Streamlit still running? If you accidentally stopped Streamlit, just restart it in your terminal: @ http://localhost:18501/static/js/index.k-9rUdPI.js:24
[11882808ms] [ERROR] Failed to load resource: net::ERR_CONNECTION_REFUSED @ http://localhost:18501/_stcore/host-config:0
[11887117ms] [ERROR] Failed to load resource: net::ERR_CONNECTION_REFUSED @ http://localhost:18501/_stcore/health:0
[11887117ms] [ERROR] Client Error in reaching server endpoint - No response received when attempting to reach /_stcore/health @ http://localhost:18501/static/js/index.k-9rUdPI.js:19
[11887117ms] [ERROR] Is Streamlit still running? If you accidentally stopped Streamlit, just restart it in your terminal: @ http://localhost:18501/static/js/index.k-9rUdPI.js:24
[11887117ms] [ERROR] Failed to load resource: net::ERR_CONNECTION_REFUSED @ http://localhost:18501/_stcore/host-config:0
[11891451ms] [ERROR] Failed to load resource: net::ERR_CONNECTION_REFUSED @ http://localhost:18501/_stcore/health:0
[11891451ms] [ERROR] Client Error in reaching server endpoint - No response received when attempting to reach /_stcore/health @ http://localhost:18501/static/js/index.k-9rUdPI.js:19
[11891451ms] [ERROR] Is Streamlit still running? If you accidentally stopped Streamlit, just restart it in your terminal: @ http://localhost:18501/static/js/index.k-9rUdPI.js:24
[11891451ms] [ERROR] Failed to load resource: net::ERR_CONNECTION_REFUSED @ http://localhost:18501/_stcore/host-config:0
[11895771ms] [ERROR] Failed to load resource: net::ERR_CONNECTION_REFUSED @ http://localhost:18501/_stcore/health:0
[11895771ms] [ERROR] Client Error in reaching server endpoint - No response received when attempting to reach /_stcore/health @ http://localhost:18501/static/js/index.k-9rUdPI.js:19
[11895771ms] [ERROR] Is Streamlit still running? If you accidentally stopped Streamlit, just restart it in your terminal: @ http://localhost:18501/static/js/index.k-9rUdPI.js:24
[11895792ms] [ERROR] Failed to load resource: net::ERR_CONNECTION_REFUSED @ http://localhost:18501/_stcore/host-config:0
[11900102ms] [ERROR] Failed to load resource: net::ERR_CONNECTION_REFUSED @ http://localhost:18501/_stcore/health:0
[11900102ms] [ERROR] Client Error in reaching server endpoint - No response received when attempting to reach /_stcore/health @ http://localhost:18501/static/js/index.k-9rUdPI.js:19
[11900102ms] [ERROR] Is Streamlit still running? If you accidentally stopped Streamlit, just restart it in your terminal: @ http://localhost:18501/static/js/index.k-9rUdPI.js:24
[11900126ms] [ERROR] Failed to load resource: net::ERR_CONNECTION_REFUSED @ http://localhost:18501/_stcore/host-config:0
[11904427ms] [ERROR] Failed to load resource: net::ERR_CONNECTION_REFUSED @ http://localhost:18501/_stcore/health:0
[11904428ms] [ERROR] Client Error in reaching server endpoint - No response received when attempting to reach /_stcore/health @ http://localhost:18501/static/js/index.k-9rUdPI.js:19
[11904428ms] [ERROR] Is Streamlit still running? If you accidentally stopped Streamlit, just restart it in your terminal: @ http://localhost:18501/static/js/index.k-9rUdPI.js:24
[11904428ms] [ERROR] Failed to load resource: net::ERR_CONNECTION_REFUSED @ http://localhost:18501/_stcore/host-config:0
[11908769ms] [ERROR] Failed to load resource: net::ERR_CONNECTION_REFUSED @ http://localhost:18501/_stcore/health:0
[11908769ms] [ERROR] Client Error in reaching server endpoint - No response received when attempting to reach /_stcore/health @ http://localhost:18501/static/js/index.k-9rUdPI.js:19
[11908769ms] [ERROR] Is Streamlit still running? If you accidentally stopped Streamlit, just restart it in your terminal: @ http://localhost:18501/static/js/index.k-9rUdPI.js:24
[11908769ms] [ERROR] Failed to load resource: net::ERR_CONNECTION_REFUSED @ http://localhost:18501/_stcore/host-config:0
[11913087ms] [ERROR] Failed to load resource: net::ERR_CONNECTION_REFUSED @ http://localhost:18501/_stcore/health:0
[11913087ms] [ERROR] Client Error in reaching server endpoint - No response received when attempting to reach /_stcore/health @ http://localhost:18501/static/js/index.k-9rUdPI.js:19
[11913087ms] [ERROR] Is Streamlit still running? If you accidentally stopped Streamlit, just restart it in your terminal: @ http://localhost:18501/static/js/index.k-9rUdPI.js:24
[11913088ms] [ERROR] Failed to load resource: net::ERR_CONNECTION_REFUSED @ http://localhost:18501/_stcore/host-config:0
[11917408ms] [ERROR] Failed to load resource: net::ERR_CONNECTION_REFUSED @ http://localhost:18501/_stcore/health:0
[11917408ms] [ERROR] Client Error in reaching server endpoint - No response received when attempting to reach /_stcore/health @ http://localhost:18501/static/js/index.k-9rUdPI.js:19
[11917408ms] [ERROR] Is Streamlit still running? If you accidentally stopped Streamlit, just restart it in your terminal: @ http://localhost:18501/static/js/index.k-9rUdPI.js:24
[11917408ms] [ERROR] Failed to load resource: net::ERR_CONNECTION_REFUSED @ http://localhost:18501/_stcore/host-config:0
[11921735ms] [ERROR] Failed to load resource: net::ERR_CONNECTION_REFUSED @ http://localhost:18501/_stcore/health:0
[11921735ms] [ERROR] Client Error in reaching server endpoint - No response received when attempting to reach /_stcore/health @ http://localhost:18501/static/js/index.k-9rUdPI.js:19
[11921735ms] [ERROR] Is Streamlit still running? If you accidentally stopped Streamlit, just restart it in your terminal: @ http://localhost:18501/static/js/index.k-9rUdPI.js:24
[11921755ms] [ERROR] Failed to load resource: net::ERR_CONNECTION_REFUSED @ http://localhost:18501/_stcore/host-config:0
[11926069ms] [ERROR] Failed to load resource: net::ERR_CONNECTION_REFUSED @ http://localhost:18501/_stcore/health:0
[11926069ms] [ERROR] Client Error in reaching server endpoint - No response received when attempting to reach /_stcore/health @ http://localhost:18501/static/js/index.k-9rUdPI.js:19
[11926069ms] [ERROR] Is Streamlit still running? If you accidentally stopped Streamlit, just restart it in your terminal: @ http://localhost:18501/static/js/index.k-9rUdPI.js:24
[11926070ms] [ERROR] Failed to load resource: net::ERR_CONNECTION_REFUSED @ http://localhost:18501/_stcore/host-config:0
[11930407ms] [ERROR] Failed to load resource: net::ERR_CONNECTION_REFUSED @ http://localhost:18501/_stcore/health:0
[11930408ms] [ERROR] Client Error in reaching server endpoint - No response received when attempting to reach /_stcore/health @ http://localhost:18501/static/js/index.k-9rUdPI.js:19
[11930408ms] [ERROR] Is Streamlit still running? If you accidentally stopped Streamlit, just restart it in your terminal: @ http://localhost:18501/static/js/index.k-9rUdPI.js:24
[11930408ms] [ERROR] Failed to load resource: net::ERR_CONNECTION_REFUSED @ http://localhost:18501/_stcore/host-config:0
[11934741ms] [ERROR] Failed to load resource: net::ERR_CONNECTION_REFUSED @ http://localhost:18501/_stcore/health:0
[11934741ms] [ERROR] Client Error in reaching server endpoint - No response received when attempting to reach /_stcore/health @ http://localhost:18501/static/js/index.k-9rUdPI.js:19
[11934742ms] [ERROR] Is Streamlit still running? If you accidentally stopped Streamlit, just restart it in your terminal: @ http://localhost:18501/static/js/index.k-9rUdPI.js:24
[11934742ms] [ERROR] Failed to load resource: net::ERR_CONNECTION_REFUSED @ http://localhost:18501/_stcore/host-config:0
[11939075ms] [ERROR] Failed to load resource: net::ERR_CONNECTION_REFUSED @ http://localhost:18501/_stcore/health:0
[11939075ms] [ERROR] Client Error in reaching server endpoint - No response received when attempting to reach /_stcore/health @ http://localhost:18501/static/js/index.k-9rUdPI.js:19
[11939075ms] [ERROR] Is Streamlit still running? If you accidentally stopped Streamlit, just restart it in your terminal: @ http://localhost:18501/static/js/index.k-9rUdPI.js:24
[11939076ms] [ERROR] Failed to load resource: net::ERR_CONNECTION_REFUSED @ http://localhost:18501/_stcore/host-config:0
[11943402ms] [ERROR] Failed to load resource: net::ERR_CONNECTION_REFUSED @ http://localhost:18501/_stcore/health:0
[11943402ms] [ERROR] Client Error in reaching server endpoint - No response received when attempting to reach /_stcore/health @ http://localhost:18501/static/js/index.k-9rUdPI.js:19
[11943402ms] [ERROR] Is Streamlit still running? If you accidentally stopped Streamlit, just restart it in your terminal: @ http://localhost:18501/static/js/index.k-9rUdPI.js:24
[11943403ms] [ERROR] Failed to load resource: net::ERR_CONNECTION_REFUSED @ http://localhost:18501/_stcore/host-config:0
[11947736ms] [ERROR] Failed to load resource: net::ERR_CONNECTION_REFUSED @ http://localhost:18501/_stcore/health:0
[11947736ms] [ERROR] Client Error in reaching server endpoint - No response received when attempting to reach /_stcore/health @ http://localhost:18501/static/js/index.k-9rUdPI.js:19
[11947736ms] [ERROR] Is Streamlit still running? If you accidentally stopped Streamlit, just restart it in your terminal: @ http://localhost:18501/static/js/index.k-9rUdPI.js:24
[11947736ms] [ERROR] Failed to load resource: net::ERR_CONNECTION_REFUSED @ http://localhost:18501/_stcore/host-config:0
[11952048ms] [ERROR] Failed to load resource: net::ERR_CONNECTION_REFUSED @ http://localhost:18501/_stcore/health:0
[11952048ms] [ERROR] Client Error in reaching server endpoint - No response received when attempting to reach /_stcore/health @ http://localhost:18501/static/js/index.k-9rUdPI.js:19
[11952048ms] [ERROR] Is Streamlit still running? If you accidentally stopped Streamlit, just restart it in your terminal: @ http://localhost:18501/static/js/index.k-9rUdPI.js:24
[11952076ms] [ERROR] Failed to load resource: net::ERR_CONNECTION_REFUSED @ http://localhost:18501/_stcore/host-config:0
[11956377ms] [ERROR] Failed to load resource: net::ERR_CONNECTION_REFUSED @ http://localhost:18501/_stcore/health:0
[11956378ms] [ERROR] Client Error in reaching server endpoint - No response received when attempting to reach /_stcore/health @ http://localhost:18501/static/js/index.k-9rUdPI.js:19
[11956378ms] [ERROR] Is Streamlit still running? If you accidentally stopped Streamlit, just restart it in your terminal: @ http://localhost:18501/static/js/index.k-9rUdPI.js:24
[11956378ms] [ERROR] Failed to load resource: net::ERR_CONNECTION_REFUSED @ http://localhost:18501/_stcore/host-config:0
[11960723ms] [ERROR] Failed to load resource: net::ERR_CONNECTION_REFUSED @ http://localhost:18501/_stcore/health:0
[11960723ms] [ERROR] Client Error in reaching server endpoint - No response received when attempting to reach /_stcore/health @ http://localhost:18501/static/js/index.k-9rUdPI.js:19
[11960724ms] [ERROR] Is Streamlit still running? If you accidentally stopped Streamlit, just restart it in your terminal: @ http://localhost:18501/static/js/index.k-9rUdPI.js:24
[11960745ms] [ERROR] Failed to load resource: net::ERR_CONNECTION_REFUSED @ http://localhost:18501/_stcore/host-config:0
[11965044ms] [ERROR] Failed to load resource: net::ERR_CONNECTION_REFUSED @ http://localhost:18501/_stcore/health:0
[11965044ms] [ERROR] Client Error in reaching server endpoint - No response received when attempting to reach /_stcore/health @ http://localhost:18501/static/js/index.k-9rUdPI.js:19
[11965045ms] [ERROR] Is Streamlit still running? If you accidentally stopped Streamlit, just restart it in your terminal: @ http://localhost:18501/static/js/index.k-9rUdPI.js:24
[11965045ms] [ERROR] Failed to load resource: net::ERR_CONNECTION_REFUSED @ http://localhost:18501/_stcore/host-config:0
[11969372ms] [ERROR] Failed to load resource: net::ERR_CONNECTION_REFUSED @ http://localhost:18501/_stcore/health:0
[11969372ms] [ERROR] Client Error in reaching server endpoint - No response received when attempting to reach /_stcore/health @ http://localhost:18501/static/js/index.k-9rUdPI.js:19
[11969372ms] [ERROR] Is Streamlit still running? If you accidentally stopped Streamlit, just restart it in your terminal: @ http://localhost:18501/static/js/index.k-9rUdPI.js:24
[11969372ms] [ERROR] Failed to load resource: net::ERR_CONNECTION_REFUSED @ http://localhost:18501/_stcore/host-config:0
[11973705ms] [ERROR] Failed to load resource: net::ERR_CONNECTION_REFUSED @ http://localhost:18501/_stcore/health:0
[11973705ms] [ERROR] Client Error in reaching server endpoint - No response received when attempting to reach /_stcore/health @ http://localhost:18501/static/js/index.k-9rUdPI.js:19
[11973705ms] [ERROR] Is Streamlit still running? If you accidentally stopped Streamlit, just restart it in your terminal: @ http://localhost:18501/static/js/index.k-9rUdPI.js:24
[11973705ms] [ERROR] Failed to load resource: net::ERR_CONNECTION_REFUSED @ http://localhost:18501/_stcore/host-config:0
[11978020ms] [ERROR] Failed to load resource: net::ERR_CONNECTION_REFUSED @ http://localhost:18501/_stcore/health:0
[11978020ms] [ERROR] Client Error in reaching server endpoint - No response received when attempting to reach /_stcore/health @ http://localhost:18501/static/js/index.k-9rUdPI.js:19
[11978020ms] [ERROR] Is Streamlit still running? If you accidentally stopped Streamlit, just restart it in your terminal: @ http://localhost:18501/static/js/index.k-9rUdPI.js:24
[11978034ms] [ERROR] Failed to load resource: net::ERR_CONNECTION_REFUSED @ http://localhost:18501/_stcore/host-config:0
[11982341ms] [ERROR] Failed to load resource: net::ERR_CONNECTION_REFUSED @ http://localhost:18501/_stcore/health:0
[11982341ms] [ERROR] Client Error in reaching server endpoint - No response received when attempting to reach /_stcore/health @ http://localhost:18501/static/js/index.k-9rUdPI.js:19
[11982341ms] [ERROR] Is Streamlit still running? If you accidentally stopped Streamlit, just restart it in your terminal: @ http://localhost:18501/static/js/index.k-9rUdPI.js:24
[11982342ms] [ERROR] Failed to load resource: net::ERR_CONNECTION_REFUSED @ http://localhost:18501/_stcore/host-config:0
[11986668ms] [ERROR] Failed to load resource: net::ERR_CONNECTION_REFUSED @ http://localhost:18501/_stcore/health:0
[11986668ms] [ERROR] Client Error in reaching server endpoint - No response received when attempting to reach /_stcore/health @ http://localhost:18501/static/js/index.k-9rUdPI.js:19
[11986669ms] [ERROR] Is Streamlit still running? If you accidentally stopped Streamlit, just restart it in your terminal: @ http://localhost:18501/static/js/index.k-9rUdPI.js:24
[11986669ms] [ERROR] Failed to load resource: net::ERR_CONNECTION_REFUSED @ http://localhost:18501/_stcore/host-config:0
[11990989ms] [ERROR] Failed to load resource: net::ERR_CONNECTION_REFUSED @ http://localhost:18501/_stcore/health:0
[11990990ms] [ERROR] Client Error in reaching server endpoint - No response received when attempting to reach /_stcore/health @ http://localhost:18501/static/js/index.k-9rUdPI.js:19
[11990990ms] [ERROR] Is Streamlit still running? If you accidentally stopped Streamlit, just restart it in your terminal: @ http://localhost:18501/static/js/index.k-9rUdPI.js:24
[11990990ms] [ERROR] Failed to load resource: net::ERR_CONNECTION_REFUSED @ http://localhost:18501/_stcore/host-config:0
[11995330ms] [ERROR] Failed to load resource: net::ERR_CONNECTION_REFUSED @ http://localhost:18501/_stcore/health:0
[11995330ms] [ERROR] Client Error in reaching server endpoint - No response received when attempting to reach /_stcore/health @ http://localhost:18501/static/js/index.k-9rUdPI.js:19
[11995330ms] [ERROR] Is Streamlit still running? If you accidentally stopped Streamlit, just restart it in your terminal: @ http://localhost:18501/static/js/index.k-9rUdPI.js:24
[11995330ms] [ERROR] Failed to load resource: net::ERR_CONNECTION_REFUSED @ http://localhost:18501/_stcore/host-config:0
[11999663ms] [ERROR] Failed to load resource: net::ERR_CONNECTION_REFUSED @ http://localhost:18501/_stcore/health:0
[11999663ms] [ERROR] Client Error in reaching server endpoint - No response received when attempting to reach /_stcore/health @ http://localhost:18501/static/js/index.k-9rUdPI.js:19
[11999663ms] [ERROR] Is Streamlit still running? If you accidentally stopped Streamlit, just restart it in your terminal: @ http://localhost:18501/static/js/index.k-9rUdPI.js:24
[11999663ms] [ERROR] Failed to load resource: net::ERR_CONNECTION_REFUSED @ http://localhost:18501/_stcore/host-config:0
[12003990ms] [ERROR] Failed to load resource: net::ERR_CONNECTION_REFUSED @ http://localhost:18501/_stcore/health:0
[12003990ms] [ERROR] Client Error in reaching server endpoint - No response received when attempting to reach /_stcore/health @ http://localhost:18501/static/js/index.k-9rUdPI.js:19
[12003990ms] [ERROR] Is Streamlit still running? If you accidentally stopped Streamlit, just restart it in your terminal: @ http://localhost:18501/static/js/index.k-9rUdPI.js:24
[12003990ms] [ERROR] Failed to load resource: net::ERR_CONNECTION_REFUSED @ http://localhost:18501/_stcore/host-config:0
[12008317ms] [ERROR] Failed to load resource: net::ERR_CONNECTION_REFUSED @ http://localhost:18501/_stcore/health:0
[12008317ms] [ERROR] Client Error in reaching server endpoint - No response received when attempting to reach /_stcore/health @ http://localhost:18501/static/js/index.k-9rUdPI.js:19
[12008317ms] [ERROR] Is Streamlit still running? If you accidentally stopped Streamlit, just restart it in your terminal: @ http://localhost:18501/static/js/index.k-9rUdPI.js:24
[12008318ms] [ERROR] Failed to load resource: net::ERR_CONNECTION_REFUSED @ http://localhost:18501/_stcore/host-config:0
[12012638ms] [ERROR] Failed to load resource: net::ERR_CONNECTION_REFUSED @ http://localhost:18501/_stcore/health:0
[12012638ms] [ERROR] Client Error in reaching server endpoint - No response received when attempting to reach /_stcore/health @ http://localhost:18501/static/js/index.k-9rUdPI.js:19
[12012638ms] [ERROR] Is Streamlit still running? If you accidentally stopped Streamlit, just restart it in your terminal: @ http://localhost:18501/static/js/index.k-9rUdPI.js:24
[12012638ms] [ERROR] Failed to load resource: net::ERR_CONNECTION_REFUSED @ http://localhost:18501/_stcore/host-config:0
[12016959ms] [ERROR] Failed to load resource: net::ERR_CONNECTION_REFUSED @ http://localhost:18501/_stcore/health:0
[12016959ms] [ERROR] Client Error in reaching server endpoint - No response received when attempting to reach /_stcore/health @ http://localhost:18501/static/js/index.k-9rUdPI.js:19
[12016959ms] [ERROR] Is Streamlit still running? If you accidentally stopped Streamlit, just restart it in your terminal: @ http://localhost:18501/static/js/index.k-9rUdPI.js:24
[12016976ms] [ERROR] Failed to load resource: net::ERR_CONNECTION_REFUSED @ http://localhost:18501/_stcore/host-config:0
[12021280ms] [ERROR] Failed to load resource: net::ERR_CONNECTION_REFUSED @ http://localhost:18501/_stcore/health:0
[12021281ms] [ERROR] Client Error in reaching server endpoint - No response received when attempting to reach /_stcore/health @ http://localhost:18501/static/js/index.k-9rUdPI.js:19
[12021281ms] [ERROR] Is Streamlit still running? If you accidentally stopped Streamlit, just restart it in your terminal: @ http://localhost:18501/static/js/index.k-9rUdPI.js:24
[12021281ms] [ERROR] Failed to load resource: net::ERR_CONNECTION_REFUSED @ http://localhost:18501/_stcore/host-config:0
[12025615ms] [ERROR] Failed to load resource: net::ERR_CONNECTION_REFUSED @ http://localhost:18501/_stcore/health:0
[12025615ms] [ERROR] Client Error in reaching server endpoint - No response received when attempting to reach /_stcore/health @ http://localhost:18501/static/js/index.k-9rUdPI.js:19
[12025615ms] [ERROR] Is Streamlit still running? If you accidentally stopped Streamlit, just restart it in your terminal: @ http://localhost:18501/static/js/index.k-9rUdPI.js:24
[12025634ms] [ERROR] Failed to load resource: net::ERR_CONNECTION_REFUSED @ http://localhost:18501/_stcore/host-config:0
[12029938ms] [ERROR] Failed to load resource: net::ERR_CONNECTION_REFUSED @ http://localhost:18501/_stcore/health:0
[12029938ms] [ERROR] Client Error in reaching server endpoint - No response received when attempting to reach /_stcore/health @ http://localhost:18501/static/js/index.k-9rUdPI.js:19
[12029938ms] [ERROR] Is Streamlit still running? If you accidentally stopped Streamlit, just restart it in your terminal: @ http://localhost:18501/static/js/index.k-9rUdPI.js:24
[12029938ms] [ERROR] Failed to load resource: net::ERR_CONNECTION_REFUSED @ http://localhost:18501/_stcore/host-config:0
[12034264ms] [ERROR] Failed to load resource: net::ERR_CONNECTION_REFUSED @ http://localhost:18501/_stcore/health:0
[12034264ms] [ERROR] Client Error in reaching server endpoint - No response received when attempting to reach /_stcore/health @ http://localhost:18501/static/js/index.k-9rUdPI.js:19
[12034264ms] [ERROR] Is Streamlit still running? If you accidentally stopped Streamlit, just restart it in your terminal: @ http://localhost:18501/static/js/index.k-9rUdPI.js:24
[12034281ms] [ERROR] Failed to load resource: net::ERR_CONNECTION_REFUSED @ http://localhost:18501/_stcore/host-config:0
[12038585ms] [ERROR] Failed to load resource: net::ERR_CONNECTION_REFUSED @ http://localhost:18501/_stcore/health:0
[12038585ms] [ERROR] Client Error in reaching server endpoint - No response received when attempting to reach /_stcore/health @ http://localhost:18501/static/js/index.k-9rUdPI.js:19
[12038585ms] [ERROR] Is Streamlit still running? If you accidentally stopped Streamlit, just restart it in your terminal: @ http://localhost:18501/static/js/index.k-9rUdPI.js:24
[12038603ms] [ERROR] Failed to load resource: net::ERR_CONNECTION_REFUSED @ http://localhost:18501/_stcore/host-config:0
[12042906ms] [ERROR] Failed to load resource: net::ERR_CONNECTION_REFUSED @ http://localhost:18501/_stcore/health:0
[12042906ms] [ERROR] Client Error in reaching server endpoint - No response received when attempting to reach /_stcore/health @ http://localhost:18501/static/js/index.k-9rUdPI.js:19
[12042906ms] [ERROR] Is Streamlit still running? If you accidentally stopped Streamlit, just restart it in your terminal: @ http://localhost:18501/static/js/index.k-9rUdPI.js:24
[12042930ms] [ERROR] Failed to load resource: net::ERR_CONNECTION_REFUSED @ http://localhost:18501/_stcore/host-config:0
[12047226ms] [ERROR] Failed to load resource: net::ERR_CONNECTION_REFUSED @ http://localhost:18501/_stcore/health:0
[12047227ms] [ERROR] Client Error in reaching server endpoint - No response received when attempting to reach /_stcore/health @ http://localhost:18501/static/js/index.k-9rUdPI.js:19
[12047227ms] [ERROR] Is Streamlit still running? If you accidentally stopped Streamlit, just restart it in your terminal: @ http://localhost:18501/static/js/index.k-9rUdPI.js:24
[12047227ms] [ERROR] Failed to load resource: net::ERR_CONNECTION_REFUSED @ http://localhost:18501/_stcore/host-config:0
[12051555ms] [ERROR] Failed to load resource: net::ERR_CONNECTION_REFUSED @ http://localhost:18501/_stcore/health:0
[12051555ms] [ERROR] Client Error in reaching server endpoint - No response received when attempting to reach /_stcore/health @ http://localhost:18501/static/js/index.k-9rUdPI.js:19
[12051555ms] [ERROR] Is Streamlit still running? If you accidentally stopped Streamlit, just restart it in your terminal: @ http://localhost:18501/static/js/index.k-9rUdPI.js:24
[12051575ms] [ERROR] Failed to load resource: net::ERR_CONNECTION_REFUSED @ http://localhost:18501/_stcore/host-config:0
[12055875ms] [ERROR] Failed to load resource: net::ERR_CONNECTION_REFUSED @ http://localhost:18501/_stcore/health:0
[12055875ms] [ERROR] Client Error in reaching server endpoint - No response received when attempting to reach /_stcore/health @ http://localhost:18501/static/js/index.k-9rUdPI.js:19
[12055875ms] [ERROR] Is Streamlit still running? If you accidentally stopped Streamlit, just restart it in your terminal: @ http://localhost:18501/static/js/index.k-9rUdPI.js:24
[12055875ms] [ERROR] Failed to load resource: net::ERR_CONNECTION_REFUSED @ http://localhost:18501/_stcore/host-config:0
[12060214ms] [ERROR] Failed to load resource: net::ERR_CONNECTION_REFUSED @ http://localhost:18501/_stcore/health:0
[12060214ms] [ERROR] Client Error in reaching server endpoint - No response received when attempting to reach /_stcore/health @ http://localhost:18501/static/js/index.k-9rUdPI.js:19
[12060215ms] [ERROR] Is Streamlit still running? If you accidentally stopped Streamlit, just restart it in your terminal: @ http://localhost:18501/static/js/index.k-9rUdPI.js:24
[12060215ms] [ERROR] Failed to load resource: net::ERR_CONNECTION_REFUSED @ http://localhost:18501/_stcore/host-config:0
[12064540ms] [ERROR] Failed to load resource: net::ERR_CONNECTION_REFUSED @ http://localhost:18501/_stcore/health:0
[12064540ms] [ERROR] Client Error in reaching server endpoint - No response received when attempting to reach /_stcore/health @ http://localhost:18501/static/js/index.k-9rUdPI.js:19
[12064540ms] [ERROR] Is Streamlit still running? If you accidentally stopped Streamlit, just restart it in your terminal: @ http://localhost:18501/static/js/index.k-9rUdPI.js:24
[12064569ms] [ERROR] Failed to load resource: net::ERR_CONNECTION_REFUSED @ http://localhost:18501/_stcore/host-config:0
[12068863ms] [ERROR] Failed to load resource: net::ERR_CONNECTION_REFUSED @ http://localhost:18501/_stcore/health:0
[12068863ms] [ERROR] Client Error in reaching server endpoint - No response received when attempting to reach /_stcore/health @ http://localhost:18501/static/js/index.k-9rUdPI.js:19
[12068863ms] [ERROR] Is Streamlit still running? If you accidentally stopped Streamlit, just restart it in your terminal: @ http://localhost:18501/static/js/index.k-9rUdPI.js:24
[12068863ms] [ERROR] Failed to load resource: net::ERR_CONNECTION_REFUSED @ http://localhost:18501/_stcore/host-config:0
[12073187ms] [ERROR] Failed to load resource: net::ERR_CONNECTION_REFUSED @ http://localhost:18501/_stcore/health:0
[12073187ms] [ERROR] Client Error in reaching server endpoint - No response received when attempting to reach /_stcore/health @ http://localhost:18501/static/js/index.k-9rUdPI.js:19
[12073187ms] [ERROR] Is Streamlit still running? If you accidentally stopped Streamlit, just restart it in your terminal: @ http://localhost:18501/static/js/index.k-9rUdPI.js:24
[12073188ms] [ERROR] Failed to load resource: net::ERR_CONNECTION_REFUSED @ http://localhost:18501/_stcore/host-config:0
[12077506ms] [ERROR] Failed to load resource: net::ERR_CONNECTION_REFUSED @ http://localhost:18501/_stcore/health:0
[12077507ms] [ERROR] Client Error in reaching server endpoint - No response received when attempting to reach /_stcore/health @ http://localhost:18501/static/js/index.k-9rUdPI.js:19
[12077507ms] [ERROR] Is Streamlit still running? If you accidentally stopped Streamlit, just restart it in your terminal: @ http://localhost:18501/static/js/index.k-9rUdPI.js:24
[12077507ms] [ERROR] Failed to load resource: net::ERR_CONNECTION_REFUSED @ http://localhost:18501/_stcore/host-config:0
[12081832ms] [ERROR] Failed to load resource: net::ERR_CONNECTION_REFUSED @ http://localhost:18501/_stcore/health:0
[12081832ms] [ERROR] Client Error in reaching server endpoint - No response received when attempting to reach /_stcore/health @ http://localhost:18501/static/js/index.k-9rUdPI.js:19
[12081833ms] [ERROR] Is Streamlit still running? If you accidentally stopped Streamlit, just restart it in your terminal: @ http://localhost:18501/static/js/index.k-9rUdPI.js:24
[12081833ms] [ERROR] Failed to load resource: net::ERR_CONNECTION_REFUSED @ http://localhost:18501/_stcore/host-config:0
[12086155ms] [ERROR] Failed to load resource: net::ERR_CONNECTION_REFUSED @ http://localhost:18501/_stcore/health:0
[12086155ms] [ERROR] Client Error in reaching server endpoint - No response received when attempting to reach /_stcore/health @ http://localhost:18501/static/js/index.k-9rUdPI.js:19
[12086155ms] [ERROR] Is Streamlit still running? If you accidentally stopped Streamlit, just restart it in your terminal: @ http://localhost:18501/static/js/index.k-9rUdPI.js:24
[12086155ms] [ERROR] Failed to load resource: net::ERR_CONNECTION_REFUSED @ http://localhost:18501/_stcore/host-config:0
[12090475ms] [ERROR] Failed to load resource: net::ERR_CONNECTION_REFUSED @ http://localhost:18501/_stcore/health:0
[12090475ms] [ERROR] Client Error in reaching server endpoint - No response received when attempting to reach /_stcore/health @ http://localhost:18501/static/js/index.k-9rUdPI.js:19
[12090476ms] [ERROR] Is Streamlit still running? If you accidentally stopped Streamlit, just restart it in your terminal: @ http://localhost:18501/static/js/index.k-9rUdPI.js:24
[12090476ms] [ERROR] Failed to load resource: net::ERR_CONNECTION_REFUSED @ http://localhost:18501/_stcore/host-config:0
[12094802ms] [ERROR] Failed to load resource: net::ERR_CONNECTION_REFUSED @ http://localhost:18501/_stcore/health:0
[12094802ms] [ERROR] Client Error in reaching server endpoint - No response received when attempting to reach /_stcore/health @ http://localhost:18501/static/js/index.k-9rUdPI.js:19
[12094802ms] [ERROR] Is Streamlit still running? If you accidentally stopped Streamlit, just restart it in your terminal: @ http://localhost:18501/static/js/index.k-9rUdPI.js:24
[12094803ms] [ERROR] Failed to load resource: net::ERR_CONNECTION_REFUSED @ http://localhost:18501/_stcore/host-config:0
[12099119ms] [ERROR] Failed to load resource: net::ERR_CONNECTION_REFUSED @ http://localhost:18501/_stcore/health:0
[12099119ms] [ERROR] Client Error in reaching server endpoint - No response received when attempting to reach /_stcore/health @ http://localhost:18501/static/js/index.k-9rUdPI.js:19
[12099119ms] [ERROR] Is Streamlit still running? If you accidentally stopped Streamlit, just restart it in your terminal: @ http://localhost:18501/static/js/index.k-9rUdPI.js:24
[12099135ms] [ERROR] Failed to load resource: net::ERR_CONNECTION_REFUSED @ http://localhost:18501/_stcore/host-config:0
[12103444ms] [ERROR] Failed to load resource: net::ERR_CONNECTION_REFUSED @ http://localhost:18501/_stcore/health:0
[12103444ms] [ERROR] Client Error in reaching server endpoint - No response received when attempting to reach /_stcore/health @ http://localhost:18501/static/js/index.k-9rUdPI.js:19
[12103445ms] [ERROR] Is Streamlit still running? If you accidentally stopped Streamlit, just restart it in your terminal: @ http://localhost:18501/static/js/index.k-9rUdPI.js:24
[12103445ms] [ERROR] Failed to load resource: net::ERR_CONNECTION_REFUSED @ http://localhost:18501/_stcore/host-config:0
[12107778ms] [ERROR] Failed to load resource: net::ERR_CONNECTION_REFUSED @ http://localhost:18501/_stcore/health:0
[12107778ms] [ERROR] Client Error in reaching server endpoint - No response received when attempting to reach /_stcore/health @ http://localhost:18501/static/js/index.k-9rUdPI.js:19
[12107779ms] [ERROR] Is Streamlit still running? If you accidentally stopped Streamlit, just restart it in your terminal: @ http://localhost:18501/static/js/index.k-9rUdPI.js:24
[12107780ms] [ERROR] Failed to load resource: net::ERR_CONNECTION_REFUSED @ http://localhost:18501/_stcore/host-config:0
[12112113ms] [ERROR] Failed to load resource: net::ERR_CONNECTION_REFUSED @ http://localhost:18501/_stcore/health:0
[12112113ms] [ERROR] Client Error in reaching server endpoint - No response received when attempting to reach /_stcore/health @ http://localhost:18501/static/js/index.k-9rUdPI.js:19
[12112113ms] [ERROR] Is Streamlit still running? If you accidentally stopped Streamlit, just restart it in your terminal: @ http://localhost:18501/static/js/index.k-9rUdPI.js:24
[12112113ms] [ERROR] Failed to load resource: net::ERR_CONNECTION_REFUSED @ http://localhost:18501/_stcore/host-config:0
[12116436ms] [ERROR] Failed to load resource: net::ERR_CONNECTION_REFUSED @ http://localhost:18501/_stcore/health:0
[12116436ms] [ERROR] Client Error in reaching server endpoint - No response received when attempting to reach /_stcore/health @ http://localhost:18501/static/js/index.k-9rUdPI.js:19
[12116436ms] [ERROR] Is Streamlit still running? If you accidentally stopped Streamlit, just restart it in your terminal: @ http://localhost:18501/static/js/index.k-9rUdPI.js:24
[12116437ms] [ERROR] Failed to load resource: net::ERR_CONNECTION_REFUSED @ http://localhost:18501/_stcore/host-config:0
[12120767ms] [ERROR] Failed to load resource: net::ERR_CONNECTION_REFUSED @ http://localhost:18501/_stcore/health:0
[12120767ms] [ERROR] Client Error in reaching server endpoint - No response received when attempting to reach /_stcore/health @ http://localhost:18501/static/js/index.k-9rUdPI.js:19
[12120768ms] [ERROR] Is Streamlit still running? If you accidentally stopped Streamlit, just restart it in your terminal: @ http://localhost:18501/static/js/index.k-9rUdPI.js:24
[12120769ms] [ERROR] Failed to load resource: net::ERR_CONNECTION_REFUSED @ http://localhost:18501/_stcore/host-config:0
[12125100ms] [ERROR] Failed to load resource: net::ERR_CONNECTION_REFUSED @ http://localhost:18501/_stcore/health:0
[12125100ms] [ERROR] Client Error in reaching server endpoint - No response received when attempting to reach /_stcore/health @ http://localhost:18501/static/js/index.k-9rUdPI.js:19
[12125100ms] [ERROR] Is Streamlit still running? If you accidentally stopped Streamlit, just restart it in your terminal: @ http://localhost:18501/static/js/index.k-9rUdPI.js:24
[12125100ms] [ERROR] Failed to load resource: net::ERR_CONNECTION_REFUSED @ http://localhost:18501/_stcore/host-config:0
[12129421ms] [ERROR] Failed to load resource: net::ERR_CONNECTION_REFUSED @ http://localhost:18501/_stcore/health:0
[12129421ms] [ERROR] Client Error in reaching server endpoint - No response received when attempting to reach /_stcore/health @ http://localhost:18501/static/js/index.k-9rUdPI.js:19
[12129421ms] [ERROR] Is Streamlit still running? If you accidentally stopped Streamlit, just restart it in your terminal: @ http://localhost:18501/static/js/index.k-9rUdPI.js:24
[12129421ms] [ERROR] Failed to load resource: net::ERR_CONNECTION_REFUSED @ http://localhost:18501/_stcore/host-config:0
[12133745ms] [ERROR] Failed to load resource: net::ERR_CONNECTION_REFUSED @ http://localhost:18501/_stcore/health:0
[12133745ms] [ERROR] Client Error in reaching server endpoint - No response received when attempting to reach /_stcore/health @ http://localhost:18501/static/js/index.k-9rUdPI.js:19
[12133745ms] [ERROR] Is Streamlit still running? If you accidentally stopped Streamlit, just restart it in your terminal: @ http://localhost:18501/static/js/index.k-9rUdPI.js:24
[12133745ms] [ERROR] Failed to load resource: net::ERR_CONNECTION_REFUSED @ http://localhost:18501/_stcore/host-config:0
[12138069ms] [ERROR] Failed to load resource: net::ERR_CONNECTION_REFUSED @ http://localhost:18501/_stcore/health:0
[12138069ms] [ERROR] Client Error in reaching server endpoint - No response received when attempting to reach /_stcore/health @ http://localhost:18501/static/js/index.k-9rUdPI.js:19
[12138069ms] [ERROR] Is Streamlit still running? If you accidentally stopped Streamlit, just restart it in your terminal: @ http://localhost:18501/static/js/index.k-9rUdPI.js:24
[12138091ms] [ERROR] Failed to load resource: net::ERR_CONNECTION_REFUSED @ http://localhost:18501/_stcore/host-config:0
[12142390ms] [ERROR] Failed to load resource: net::ERR_CONNECTION_REFUSED @ http://localhost:18501/_stcore/health:0
[12142390ms] [ERROR] Client Error in reaching server endpoint - No response received when attempting to reach /_stcore/health @ http://localhost:18501/static/js/index.k-9rUdPI.js:19
[12142390ms] [ERROR] Is Streamlit still running? If you accidentally stopped Streamlit, just restart it in your terminal: @ http://localhost:18501/static/js/index.k-9rUdPI.js:24
[12142391ms] [ERROR] Failed to load resource: net::ERR_CONNECTION_REFUSED @ http://localhost:18501/_stcore/host-config:0
[12146714ms] [ERROR] Failed to load resource: net::ERR_CONNECTION_REFUSED @ http://localhost:18501/_stcore/health:0
[12146714ms] [ERROR] Client Error in reaching server endpoint - No response received when attempting to reach /_stcore/health @ http://localhost:18501/static/js/index.k-9rUdPI.js:19
[12146714ms] [ERROR] Is Streamlit still running? If you accidentally stopped Streamlit, just restart it in your terminal: @ http://localhost:18501/static/js/index.k-9rUdPI.js:24
[12146714ms] [ERROR] Failed to load resource: net::ERR_CONNECTION_REFUSED @ http://localhost:18501/_stcore/host-config:0
[12151039ms] [ERROR] Failed to load resource: net::ERR_CONNECTION_REFUSED @ http://localhost:18501/_stcore/health:0
[12151039ms] [ERROR] Client Error in reaching server endpoint - No response received when attempting to reach /_stcore/health @ http://localhost:18501/static/js/index.k-9rUdPI.js:19
[12151039ms] [ERROR] Is Streamlit still running? If you accidentally stopped Streamlit, just restart it in your terminal: @ http://localhost:18501/static/js/index.k-9rUdPI.js:24
[12151039ms] [ERROR] Failed to load resource: net::ERR_CONNECTION_REFUSED @ http://localhost:18501/_stcore/host-config:0
[12155360ms] [ERROR] Failed to load resource: net::ERR_CONNECTION_REFUSED @ http://localhost:18501/_stcore/health:0
[12155360ms] [ERROR] Client Error in reaching server endpoint - No response received when attempting to reach /_stcore/health @ http://localhost:18501/static/js/index.k-9rUdPI.js:19
[12155360ms] [ERROR] Is Streamlit still running? If you accidentally stopped Streamlit, just restart it in your terminal: @ http://localhost:18501/static/js/index.k-9rUdPI.js:24
[12155361ms] [ERROR] Failed to load resource: net::ERR_CONNECTION_REFUSED @ http://localhost:18501/_stcore/host-config:0
[12159693ms] [ERROR] Failed to load resource: net::ERR_CONNECTION_REFUSED @ http://localhost:18501/_stcore/health:0
[12159693ms] [ERROR] Client Error in reaching server endpoint - No response received when attempting to reach /_stcore/health @ http://localhost:18501/static/js/index.k-9rUdPI.js:19
[12159694ms] [ERROR] Is Streamlit still running? If you accidentally stopped Streamlit, just restart it in your terminal: @ http://localhost:18501/static/js/index.k-9rUdPI.js:24
[12159694ms] [ERROR] Failed to load resource: net::ERR_CONNECTION_REFUSED @ http://localhost:18501/_stcore/host-config:0
[12164012ms] [ERROR] Failed to load resource: net::ERR_CONNECTION_REFUSED @ http://localhost:18501/_stcore/health:0
[12164012ms] [ERROR] Client Error in reaching server endpoint - No response received when attempting to reach /_stcore/health @ http://localhost:18501/static/js/index.k-9rUdPI.js:19
[12164012ms] [ERROR] Is Streamlit still running? If you accidentally stopped Streamlit, just restart it in your terminal: @ http://localhost:18501/static/js/index.k-9rUdPI.js:24
[12164032ms] [ERROR] Failed to load resource: net::ERR_CONNECTION_REFUSED @ http://localhost:18501/_stcore/host-config:0
[12168328ms] [ERROR] Failed to load resource: net::ERR_CONNECTION_REFUSED @ http://localhost:18501/_stcore/health:0
[12168328ms] [ERROR] Client Error in reaching server endpoint - No response received when attempting to reach /_stcore/health @ http://localhost:18501/static/js/index.k-9rUdPI.js:19
[12168328ms] [ERROR] Is Streamlit still running? If you accidentally stopped Streamlit, just restart it in your terminal: @ http://localhost:18501/static/js/index.k-9rUdPI.js:24
[12168353ms] [ERROR] Failed to load resource: net::ERR_CONNECTION_REFUSED @ http://localhost:18501/_stcore/host-config:0
[12172645ms] [ERROR] Failed to load resource: net::ERR_CONNECTION_REFUSED @ http://localhost:18501/_stcore/health:0
[12172645ms] [ERROR] Client Error in reaching server endpoint - No response received when attempting to reach /_stcore/health @ http://localhost:18501/static/js/index.k-9rUdPI.js:19
[12172645ms] [ERROR] Is Streamlit still running? If you accidentally stopped Streamlit, just restart it in your terminal: @ http://localhost:18501/static/js/index.k-9rUdPI.js:24
[12172662ms] [ERROR] Failed to load resource: net::ERR_CONNECTION_REFUSED @ http://localhost:18501/_stcore/host-config:0
[12176979ms] [ERROR] Failed to load resource: net::ERR_CONNECTION_REFUSED @ http://localhost:18501/_stcore/health:0
[12176979ms] [ERROR] Client Error in reaching server endpoint - No response received when attempting to reach /_stcore/health @ http://localhost:18501/static/js/index.k-9rUdPI.js:19
[12176979ms] [ERROR] Is Streamlit still running? If you accidentally stopped Streamlit, just restart it in your terminal: @ http://localhost:18501/static/js/index.k-9rUdPI.js:24
[12176980ms] [ERROR] Failed to load resource: net::ERR_CONNECTION_REFUSED @ http://localhost:18501/_stcore/host-config:0
[12181312ms] [ERROR] Failed to load resource: net::ERR_CONNECTION_REFUSED @ http://localhost:18501/_stcore/health:0
[12181312ms] [ERROR] Client Error in reaching server endpoint - No response received when attempting to reach /_stcore/health @ http://localhost:18501/static/js/index.k-9rUdPI.js:19
[12181312ms] [ERROR] Is Streamlit still running? If you accidentally stopped Streamlit, just restart it in your terminal: @ http://localhost:18501/static/js/index.k-9rUdPI.js:24
[12181312ms] [ERROR] Failed to load resource: net::ERR_CONNECTION_REFUSED @ http://localhost:18501/_stcore/host-config:0
[12185640ms] [ERROR] Failed to load resource: net::ERR_CONNECTION_REFUSED @ http://localhost:18501/_stcore/health:0
[12185640ms] [ERROR] Client Error in reaching server endpoint - No response received when attempting to reach /_stcore/health @ http://localhost:18501/static/js/index.k-9rUdPI.js:19
[12185640ms] [ERROR] Is Streamlit still running? If you accidentally stopped Streamlit, just restart it in your terminal: @ http://localhost:18501/static/js/index.k-9rUdPI.js:24
[12185640ms] [ERROR] Failed to load resource: net::ERR_CONNECTION_REFUSED @ http://localhost:18501/_stcore/host-config:0
[12189960ms] [ERROR] Failed to load resource: net::ERR_CONNECTION_REFUSED @ http://localhost:18501/_stcore/health:0
[12189960ms] [ERROR] Client Error in reaching server endpoint - No response received when attempting to reach /_stcore/health @ http://localhost:18501/static/js/index.k-9rUdPI.js:19
[12189961ms] [ERROR] Is Streamlit still running? If you accidentally stopped Streamlit, just restart it in your terminal: @ http://localhost:18501/static/js/index.k-9rUdPI.js:24
[12189961ms] [ERROR] Failed to load resource: net::ERR_CONNECTION_REFUSED @ http://localhost:18501/_stcore/host-config:0
[12194285ms] [ERROR] Failed to load resource: net::ERR_CONNECTION_REFUSED @ http://localhost:18501/_stcore/health:0
[12194286ms] [ERROR] Client Error in reaching server endpoint - No response received when attempting to reach /_stcore/health @ http://localhost:18501/static/js/index.k-9rUdPI.js:19
[12194286ms] [ERROR] Is Streamlit still running? If you accidentally stopped Streamlit, just restart it in your terminal: @ http://localhost:18501/static/js/index.k-9rUdPI.js:24
[12194286ms] [ERROR] Failed to load resource: net::ERR_CONNECTION_REFUSED @ http://localhost:18501/_stcore/host-config:0
[12198608ms] [ERROR] Failed to load resource: net::ERR_CONNECTION_REFUSED @ http://localhost:18501/_stcore/health:0
[12198608ms] [ERROR] Client Error in reaching server endpoint - No response received when attempting to reach /_stcore/health @ http://localhost:18501/static/js/index.k-9rUdPI.js:19
[12198609ms] [ERROR] Is Streamlit still running? If you accidentally stopped Streamlit, just restart it in your terminal: @ http://localhost:18501/static/js/index.k-9rUdPI.js:24
[12198609ms] [ERROR] Failed to load resource: net::ERR_CONNECTION_REFUSED @ http://localhost:18501/_stcore/host-config:0
[12202931ms] [ERROR] Failed to load resource: net::ERR_CONNECTION_REFUSED @ http://localhost:18501/_stcore/health:0
[12202931ms] [ERROR] Client Error in reaching server endpoint - No response received when attempting to reach /_stcore/health @ http://localhost:18501/static/js/index.k-9rUdPI.js:19
[12202932ms] [ERROR] Is Streamlit still running? If you accidentally stopped Streamlit, just restart it in your terminal: @ http://localhost:18501/static/js/index.k-9rUdPI.js:24
[12202932ms] [ERROR] Failed to load resource: net::ERR_CONNECTION_REFUSED @ http://localhost:18501/_stcore/host-config:0
[12207249ms] [ERROR] Failed to load resource: net::ERR_CONNECTION_REFUSED @ http://localhost:18501/_stcore/health:0
[12207249ms] [ERROR] Client Error in reaching server endpoint - No response received when attempting to reach /_stcore/health @ http://localhost:18501/static/js/index.k-9rUdPI.js:19
[12207249ms] [ERROR] Is Streamlit still running? If you accidentally stopped Streamlit, just restart it in your terminal: @ http://localhost:18501/static/js/index.k-9rUdPI.js:24
[12207277ms] [ERROR] Failed to load resource: net::ERR_CONNECTION_REFUSED @ http://localhost:18501/_stcore/host-config:0
[12211566ms] [ERROR] Failed to load resource: net::ERR_CONNECTION_REFUSED @ http://localhost:18501/_stcore/health:0
[12211566ms] [ERROR] Client Error in reaching server endpoint - No response received when attempting to reach /_stcore/health @ http://localhost:18501/static/js/index.k-9rUdPI.js:19
[12211566ms] [ERROR] Is Streamlit still running? If you accidentally stopped Streamlit, just restart it in your terminal: @ http://localhost:18501/static/js/index.k-9rUdPI.js:24
[12211567ms] [ERROR] Failed to load resource: net::ERR_CONNECTION_REFUSED @ http://localhost:18501/_stcore/host-config:0
[12215889ms] [ERROR] Failed to load resource: net::ERR_CONNECTION_REFUSED @ http://localhost:18501/_stcore/health:0
[12215889ms] [ERROR] Client Error in reaching server endpoint - No response received when attempting to reach /_stcore/health @ http://localhost:18501/static/js/index.k-9rUdPI.js:19
[12215889ms] [ERROR] Is Streamlit still running? If you accidentally stopped Streamlit, just restart it in your terminal: @ http://localhost:18501/static/js/index.k-9rUdPI.js:24
[12215889ms] [ERROR] Failed to load resource: net::ERR_CONNECTION_REFUSED @ http://localhost:18501/_stcore/host-config:0
[12220205ms] [ERROR] Failed to load resource: net::ERR_CONNECTION_REFUSED @ http://localhost:18501/_stcore/health:0
[12220205ms] [ERROR] Client Error in reaching server endpoint - No response received when attempting to reach /_stcore/health @ http://localhost:18501/static/js/index.k-9rUdPI.js:19
[12220205ms] [ERROR] Is Streamlit still running? If you accidentally stopped Streamlit, just restart it in your terminal: @ http://localhost:18501/static/js/index.k-9rUdPI.js:24
[12220231ms] [ERROR] Failed to load resource: net::ERR_CONNECTION_REFUSED @ http://localhost:18501/_stcore/host-config:0
[12224545ms] [ERROR] Failed to load resource: net::ERR_CONNECTION_REFUSED @ http://localhost:18501/_stcore/health:0
[12224545ms] [ERROR] Client Error in reaching server endpoint - No response received when attempting to reach /_stcore/health @ http://localhost:18501/static/js/index.k-9rUdPI.js:19
[12224545ms] [ERROR] Is Streamlit still running? If you accidentally stopped Streamlit, just restart it in your terminal: @ http://localhost:18501/static/js/index.k-9rUdPI.js:24
[12224545ms] [ERROR] Failed to load resource: net::ERR_CONNECTION_REFUSED @ http://localhost:18501/_stcore/host-config:0
[12228876ms] [ERROR] Failed to load resource: net::ERR_CONNECTION_REFUSED @ http://localhost:18501/_stcore/health:0
[12228877ms] [ERROR] Client Error in reaching server endpoint - No response received when attempting to reach /_stcore/health @ http://localhost:18501/static/js/index.k-9rUdPI.js:19
[12228877ms] [ERROR] Is Streamlit still running? If you accidentally stopped Streamlit, just restart it in your terminal: @ http://localhost:18501/static/js/index.k-9rUdPI.js:24
[12228877ms] [ERROR] Failed to load resource: net::ERR_CONNECTION_REFUSED @ http://localhost:18501/_stcore/host-config:0
[12233202ms] [ERROR] Failed to load resource: net::ERR_CONNECTION_REFUSED @ http://localhost:18501/_stcore/health:0
[12233202ms] [ERROR] Client Error in reaching server endpoint - No response received when attempting to reach /_stcore/health @ http://localhost:18501/static/js/index.k-9rUdPI.js:19
[12233202ms] [ERROR] Is Streamlit still running? If you accidentally stopped Streamlit, just restart it in your terminal: @ http://localhost:18501/static/js/index.k-9rUdPI.js:24
[12233202ms] [ERROR] Failed to load resource: net::ERR_CONNECTION_REFUSED @ http://localhost:18501/_stcore/host-config:0
[12237525ms] [ERROR] Failed to load resource: net::ERR_CONNECTION_REFUSED @ http://localhost:18501/_stcore/health:0
[12237525ms] [ERROR] Client Error in reaching server endpoint - No response received when attempting to reach /_stcore/health @ http://localhost:18501/static/js/index.k-9rUdPI.js:19
[12237526ms] [ERROR] Is Streamlit still running? If you accidentally stopped Streamlit, just restart it in your terminal: @ http://localhost:18501/static/js/index.k-9rUdPI.js:24
[12237549ms] [ERROR] Failed to load resource: net::ERR_CONNECTION_REFUSED @ http://localhost:18501/_stcore/host-config:0
[12241846ms] [ERROR] Failed to load resource: net::ERR_CONNECTION_REFUSED @ http://localhost:18501/_stcore/health:0
[12241846ms] [ERROR] Client Error in reaching server endpoint - No response received when attempting to reach /_stcore/health @ http://localhost:18501/static/js/index.k-9rUdPI.js:19
[12241847ms] [ERROR] Is Streamlit still running? If you accidentally stopped Streamlit, just restart it in your terminal: @ http://localhost:18501/static/js/index.k-9rUdPI.js:24
[12241848ms] [ERROR] Failed to load resource: net::ERR_CONNECTION_REFUSED @ http://localhost:18501/_stcore/host-config:0
[12246167ms] [ERROR] Failed to load resource: net::ERR_CONNECTION_REFUSED @ http://localhost:18501/_stcore/health:0
[12246167ms] [ERROR] Client Error in reaching server endpoint - No response received when attempting to reach /_stcore/health @ http://localhost:18501/static/js/index.k-9rUdPI.js:19
[12246167ms] [ERROR] Is Streamlit still running? If you accidentally stopped Streamlit, just restart it in your terminal: @ http://localhost:18501/static/js/index.k-9rUdPI.js:24
[12246168ms] [ERROR] Failed to load resource: net::ERR_CONNECTION_REFUSED @ http://localhost:18501/_stcore/host-config:0
[12250483ms] [ERROR] Failed to load resource: net::ERR_CONNECTION_REFUSED @ http://localhost:18501/_stcore/health:0
[12250483ms] [ERROR] Client Error in reaching server endpoint - No response received when attempting to reach /_stcore/health @ http://localhost:18501/static/js/index.k-9rUdPI.js:19
[12250484ms] [ERROR] Is Streamlit still running? If you accidentally stopped Streamlit, just restart it in your terminal: @ http://localhost:18501/static/js/index.k-9rUdPI.js:24
[12250501ms] [ERROR] Failed to load resource: net::ERR_CONNECTION_REFUSED @ http://localhost:18501/_stcore/host-config:0
[12254816ms] [ERROR] Failed to load resource: net::ERR_CONNECTION_REFUSED @ http://localhost:18501/_stcore/health:0
[12254816ms] [ERROR] Client Error in reaching server endpoint - No response received when attempting to reach /_stcore/health @ http://localhost:18501/static/js/index.k-9rUdPI.js:19
[12254816ms] [ERROR] Is Streamlit still running? If you accidentally stopped Streamlit, just restart it in your terminal: @ http://localhost:18501/static/js/index.k-9rUdPI.js:24
[12254816ms] [ERROR] Failed to load resource: net::ERR_CONNECTION_REFUSED @ http://localhost:18501/_stcore/host-config:0
[12259143ms] [ERROR] Failed to load resource: net::ERR_CONNECTION_REFUSED @ http://localhost:18501/_stcore/health:0
[12259143ms] [ERROR] Client Error in reaching server endpoint - No response received when attempting to reach /_stcore/health @ http://localhost:18501/static/js/index.k-9rUdPI.js:19
[12259144ms] [ERROR] Is Streamlit still running? If you accidentally stopped Streamlit, just restart it in your terminal: @ http://localhost:18501/static/js/index.k-9rUdPI.js:24
[12259145ms] [ERROR] Failed to load resource: net::ERR_CONNECTION_REFUSED @ http://localhost:18501/_stcore/host-config:0
[12263471ms] [ERROR] Failed to load resource: net::ERR_CONNECTION_REFUSED @ http://localhost:18501/_stcore/health:0
[12263471ms] [ERROR] Client Error in reaching server endpoint - No response received when attempting to reach /_stcore/health @ http://localhost:18501/static/js/index.k-9rUdPI.js:19
[12263471ms] [ERROR] Is Streamlit still running? If you accidentally stopped Streamlit, just restart it in your terminal: @ http://localhost:18501/static/js/index.k-9rUdPI.js:24
[12263492ms] [ERROR] Failed to load resource: net::ERR_CONNECTION_REFUSED @ http://localhost:18501/_stcore/host-config:0
[12267792ms] [ERROR] Failed to load resource: net::ERR_CONNECTION_REFUSED @ http://localhost:18501/_stcore/health:0
[12267793ms] [ERROR] Client Error in reaching server endpoint - No response received when attempting to reach /_stcore/health @ http://localhost:18501/static/js/index.k-9rUdPI.js:19
[12267793ms] [ERROR] Is Streamlit still running? If you accidentally stopped Streamlit, just restart it in your terminal: @ http://localhost:18501/static/js/index.k-9rUdPI.js:24
[12267794ms] [ERROR] Failed to load resource: net::ERR_CONNECTION_REFUSED @ http://localhost:18501/_stcore/host-config:0
[12272119ms] [ERROR] Failed to load resource: net::ERR_CONNECTION_REFUSED @ http://localhost:18501/_stcore/health:0
[12272119ms] [ERROR] Client Error in reaching server endpoint - No response received when attempting to reach /_stcore/health @ http://localhost:18501/static/js/index.k-9rUdPI.js:19
[12272119ms] [ERROR] Is Streamlit still running? If you accidentally stopped Streamlit, just restart it in your terminal: @ http://localhost:18501/static/js/index.k-9rUdPI.js:24
[12272119ms] [ERROR] Failed to load resource: net::ERR_CONNECTION_REFUSED @ http://localhost:18501/_stcore/host-config:0
[12276434ms] [ERROR] Failed to load resource: net::ERR_CONNECTION_REFUSED @ http://localhost:18501/_stcore/health:0
[12276434ms] [ERROR] Client Error in reaching server endpoint - No response received when attempting to reach /_stcore/health @ http://localhost:18501/static/js/index.k-9rUdPI.js:19
[12276434ms] [ERROR] Is Streamlit still running? If you accidentally stopped Streamlit, just restart it in your terminal: @ http://localhost:18501/static/js/index.k-9rUdPI.js:24
[12276458ms] [ERROR] Failed to load resource: net::ERR_CONNECTION_REFUSED @ http://localhost:18501/_stcore/host-config:0
[12280766ms] [ERROR] Failed to load resource: net::ERR_CONNECTION_REFUSED @ http://localhost:18501/_stcore/health:0
[12280766ms] [ERROR] Client Error in reaching server endpoint - No response received when attempting to reach /_stcore/health @ http://localhost:18501/static/js/index.k-9rUdPI.js:19
[12280766ms] [ERROR] Is Streamlit still running? If you accidentally stopped Streamlit, just restart it in your terminal: @ http://localhost:18501/static/js/index.k-9rUdPI.js:24
[12280767ms] [ERROR] Failed to load resource: net::ERR_CONNECTION_REFUSED @ http://localhost:18501/_stcore/host-config:0
[12285122ms] [ERROR] Failed to load resource: net::ERR_CONNECTION_REFUSED @ http://localhost:18501/_stcore/health:0
[12285122ms] [ERROR] Client Error in reaching server endpoint - No response received when attempting to reach /_stcore/health @ http://localhost:18501/static/js/index.k-9rUdPI.js:19
[12285122ms] [ERROR] Is Streamlit still running? If you accidentally stopped Streamlit, just restart it in your terminal: @ http://localhost:18501/static/js/index.k-9rUdPI.js:24
[12285123ms] [ERROR] Failed to load resource: net::ERR_CONNECTION_REFUSED @ http://localhost:18501/_stcore/host-config:0
[12289441ms] [ERROR] Failed to load resource: net::ERR_CONNECTION_REFUSED @ http://localhost:18501/_stcore/health:0
[12289441ms] [ERROR] Client Error in reaching server endpoint - No response received when attempting to reach /_stcore/health @ http://localhost:18501/static/js/index.k-9rUdPI.js:19
[12289441ms] [ERROR] Is Streamlit still running? If you accidentally stopped Streamlit, just restart it in your terminal: @ http://localhost:18501/static/js/index.k-9rUdPI.js:24
[12289442ms] [ERROR] Failed to load resource: net::ERR_CONNECTION_REFUSED @ http://localhost:18501/_stcore/host-config:0
[12293766ms] [ERROR] Failed to load resource: net::ERR_CONNECTION_REFUSED @ http://localhost:18501/_stcore/health:0
[12293767ms] [ERROR] Client Error in reaching server endpoint - No response received when attempting to reach /_stcore/health @ http://localhost:18501/static/js/index.k-9rUdPI.js:19
[12293767ms] [ERROR] Is Streamlit still running? If you accidentally stopped Streamlit, just restart it in your terminal: @ http://localhost:18501/static/js/index.k-9rUdPI.js:24
[12293767ms] [ERROR] Failed to load resource: net::ERR_CONNECTION_REFUSED @ http://localhost:18501/_stcore/host-config:0
[12298096ms] [ERROR] Failed to load resource: net::ERR_CONNECTION_REFUSED @ http://localhost:18501/_stcore/health:0
[12298096ms] [ERROR] Client Error in reaching server endpoint - No response received when attempting to reach /_stcore/health @ http://localhost:18501/static/js/index.k-9rUdPI.js:19
[12298096ms] [ERROR] Is Streamlit still running? If you accidentally stopped Streamlit, just restart it in your terminal: @ http://localhost:18501/static/js/index.k-9rUdPI.js:24
[12298096ms] [ERROR] Failed to load resource: net::ERR_CONNECTION_REFUSED @ http://localhost:18501/_stcore/host-config:0
[12302415ms] [ERROR] Failed to load resource: net::ERR_CONNECTION_REFUSED @ http://localhost:18501/_stcore/health:0
[12302416ms] [ERROR] Client Error in reaching server endpoint - No response received when attempting to reach /_stcore/health @ http://localhost:18501/static/js/index.k-9rUdPI.js:19
[12302416ms] [ERROR] Is Streamlit still running? If you accidentally stopped Streamlit, just restart it in your terminal: @ http://localhost:18501/static/js/index.k-9rUdPI.js:24
[12302442ms] [ERROR] Failed to load resource: net::ERR_CONNECTION_REFUSED @ http://localhost:18501/_stcore/host-config:0
[12306741ms] [ERROR] Failed to load resource: net::ERR_CONNECTION_REFUSED @ http://localhost:18501/_stcore/health:0
[12306741ms] [ERROR] Client Error in reaching server endpoint - No response received when attempting to reach /_stcore/health @ http://localhost:18501/static/js/index.k-9rUdPI.js:19
[12306741ms] [ERROR] Is Streamlit still running? If you accidentally stopped Streamlit, just restart it in your terminal: @ http://localhost:18501/static/js/index.k-9rUdPI.js:24
[12306765ms] [ERROR] Failed to load resource: net::ERR_CONNECTION_REFUSED @ http://localhost:18501/_stcore/host-config:0
[12311072ms] [ERROR] Failed to load resource: net::ERR_CONNECTION_REFUSED @ http://localhost:18501/_stcore/health:0
[12311072ms] [ERROR] Client Error in reaching server endpoint - No response received when attempting to reach /_stcore/health @ http://localhost:18501/static/js/index.k-9rUdPI.js:19
[12311072ms] [ERROR] Is Streamlit still running? If you accidentally stopped Streamlit, just restart it in your terminal: @ http://localhost:18501/static/js/index.k-9rUdPI.js:24
[12311098ms] [ERROR] Failed to load resource: net::ERR_CONNECTION_REFUSED @ http://localhost:18501/_stcore/host-config:0
[12315391ms] [ERROR] Failed to load resource: net::ERR_CONNECTION_REFUSED @ http://localhost:18501/_stcore/health:0
[12315391ms] [ERROR] Client Error in reaching server endpoint - No response received when attempting to reach /_stcore/health @ http://localhost:18501/static/js/index.k-9rUdPI.js:19
[12315391ms] [ERROR] Is Streamlit still running? If you accidentally stopped Streamlit, just restart it in your terminal: @ http://localhost:18501/static/js/index.k-9rUdPI.js:24
[12315411ms] [ERROR] Failed to load resource: net::ERR_CONNECTION_REFUSED @ http://localhost:18501/_stcore/host-config:0
[12319715ms] [ERROR] Failed to load resource: net::ERR_CONNECTION_REFUSED @ http://localhost:18501/_stcore/health:0
[12319716ms] [ERROR] Client Error in reaching server endpoint - No response received when attempting to reach /_stcore/health @ http://localhost:18501/static/js/index.k-9rUdPI.js:19
[12319716ms] [ERROR] Is Streamlit still running? If you accidentally stopped Streamlit, just restart it in your terminal: @ http://localhost:18501/static/js/index.k-9rUdPI.js:24
[12319716ms] [ERROR] Failed to load resource: net::ERR_CONNECTION_REFUSED @ http://localhost:18501/_stcore/host-config:0
[12324032ms] [ERROR] Failed to load resource: net::ERR_CONNECTION_REFUSED @ http://localhost:18501/_stcore/health:0
[12324032ms] [ERROR] Client Error in reaching server endpoint - No response received when attempting to reach /_stcore/health @ http://localhost:18501/static/js/index.k-9rUdPI.js:19
[12324032ms] [ERROR] Is Streamlit still running? If you accidentally stopped Streamlit, just restart it in your terminal: @ http://localhost:18501/static/js/index.k-9rUdPI.js:24
[12324032ms] [ERROR] Failed to load resource: net::ERR_CONNECTION_REFUSED @ http://localhost:18501/_stcore/host-config:0
[12328363ms] [ERROR] Failed to load resource: net::ERR_CONNECTION_REFUSED @ http://localhost:18501/_stcore/health:0
[12328363ms] [ERROR] Client Error in reaching server endpoint - No response received when attempting to reach /_stcore/health @ http://localhost:18501/static/js/index.k-9rUdPI.js:19
[12328363ms] [ERROR] Is Streamlit still running? If you accidentally stopped Streamlit, just restart it in your terminal: @ http://localhost:18501/static/js/index.k-9rUdPI.js:24
[12328364ms] [ERROR] Failed to load resource: net::ERR_CONNECTION_REFUSED @ http://localhost:18501/_stcore/host-config:0
[12332682ms] [ERROR] Failed to load resource: net::ERR_CONNECTION_REFUSED @ http://localhost:18501/_stcore/health:0
[12332682ms] [ERROR] Client Error in reaching server endpoint - No response received when attempting to reach /_stcore/health @ http://localhost:18501/static/js/index.k-9rUdPI.js:19
[12332683ms] [ERROR] Is Streamlit still running? If you accidentally stopped Streamlit, just restart it in your terminal: @ http://localhost:18501/static/js/index.k-9rUdPI.js:24
[12332683ms] [ERROR] Failed to load resource: net::ERR_CONNECTION_REFUSED @ http://localhost:18501/_stcore/host-config:0
[12337022ms] [ERROR] Failed to load resource: net::ERR_CONNECTION_REFUSED @ http://localhost:18501/_stcore/health:0
[12337022ms] [ERROR] Client Error in reaching server endpoint - No response received when attempting to reach /_stcore/health @ http://localhost:18501/static/js/index.k-9rUdPI.js:19
[12337023ms] [ERROR] Is Streamlit still running? If you accidentally stopped Streamlit, just restart it in your terminal: @ http://localhost:18501/static/js/index.k-9rUdPI.js:24
[12337023ms] [ERROR] Failed to load resource: net::ERR_CONNECTION_REFUSED @ http://localhost:18501/_stcore/host-config:0
[12341342ms] [ERROR] Failed to load resource: net::ERR_CONNECTION_REFUSED @ http://localhost:18501/_stcore/health:0
[12341342ms] [ERROR] Client Error in reaching server endpoint - No response received when attempting to reach /_stcore/health @ http://localhost:18501/static/js/index.k-9rUdPI.js:19
[12341342ms] [ERROR] Is Streamlit still running? If you accidentally stopped Streamlit, just restart it in your terminal: @ http://localhost:18501/static/js/index.k-9rUdPI.js:24
[12341343ms] [ERROR] Failed to load resource: net::ERR_CONNECTION_REFUSED @ http://localhost:18501/_stcore/host-config:0
[12345658ms] [ERROR] Failed to load resource: net::ERR_CONNECTION_REFUSED @ http://localhost:18501/_stcore/health:0
[12345659ms] [ERROR] Client Error in reaching server endpoint - No response received when attempting to reach /_stcore/health @ http://localhost:18501/static/js/index.k-9rUdPI.js:19
[12345659ms] [ERROR] Is Streamlit still running? If you accidentally stopped Streamlit, just restart it in your terminal: @ http://localhost:18501/static/js/index.k-9rUdPI.js:24
[12345677ms] [ERROR] Failed to load resource: net::ERR_CONNECTION_REFUSED @ http://localhost:18501/_stcore/host-config:0
[12349993ms] [ERROR] Failed to load resource: net::ERR_CONNECTION_REFUSED @ http://localhost:18501/_stcore/health:0
[12349993ms] [ERROR] Client Error in reaching server endpoint - No response received when attempting to reach /_stcore/health @ http://localhost:18501/static/js/index.k-9rUdPI.js:19
[12349993ms] [ERROR] Is Streamlit still running? If you accidentally stopped Streamlit, just restart it in your terminal: @ http://localhost:18501/static/js/index.k-9rUdPI.js:24
[12349994ms] [ERROR] Failed to load resource: net::ERR_CONNECTION_REFUSED @ http://localhost:18501/_stcore/host-config:0
[12354312ms] [ERROR] Failed to load resource: net::ERR_CONNECTION_REFUSED @ http://localhost:18501/_stcore/health:0
[12354312ms] [ERROR] Client Error in reaching server endpoint - No response received when attempting to reach /_stcore/health @ http://localhost:18501/static/js/index.k-9rUdPI.js:19
[12354312ms] [ERROR] Is Streamlit still running? If you accidentally stopped Streamlit, just restart it in your terminal: @ http://localhost:18501/static/js/index.k-9rUdPI.js:24
[12354335ms] [ERROR] Failed to load resource: net::ERR_CONNECTION_REFUSED @ http://localhost:18501/_stcore/host-config:0
[12358640ms] [ERROR] Failed to load resource: net::ERR_CONNECTION_REFUSED @ http://localhost:18501/_stcore/health:0
[12358640ms] [ERROR] Client Error in reaching server endpoint - No response received when attempting to reach /_stcore/health @ http://localhost:18501/static/js/index.k-9rUdPI.js:19
[12358640ms] [ERROR] Is Streamlit still running? If you accidentally stopped Streamlit, just restart it in your terminal: @ http://localhost:18501/static/js/index.k-9rUdPI.js:24
[12358640ms] [ERROR] Failed to load resource: net::ERR_CONNECTION_REFUSED @ http://localhost:18501/_stcore/host-config:0
[12362984ms] [ERROR] Failed to load resource: net::ERR_CONNECTION_REFUSED @ http://localhost:18501/_stcore/health:0
[12362984ms] [ERROR] Client Error in reaching server endpoint - No response received when attempting to reach /_stcore/health @ http://localhost:18501/static/js/index.k-9rUdPI.js:19
[12362984ms] [ERROR] Is Streamlit still running? If you accidentally stopped Streamlit, just restart it in your terminal: @ http://localhost:18501/static/js/index.k-9rUdPI.js:24
[12362984ms] [ERROR] Failed to load resource: net::ERR_CONNECTION_REFUSED @ http://localhost:18501/_stcore/host-config:0
[12367300ms] [ERROR] Failed to load resource: net::ERR_CONNECTION_REFUSED @ http://localhost:18501/_stcore/health:0
[12367300ms] [ERROR] Client Error in reaching server endpoint - No response received when attempting to reach /_stcore/health @ http://localhost:18501/static/js/index.k-9rUdPI.js:19
[12367300ms] [ERROR] Is Streamlit still running? If you accidentally stopped Streamlit, just restart it in your terminal: @ http://localhost:18501/static/js/index.k-9rUdPI.js:24
[12367300ms] [ERROR] Failed to load resource: net::ERR_CONNECTION_REFUSED @ http://localhost:18501/_stcore/host-config:0
[12371625ms] [ERROR] Failed to load resource: net::ERR_CONNECTION_REFUSED @ http://localhost:18501/_stcore/health:0
[12371625ms] [ERROR] Client Error in reaching server endpoint - No response received when attempting to reach /_stcore/health @ http://localhost:18501/static/js/index.k-9rUdPI.js:19
[12371625ms] [ERROR] Is Streamlit still running? If you accidentally stopped Streamlit, just restart it in your terminal: @ http://localhost:18501/static/js/index.k-9rUdPI.js:24
[12371626ms] [ERROR] Failed to load resource: net::ERR_CONNECTION_REFUSED @ http://localhost:18501/_stcore/host-config:0
[12375943ms] [ERROR] Failed to load resource: net::ERR_CONNECTION_REFUSED @ http://localhost:18501/_stcore/health:0
[12375943ms] [ERROR] Client Error in reaching server endpoint - No response received when attempting to reach /_stcore/health @ http://localhost:18501/static/js/index.k-9rUdPI.js:19
[12375943ms] [ERROR] Is Streamlit still running? If you accidentally stopped Streamlit, just restart it in your terminal: @ http://localhost:18501/static/js/index.k-9rUdPI.js:24
[12375944ms] [ERROR] Failed to load resource: net::ERR_CONNECTION_REFUSED @ http://localhost:18501/_stcore/host-config:0
[12380269ms] [ERROR] Failed to load resource: net::ERR_CONNECTION_REFUSED @ http://localhost:18501/_stcore/health:0
[12380269ms] [ERROR] Client Error in reaching server endpoint - No response received when attempting to reach /_stcore/health @ http://localhost:18501/static/js/index.k-9rUdPI.js:19
[12380269ms] [ERROR] Is Streamlit still running? If you accidentally stopped Streamlit, just restart it in your terminal: @ http://localhost:18501/static/js/index.k-9rUdPI.js:24
[12380270ms] [ERROR] Failed to load resource: net::ERR_CONNECTION_REFUSED @ http://localhost:18501/_stcore/host-config:0
[12384591ms] [ERROR] Failed to load resource: net::ERR_CONNECTION_REFUSED @ http://localhost:18501/_stcore/health:0
[12384591ms] [ERROR] Client Error in reaching server endpoint - No response received when attempting to reach /_stcore/health @ http://localhost:18501/static/js/index.k-9rUdPI.js:19
[12384591ms] [ERROR] Is Streamlit still running? If you accidentally stopped Streamlit, just restart it in your terminal: @ http://localhost:18501/static/js/index.k-9rUdPI.js:24
[12384591ms] [ERROR] Failed to load resource: net::ERR_CONNECTION_REFUSED @ http://localhost:18501/_stcore/host-config:0
[12388906ms] [ERROR] Failed to load resource: net::ERR_CONNECTION_REFUSED @ http://localhost:18501/_stcore/health:0
[12388907ms] [ERROR] Client Error in reaching server endpoint - No response received when attempting to reach /_stcore/health @ http://localhost:18501/static/js/index.k-9rUdPI.js:19
[12388907ms] [ERROR] Is Streamlit still running? If you accidentally stopped Streamlit, just restart it in your terminal: @ http://localhost:18501/static/js/index.k-9rUdPI.js:24
[12388907ms] [ERROR] Failed to load resource: net::ERR_CONNECTION_REFUSED @ http://localhost:18501/_stcore/host-config:0
[12393246ms] [ERROR] Failed to load resource: net::ERR_CONNECTION_REFUSED @ http://localhost:18501/_stcore/health:0
[12393246ms] [ERROR] Client Error in reaching server endpoint - No response received when attempting to reach /_stcore/health @ http://localhost:18501/static/js/index.k-9rUdPI.js:19
[12393246ms] [ERROR] Is Streamlit still running? If you accidentally stopped Streamlit, just restart it in your terminal: @ http://localhost:18501/static/js/index.k-9rUdPI.js:24
[12393246ms] [ERROR] Failed to load resource: net::ERR_CONNECTION_REFUSED @ http://localhost:18501/_stcore/host-config:0
[12397593ms] [ERROR] Failed to load resource: net::ERR_CONNECTION_REFUSED @ http://localhost:18501/_stcore/health:0
[12397593ms] [ERROR] Client Error in reaching server endpoint - No response received when attempting to reach /_stcore/health @ http://localhost:18501/static/js/index.k-9rUdPI.js:19
[12397594ms] [ERROR] Is Streamlit still running? If you accidentally stopped Streamlit, just restart it in your terminal: @ http://localhost:18501/static/js/index.k-9rUdPI.js:24
[12397612ms] [ERROR] Failed to load resource: net::ERR_CONNECTION_REFUSED @ http://localhost:18501/_stcore/host-config:0
[12401929ms] [ERROR] Failed to load resource: net::ERR_CONNECTION_REFUSED @ http://localhost:18501/_stcore/health:0
[12401929ms] [ERROR] Client Error in reaching server endpoint - No response received when attempting to reach /_stcore/health @ http://localhost:18501/static/js/index.k-9rUdPI.js:19
[12401930ms] [ERROR] Is Streamlit still running? If you accidentally stopped Streamlit, just restart it in your terminal: @ http://localhost:18501/static/js/index.k-9rUdPI.js:24
[12401930ms] [ERROR] Failed to load resource: net::ERR_CONNECTION_REFUSED @ http://localhost:18501/_stcore/host-config:0
[12406254ms] [ERROR] Failed to load resource: net::ERR_CONNECTION_REFUSED @ http://localhost:18501/_stcore/health:0
[12406254ms] [ERROR] Client Error in reaching server endpoint - No response received when attempting to reach /_stcore/health @ http://localhost:18501/static/js/index.k-9rUdPI.js:19
[12406254ms] [ERROR] Is Streamlit still running? If you accidentally stopped Streamlit, just restart it in your terminal: @ http://localhost:18501/static/js/index.k-9rUdPI.js:24
[12406254ms] [ERROR] Failed to load resource: net::ERR_CONNECTION_REFUSED @ http://localhost:18501/_stcore/host-config:0
[12410573ms] [ERROR] Failed to load resource: net::ERR_CONNECTION_REFUSED @ http://localhost:18501/_stcore/health:0
[12410573ms] [ERROR] Client Error in reaching server endpoint - No response received when attempting to reach /_stcore/health @ http://localhost:18501/static/js/index.k-9rUdPI.js:19
[12410573ms] [ERROR] Is Streamlit still running? If you accidentally stopped Streamlit, just restart it in your terminal: @ http://localhost:18501/static/js/index.k-9rUdPI.js:24
[12410574ms] [ERROR] Failed to load resource: net::ERR_CONNECTION_REFUSED @ http://localhost:18501/_stcore/host-config:0
[12414885ms] [ERROR] Failed to load resource: net::ERR_CONNECTION_REFUSED @ http://localhost:18501/_stcore/health:0
[12414885ms] [ERROR] Client Error in reaching server endpoint - No response received when attempting to reach /_stcore/health @ http://localhost:18501/static/js/index.k-9rUdPI.js:19
[12414885ms] [ERROR] Is Streamlit still running? If you accidentally stopped Streamlit, just restart it in your terminal: @ http://localhost:18501/static/js/index.k-9rUdPI.js:24
[12414915ms] [ERROR] Failed to load resource: net::ERR_CONNECTION_REFUSED @ http://localhost:18501/_stcore/host-config:0
[12419219ms] [ERROR] Failed to load resource: net::ERR_CONNECTION_REFUSED @ http://localhost:18501/_stcore/health:0
[12419219ms] [ERROR] Client Error in reaching server endpoint - No response received when attempting to reach /_stcore/health @ http://localhost:18501/static/js/index.k-9rUdPI.js:19
[12419219ms] [ERROR] Is Streamlit still running? If you accidentally stopped Streamlit, just restart it in your terminal: @ http://localhost:18501/static/js/index.k-9rUdPI.js:24
[12419219ms] [ERROR] Failed to load resource: net::ERR_CONNECTION_REFUSED @ http://localhost:18501/_stcore/host-config:0
[12423550ms] [ERROR] Failed to load resource: net::ERR_CONNECTION_REFUSED @ http://localhost:18501/_stcore/health:0
[12423550ms] [ERROR] Client Error in reaching server endpoint - No response received when attempting to reach /_stcore/health @ http://localhost:18501/static/js/index.k-9rUdPI.js:19
[12423550ms] [ERROR] Is Streamlit still running? If you accidentally stopped Streamlit, just restart it in your terminal: @ http://localhost:18501/static/js/index.k-9rUdPI.js:24
[12423551ms] [ERROR] Failed to load resource: net::ERR_CONNECTION_REFUSED @ http://localhost:18501/_stcore/host-config:0
[12427876ms] [ERROR] Failed to load resource: net::ERR_CONNECTION_REFUSED @ http://localhost:18501/_stcore/health:0
[12427876ms] [ERROR] Client Error in reaching server endpoint - No response received when attempting to reach /_stcore/health @ http://localhost:18501/static/js/index.k-9rUdPI.js:19
[12427876ms] [ERROR] Is Streamlit still running? If you accidentally stopped Streamlit, just restart it in your terminal: @ http://localhost:18501/static/js/index.k-9rUdPI.js:24
[12427897ms] [ERROR] Failed to load resource: net::ERR_CONNECTION_REFUSED @ http://localhost:18501/_stcore/host-config:0
[12432210ms] [ERROR] Failed to load resource: net::ERR_CONNECTION_REFUSED @ http://localhost:18501/_stcore/health:0
[12432210ms] [ERROR] Client Error in reaching server endpoint - No response received when attempting to reach /_stcore/health @ http://localhost:18501/static/js/index.k-9rUdPI.js:19
[12432210ms] [ERROR] Is Streamlit still running? If you accidentally stopped Streamlit, just restart it in your terminal: @ http://localhost:18501/static/js/index.k-9rUdPI.js:24
[12432210ms] [ERROR] Failed to load resource: net::ERR_CONNECTION_REFUSED @ http://localhost:18501/_stcore/host-config:0
[12436538ms] [ERROR] Failed to load resource: net::ERR_CONNECTION_REFUSED @ http://localhost:18501/_stcore/health:0
[12436538ms] [ERROR] Client Error in reaching server endpoint - No response received when attempting to reach /_stcore/health @ http://localhost:18501/static/js/index.k-9rUdPI.js:19
[12436538ms] [ERROR] Is Streamlit still running? If you accidentally stopped Streamlit, just restart it in your terminal: @ http://localhost:18501/static/js/index.k-9rUdPI.js:24
[12436562ms] [ERROR] Failed to load resource: net::ERR_CONNECTION_REFUSED @ http://localhost:18501/_stcore/host-config:0
[12440865ms] [ERROR] Failed to load resource: net::ERR_CONNECTION_REFUSED @ http://localhost:18501/_stcore/health:0
[12440865ms] [ERROR] Client Error in reaching server endpoint - No response received when attempting to reach /_stcore/health @ http://localhost:18501/static/js/index.k-9rUdPI.js:19
[12440865ms] [ERROR] Is Streamlit still running? If you accidentally stopped Streamlit, just restart it in your terminal: @ http://localhost:18501/static/js/index.k-9rUdPI.js:24
[12440865ms] [ERROR] Failed to load resource: net::ERR_CONNECTION_REFUSED @ http://localhost:18501/_stcore/host-config:0
[12445192ms] [ERROR] Failed to load resource: net::ERR_CONNECTION_REFUSED @ http://localhost:18501/_stcore/health:0
[12445192ms] [ERROR] Client Error in reaching server endpoint - No response received when attempting to reach /_stcore/health @ http://localhost:18501/static/js/index.k-9rUdPI.js:19
[12445192ms] [ERROR] Is Streamlit still running? If you accidentally stopped Streamlit, just restart it in your terminal: @ http://localhost:18501/static/js/index.k-9rUdPI.js:24
[12445192ms] [ERROR] Failed to load resource: net::ERR_CONNECTION_REFUSED @ http://localhost:18501/_stcore/host-config:0
[12449518ms] [ERROR] Failed to load resource: net::ERR_CONNECTION_REFUSED @ http://localhost:18501/_stcore/health:0
[12449518ms] [ERROR] Client Error in reaching server endpoint - No response received when attempting to reach /_stcore/health @ http://localhost:18501/static/js/index.k-9rUdPI.js:19
[12449518ms] [ERROR] Is Streamlit still running? If you accidentally stopped Streamlit, just restart it in your terminal: @ http://localhost:18501/static/js/index.k-9rUdPI.js:24
[12449519ms] [ERROR] Failed to load resource: net::ERR_CONNECTION_REFUSED @ http://localhost:18501/_stcore/host-config:0
[12453841ms] [ERROR] Failed to load resource: net::ERR_CONNECTION_REFUSED @ http://localhost:18501/_stcore/health:0
[12453841ms] [ERROR] Client Error in reaching server endpoint - No response received when attempting to reach /_stcore/health @ http://localhost:18501/static/js/index.k-9rUdPI.js:19
[12453841ms] [ERROR] Is Streamlit still running? If you accidentally stopped Streamlit, just restart it in your terminal: @ http://localhost:18501/static/js/index.k-9rUdPI.js:24
[12453841ms] [ERROR] Failed to load resource: net::ERR_CONNECTION_REFUSED @ http://localhost:18501/_stcore/host-config:0
[12458156ms] [ERROR] Failed to load resource: net::ERR_CONNECTION_REFUSED @ http://localhost:18501/_stcore/health:0
[12458156ms] [ERROR] Client Error in reaching server endpoint - No response received when attempting to reach /_stcore/health @ http://localhost:18501/static/js/index.k-9rUdPI.js:19
[12458156ms] [ERROR] Is Streamlit still running? If you accidentally stopped Streamlit, just restart it in your terminal: @ http://localhost:18501/static/js/index.k-9rUdPI.js:24
[12458156ms] [ERROR] Failed to load resource: net::ERR_CONNECTION_REFUSED @ http://localhost:18501/_stcore/host-config:0
[12462476ms] [ERROR] Failed to load resource: net::ERR_CONNECTION_REFUSED @ http://localhost:18501/_stcore/health:0
[12462476ms] [ERROR] Client Error in reaching server endpoint - No response received when attempting to reach /_stcore/health @ http://localhost:18501/static/js/index.k-9rUdPI.js:19
[12462476ms] [ERROR] Is Streamlit still running? If you accidentally stopped Streamlit, just restart it in your terminal: @ http://localhost:18501/static/js/index.k-9rUdPI.js:24
[12462476ms] [ERROR] Failed to load resource: net::ERR_CONNECTION_REFUSED @ http://localhost:18501/_stcore/host-config:0
[12466818ms] [ERROR] Failed to load resource: net::ERR_CONNECTION_REFUSED @ http://localhost:18501/_stcore/health:0
[12466819ms] [ERROR] Client Error in reaching server endpoint - No response received when attempting to reach /_stcore/health @ http://localhost:18501/static/js/index.k-9rUdPI.js:19
[12466819ms] [ERROR] Is Streamlit still running? If you accidentally stopped Streamlit, just restart it in your terminal: @ http://localhost:18501/static/js/index.k-9rUdPI.js:24
[12466819ms] [ERROR] Failed to load resource: net::ERR_CONNECTION_REFUSED @ http://localhost:18501/_stcore/host-config:0
[12471140ms] [ERROR] Failed to load resource: net::ERR_CONNECTION_REFUSED @ http://localhost:18501/_stcore/health:0
[12471140ms] [ERROR] Client Error in reaching server endpoint - No response received when attempting to reach /_stcore/health @ http://localhost:18501/static/js/index.k-9rUdPI.js:19
[12471140ms] [ERROR] Is Streamlit still running? If you accidentally stopped Streamlit, just restart it in your terminal: @ http://localhost:18501/static/js/index.k-9rUdPI.js:24
[12471163ms] [ERROR] Failed to load resource: net::ERR_CONNECTION_REFUSED @ http://localhost:18501/_stcore/host-config:0
[12475459ms] [ERROR] Failed to load resource: net::ERR_CONNECTION_REFUSED @ http://localhost:18501/_stcore/health:0
[12475459ms] [ERROR] Client Error in reaching server endpoint - No response received when attempting to reach /_stcore/health @ http://localhost:18501/static/js/index.k-9rUdPI.js:19
[12475459ms] [ERROR] Is Streamlit still running? If you accidentally stopped Streamlit, just restart it in your terminal: @ http://localhost:18501/static/js/index.k-9rUdPI.js:24
[12475459ms] [ERROR] Failed to load resource: net::ERR_CONNECTION_REFUSED @ http://localhost:18501/_stcore/host-config:0
[12479784ms] [ERROR] Failed to load resource: net::ERR_CONNECTION_REFUSED @ http://localhost:18501/_stcore/health:0
[12479784ms] [ERROR] Client Error in reaching server endpoint - No response received when attempting to reach /_stcore/health @ http://localhost:18501/static/js/index.k-9rUdPI.js:19
[12479784ms] [ERROR] Is Streamlit still running? If you accidentally stopped Streamlit, just restart it in your terminal: @ http://localhost:18501/static/js/index.k-9rUdPI.js:24
[12479784ms] [ERROR] Failed to load resource: net::ERR_CONNECTION_REFUSED @ http://localhost:18501/_stcore/host-config:0
[12484114ms] [ERROR] Failed to load resource: net::ERR_CONNECTION_REFUSED @ http://localhost:18501/_stcore/health:0
[12484114ms] [ERROR] Client Error in reaching server endpoint - No response received when attempting to reach /_stcore/health @ http://localhost:18501/static/js/index.k-9rUdPI.js:19
[12484115ms] [ERROR] Is Streamlit still running? If you accidentally stopped Streamlit, just restart it in your terminal: @ http://localhost:18501/static/js/index.k-9rUdPI.js:24
[12484137ms] [ERROR] Failed to load resource: net::ERR_CONNECTION_REFUSED @ http://localhost:18501/_stcore/host-config:0
[12488435ms] [ERROR] Failed to load resource: net::ERR_CONNECTION_REFUSED @ http://localhost:18501/_stcore/health:0
[12488435ms] [ERROR] Client Error in reaching server endpoint - No response received when attempting to reach /_stcore/health @ http://localhost:18501/static/js/index.k-9rUdPI.js:19
[12488435ms] [ERROR] Is Streamlit still running? If you accidentally stopped Streamlit, just restart it in your terminal: @ http://localhost:18501/static/js/index.k-9rUdPI.js:24
[12488435ms] [ERROR] Failed to load resource: net::ERR_CONNECTION_REFUSED @ http://localhost:18501/_stcore/host-config:0
[12492749ms] [ERROR] Failed to load resource: net::ERR_CONNECTION_REFUSED @ http://localhost:18501/_stcore/health:0
[12492749ms] [ERROR] Client Error in reaching server endpoint - No response received when attempting to reach /_stcore/health @ http://localhost:18501/static/js/index.k-9rUdPI.js:19
[12492749ms] [ERROR] Is Streamlit still running? If you accidentally stopped Streamlit, just restart it in your terminal: @ http://localhost:18501/static/js/index.k-9rUdPI.js:24
[12492778ms] [ERROR] Failed to load resource: net::ERR_CONNECTION_REFUSED @ http://localhost:18501/_stcore/host-config:0
[12497077ms] [ERROR] Failed to load resource: net::ERR_CONNECTION_REFUSED @ http://localhost:18501/_stcore/health:0
[12497077ms] [ERROR] Client Error in reaching server endpoint - No response received when attempting to reach /_stcore/health @ http://localhost:18501/static/js/index.k-9rUdPI.js:19
[12497077ms] [ERROR] Is Streamlit still running? If you accidentally stopped Streamlit, just restart it in your terminal: @ http://localhost:18501/static/js/index.k-9rUdPI.js:24
[12497101ms] [ERROR] Failed to load resource: net::ERR_CONNECTION_REFUSED @ http://localhost:18501/_stcore/host-config:0
[12501401ms] [ERROR] Failed to load resource: net::ERR_CONNECTION_REFUSED @ http://localhost:18501/_stcore/health:0
[12501401ms] [ERROR] Client Error in reaching server endpoint - No response received when attempting to reach /_stcore/health @ http://localhost:18501/static/js/index.k-9rUdPI.js:19
[12501401ms] [ERROR] Is Streamlit still running? If you accidentally stopped Streamlit, just restart it in your terminal: @ http://localhost:18501/static/js/index.k-9rUdPI.js:24
[12501425ms] [ERROR] Failed to load resource: net::ERR_CONNECTION_REFUSED @ http://localhost:18501/_stcore/host-config:0
[12505728ms] [ERROR] Failed to load resource: net::ERR_CONNECTION_REFUSED @ http://localhost:18501/_stcore/health:0
[12505728ms] [ERROR] Client Error in reaching server endpoint - No response received when attempting to reach /_stcore/health @ http://localhost:18501/static/js/index.k-9rUdPI.js:19
[12505728ms] [ERROR] Is Streamlit still running? If you accidentally stopped Streamlit, just restart it in your terminal: @ http://localhost:18501/static/js/index.k-9rUdPI.js:24
[12505729ms] [ERROR] Failed to load resource: net::ERR_CONNECTION_REFUSED @ http://localhost:18501/_stcore/host-config:0
[12510051ms] [ERROR] Failed to load resource: net::ERR_CONNECTION_REFUSED @ http://localhost:18501/_stcore/health:0
[12510051ms] [ERROR] Client Error in reaching server endpoint - No response received when attempting to reach /_stcore/health @ http://localhost:18501/static/js/index.k-9rUdPI.js:19
[12510051ms] [ERROR] Is Streamlit still running? If you accidentally stopped Streamlit, just restart it in your terminal: @ http://localhost:18501/static/js/index.k-9rUdPI.js:24
[12510051ms] [ERROR] Failed to load resource: net::ERR_CONNECTION_REFUSED @ http://localhost:18501/_stcore/host-config:0
[12514385ms] [ERROR] Failed to load resource: net::ERR_CONNECTION_REFUSED @ http://localhost:18501/_stcore/health:0
[12514385ms] [ERROR] Client Error in reaching server endpoint - No response received when attempting to reach /_stcore/health @ http://localhost:18501/static/js/index.k-9rUdPI.js:19
[12514385ms] [ERROR] Is Streamlit still running? If you accidentally stopped Streamlit, just restart it in your terminal: @ http://localhost:18501/static/js/index.k-9rUdPI.js:24
[12514386ms] [ERROR] Failed to load resource: net::ERR_CONNECTION_REFUSED @ http://localhost:18501/_stcore/host-config:0
[12518721ms] [ERROR] Failed to load resource: net::ERR_CONNECTION_REFUSED @ http://localhost:18501/_stcore/health:0
[12518722ms] [ERROR] Client Error in reaching server endpoint - No response received when attempting to reach /_stcore/health @ http://localhost:18501/static/js/index.k-9rUdPI.js:19
[12518722ms] [ERROR] Is Streamlit still running? If you accidentally stopped Streamlit, just restart it in your terminal: @ http://localhost:18501/static/js/index.k-9rUdPI.js:24
[12518722ms] [ERROR] Failed to load resource: net::ERR_CONNECTION_REFUSED @ http://localhost:18501/_stcore/host-config:0
[12523052ms] [ERROR] Failed to load resource: net::ERR_CONNECTION_REFUSED @ http://localhost:18501/_stcore/health:0
[12523052ms] [ERROR] Client Error in reaching server endpoint - No response received when attempting to reach /_stcore/health @ http://localhost:18501/static/js/index.k-9rUdPI.js:19
[12523053ms] [ERROR] Is Streamlit still running? If you accidentally stopped Streamlit, just restart it in your terminal: @ http://localhost:18501/static/js/index.k-9rUdPI.js:24
[12523053ms] [ERROR] Failed to load resource: net::ERR_CONNECTION_REFUSED @ http://localhost:18501/_stcore/host-config:0
[12527383ms] [ERROR] Failed to load resource: net::ERR_CONNECTION_REFUSED @ http://localhost:18501/_stcore/health:0
[12527384ms] [ERROR] Client Error in reaching server endpoint - No response received when attempting to reach /_stcore/health @ http://localhost:18501/static/js/index.k-9rUdPI.js:19
[12527384ms] [ERROR] Is Streamlit still running? If you accidentally stopped Streamlit, just restart it in your terminal: @ http://localhost:18501/static/js/index.k-9rUdPI.js:24
[12527384ms] [ERROR] Failed to load resource: net::ERR_CONNECTION_REFUSED @ http://localhost:18501/_stcore/host-config:0
[12531707ms] [ERROR] Failed to load resource: net::ERR_CONNECTION_REFUSED @ http://localhost:18501/_stcore/health:0
[12531708ms] [ERROR] Client Error in reaching server endpoint - No response received when attempting to reach /_stcore/health @ http://localhost:18501/static/js/index.k-9rUdPI.js:19
[12531708ms] [ERROR] Is Streamlit still running? If you accidentally stopped Streamlit, just restart it in your terminal: @ http://localhost:18501/static/js/index.k-9rUdPI.js:24
[12531708ms] [ERROR] Failed to load resource: net::ERR_CONNECTION_REFUSED @ http://localhost:18501/_stcore/host-config:0
[12536028ms] [ERROR] Failed to load resource: net::ERR_CONNECTION_REFUSED @ http://localhost:18501/_stcore/health:0
[12536028ms] [ERROR] Client Error in reaching server endpoint - No response received when attempting to reach /_stcore/health @ http://localhost:18501/static/js/index.k-9rUdPI.js:19
[12536029ms] [ERROR] Is Streamlit still running? If you accidentally stopped Streamlit, just restart it in your terminal: @ http://localhost:18501/static/js/index.k-9rUdPI.js:24
[12536029ms] [ERROR] Failed to load resource: net::ERR_CONNECTION_REFUSED @ http://localhost:18501/_stcore/host-config:0
[12540348ms] [ERROR] Failed to load resource: net::ERR_CONNECTION_REFUSED @ http://localhost:18501/_stcore/health:0
[12540348ms] [ERROR] Client Error in reaching server endpoint - No response received when attempting to reach /_stcore/health @ http://localhost:18501/static/js/index.k-9rUdPI.js:19
[12540349ms] [ERROR] Is Streamlit still running? If you accidentally stopped Streamlit, just restart it in your terminal: @ http://localhost:18501/static/js/index.k-9rUdPI.js:24
[12540371ms] [ERROR] Failed to load resource: net::ERR_CONNECTION_REFUSED @ http://localhost:18501/_stcore/host-config:0
[12544673ms] [ERROR] Failed to load resource: net::ERR_CONNECTION_REFUSED @ http://localhost:18501/_stcore/health:0
[12544673ms] [ERROR] Client Error in reaching server endpoint - No response received when attempting to reach /_stcore/health @ http://localhost:18501/static/js/index.k-9rUdPI.js:19
[12544673ms] [ERROR] Is Streamlit still running? If you accidentally stopped Streamlit, just restart it in your terminal: @ http://localhost:18501/static/js/index.k-9rUdPI.js:24
[12544694ms] [ERROR] Failed to load resource: net::ERR_CONNECTION_REFUSED @ http://localhost:18501/_stcore/host-config:0
[12549003ms] [ERROR] Failed to load resource: net::ERR_CONNECTION_REFUSED @ http://localhost:18501/_stcore/health:0
[12549003ms] [ERROR] Client Error in reaching server endpoint - No response received when attempting to reach /_stcore/health @ http://localhost:18501/static/js/index.k-9rUdPI.js:19
[12549003ms] [ERROR] Is Streamlit still running? If you accidentally stopped Streamlit, just restart it in your terminal: @ http://localhost:18501/static/js/index.k-9rUdPI.js:24
[12549004ms] [ERROR] Failed to load resource: net::ERR_CONNECTION_REFUSED @ http://localhost:18501/_stcore/host-config:0
[12553343ms] [ERROR] Failed to load resource: net::ERR_CONNECTION_REFUSED @ http://localhost:18501/_stcore/health:0
[12553343ms] [ERROR] Client Error in reaching server endpoint - No response received when attempting to reach /_stcore/health @ http://localhost:18501/static/js/index.k-9rUdPI.js:19
[12553344ms] [ERROR] Is Streamlit still running? If you accidentally stopped Streamlit, just restart it in your terminal: @ http://localhost:18501/static/js/index.k-9rUdPI.js:24
[12553344ms] [ERROR] Failed to load resource: net::ERR_CONNECTION_REFUSED @ http://localhost:18501/_stcore/host-config:0
[12557671ms] [ERROR] Failed to load resource: net::ERR_CONNECTION_REFUSED @ http://localhost:18501/_stcore/health:0
[12557671ms] [ERROR] Client Error in reaching server endpoint - No response received when attempting to reach /_stcore/health @ http://localhost:18501/static/js/index.k-9rUdPI.js:19
[12557672ms] [ERROR] Is Streamlit still running? If you accidentally stopped Streamlit, just restart it in your terminal: @ http://localhost:18501/static/js/index.k-9rUdPI.js:24
[12557672ms] [ERROR] Failed to load resource: net::ERR_CONNECTION_REFUSED @ http://localhost:18501/_stcore/host-config:0
[12561998ms] [ERROR] Failed to load resource: net::ERR_CONNECTION_REFUSED @ http://localhost:18501/_stcore/health:0
[12561998ms] [ERROR] Client Error in reaching server endpoint - No response received when attempting to reach /_stcore/health @ http://localhost:18501/static/js/index.k-9rUdPI.js:19
[12561998ms] [ERROR] Is Streamlit still running? If you accidentally stopped Streamlit, just restart it in your terminal: @ http://localhost:18501/static/js/index.k-9rUdPI.js:24
[12562020ms] [ERROR] Failed to load resource: net::ERR_CONNECTION_REFUSED @ http://localhost:18501/_stcore/host-config:0
[12566319ms] [ERROR] Failed to load resource: net::ERR_CONNECTION_REFUSED @ http://localhost:18501/_stcore/health:0
[12566319ms] [ERROR] Client Error in reaching server endpoint - No response received when attempting to reach /_stcore/health @ http://localhost:18501/static/js/index.k-9rUdPI.js:19
[12566319ms] [ERROR] Is Streamlit still running? If you accidentally stopped Streamlit, just restart it in your terminal: @ http://localhost:18501/static/js/index.k-9rUdPI.js:24
[12566319ms] [ERROR] Failed to load resource: net::ERR_CONNECTION_REFUSED @ http://localhost:18501/_stcore/host-config:0
[12570634ms] [ERROR] Failed to load resource: net::ERR_CONNECTION_REFUSED @ http://localhost:18501/_stcore/health:0
[12570634ms] [ERROR] Client Error in reaching server endpoint - No response received when attempting to reach /_stcore/health @ http://localhost:18501/static/js/index.k-9rUdPI.js:19
[12570635ms] [ERROR] Is Streamlit still running? If you accidentally stopped Streamlit, just restart it in your terminal: @ http://localhost:18501/static/js/index.k-9rUdPI.js:24
[12570635ms] [ERROR] Failed to load resource: net::ERR_CONNECTION_REFUSED @ http://localhost:18501/_stcore/host-config:0
[12574973ms] [ERROR] Failed to load resource: net::ERR_CONNECTION_REFUSED @ http://localhost:18501/_stcore/health:0
[12574973ms] [ERROR] Client Error in reaching server endpoint - No response received when attempting to reach /_stcore/health @ http://localhost:18501/static/js/index.k-9rUdPI.js:19
[12574973ms] [ERROR] Is Streamlit still running? If you accidentally stopped Streamlit, just restart it in your terminal: @ http://localhost:18501/static/js/index.k-9rUdPI.js:24
[12574992ms] [ERROR] Failed to load resource: net::ERR_CONNECTION_REFUSED @ http://localhost:18501/_stcore/host-config:0
[12579303ms] [ERROR] Failed to load resource: net::ERR_CONNECTION_REFUSED @ http://localhost:18501/_stcore/health:0
[12579303ms] [ERROR] Client Error in reaching server endpoint - No response received when attempting to reach /_stcore/health @ http://localhost:18501/static/js/index.k-9rUdPI.js:19
[12579303ms] [ERROR] Is Streamlit still running? If you accidentally stopped Streamlit, just restart it in your terminal: @ http://localhost:18501/static/js/index.k-9rUdPI.js:24
[12579303ms] [ERROR] Failed to load resource: net::ERR_CONNECTION_REFUSED @ http://localhost:18501/_stcore/host-config:0
[12583622ms] [ERROR] Failed to load resource: net::ERR_CONNECTION_REFUSED @ http://localhost:18501/_stcore/health:0
[12583623ms] [ERROR] Client Error in reaching server endpoint - No response received when attempting to reach /_stcore/health @ http://localhost:18501/static/js/index.k-9rUdPI.js:19
[12583623ms] [ERROR] Is Streamlit still running? If you accidentally stopped Streamlit, just restart it in your terminal: @ http://localhost:18501/static/js/index.k-9rUdPI.js:24
[12583624ms] [ERROR] Failed to load resource: net::ERR_CONNECTION_REFUSED @ http://localhost:18501/_stcore/host-config:0
[12587944ms] [ERROR] Failed to load resource: net::ERR_CONNECTION_REFUSED @ http://localhost:18501/_stcore/health:0
[12587944ms] [ERROR] Client Error in reaching server endpoint - No response received when attempting to reach /_stcore/health @ http://localhost:18501/static/js/index.k-9rUdPI.js:19
[12587945ms] [ERROR] Is Streamlit still running? If you accidentally stopped Streamlit, just restart it in your terminal: @ http://localhost:18501/static/js/index.k-9rUdPI.js:24
[12587945ms] [ERROR] Failed to load resource: net::ERR_CONNECTION_REFUSED @ http://localhost:18501/_stcore/host-config:0
[12592262ms] [ERROR] Failed to load resource: net::ERR_CONNECTION_REFUSED @ http://localhost:18501/_stcore/health:0
[12592262ms] [ERROR] Client Error in reaching server endpoint - No response received when attempting to reach /_stcore/health @ http://localhost:18501/static/js/index.k-9rUdPI.js:19
[12592262ms] [ERROR] Is Streamlit still running? If you accidentally stopped Streamlit, just restart it in your terminal: @ http://localhost:18501/static/js/index.k-9rUdPI.js:24
[12592262ms] [ERROR] Failed to load resource: net::ERR_CONNECTION_REFUSED @ http://localhost:18501/_stcore/host-config:0
[12596598ms] [ERROR] Failed to load resource: net::ERR_CONNECTION_REFUSED @ http://localhost:18501/_stcore/health:0
[12596598ms] [ERROR] Client Error in reaching server endpoint - No response received when attempting to reach /_stcore/health @ http://localhost:18501/static/js/index.k-9rUdPI.js:19
[12596598ms] [ERROR] Is Streamlit still running? If you accidentally stopped Streamlit, just restart it in your terminal: @ http://localhost:18501/static/js/index.k-9rUdPI.js:24
[12596598ms] [ERROR] Failed to load resource: net::ERR_CONNECTION_REFUSED @ http://localhost:18501/_stcore/host-config:0
[12600912ms] [ERROR] Failed to load resource: net::ERR_CONNECTION_REFUSED @ http://localhost:18501/_stcore/health:0
[12600912ms] [ERROR] Client Error in reaching server endpoint - No response received when attempting to reach /_stcore/health @ http://localhost:18501/static/js/index.k-9rUdPI.js:19
[12600912ms] [ERROR] Is Streamlit still running? If you accidentally stopped Streamlit, just restart it in your terminal: @ http://localhost:18501/static/js/index.k-9rUdPI.js:24
[12600929ms] [ERROR] Failed to load resource: net::ERR_CONNECTION_REFUSED @ http://localhost:18501/_stcore/host-config:0
[12605234ms] [ERROR] Failed to load resource: net::ERR_CONNECTION_REFUSED @ http://localhost:18501/_stcore/health:0
[12605234ms] [ERROR] Client Error in reaching server endpoint - No response received when attempting to reach /_stcore/health @ http://localhost:18501/static/js/index.k-9rUdPI.js:19
[12605234ms] [ERROR] Is Streamlit still running? If you accidentally stopped Streamlit, just restart it in your terminal: @ http://localhost:18501/static/js/index.k-9rUdPI.js:24
[12605254ms] [ERROR] Failed to load resource: net::ERR_CONNECTION_REFUSED @ http://localhost:18501/_stcore/host-config:0
[12609561ms] [ERROR] Failed to load resource: net::ERR_CONNECTION_REFUSED @ http://localhost:18501/_stcore/health:0
[12609561ms] [ERROR] Client Error in reaching server endpoint - No response received when attempting to reach /_stcore/health @ http://localhost:18501/static/js/index.k-9rUdPI.js:19
[12609562ms] [ERROR] Is Streamlit still running? If you accidentally stopped Streamlit, just restart it in your terminal: @ http://localhost:18501/static/js/index.k-9rUdPI.js:24
[12609583ms] [ERROR] Failed to load resource: net::ERR_CONNECTION_REFUSED @ http://localhost:18501/_stcore/host-config:0
[12613889ms] [ERROR] Failed to load resource: net::ERR_CONNECTION_REFUSED @ http://localhost:18501/_stcore/health:0
[12613889ms] [ERROR] Client Error in reaching server endpoint - No response received when attempting to reach /_stcore/health @ http://localhost:18501/static/js/index.k-9rUdPI.js:19
[12613889ms] [ERROR] Is Streamlit still running? If you accidentally stopped Streamlit, just restart it in your terminal: @ http://localhost:18501/static/js/index.k-9rUdPI.js:24
[12613912ms] [ERROR] Failed to load resource: net::ERR_CONNECTION_REFUSED @ http://localhost:18501/_stcore/host-config:0
[12618204ms] [ERROR] Failed to load resource: net::ERR_CONNECTION_REFUSED @ http://localhost:18501/_stcore/health:0
[12618204ms] [ERROR] Client Error in reaching server endpoint - No response received when attempting to reach /_stcore/health @ http://localhost:18501/static/js/index.k-9rUdPI.js:19
[12618204ms] [ERROR] Is Streamlit still running? If you accidentally stopped Streamlit, just restart it in your terminal: @ http://localhost:18501/static/js/index.k-9rUdPI.js:24
[12618204ms] [ERROR] Failed to load resource: net::ERR_CONNECTION_REFUSED @ http://localhost:18501/_stcore/host-config:0
[12622531ms] [ERROR] Failed to load resource: net::ERR_CONNECTION_REFUSED @ http://localhost:18501/_stcore/health:0
[12622531ms] [ERROR] Client Error in reaching server endpoint - No response received when attempting to reach /_stcore/health @ http://localhost:18501/static/js/index.k-9rUdPI.js:19
[12622532ms] [ERROR] Is Streamlit still running? If you accidentally stopped Streamlit, just restart it in your terminal: @ http://localhost:18501/static/js/index.k-9rUdPI.js:24
[12622533ms] [ERROR] Failed to load resource: net::ERR_CONNECTION_REFUSED @ http://localhost:18501/_stcore/host-config:0
[12626865ms] [ERROR] Failed to load resource: net::ERR_CONNECTION_REFUSED @ http://localhost:18501/_stcore/health:0
[12626865ms] [ERROR] Client Error in reaching server endpoint - No response received when attempting to reach /_stcore/health @ http://localhost:18501/static/js/index.k-9rUdPI.js:19
[12626865ms] [ERROR] Is Streamlit still running? If you accidentally stopped Streamlit, just restart it in your terminal: @ http://localhost:18501/static/js/index.k-9rUdPI.js:24
[12626865ms] [ERROR] Failed to load resource: net::ERR_CONNECTION_REFUSED @ http://localhost:18501/_stcore/host-config:0
[12631187ms] [ERROR] Failed to load resource: net::ERR_CONNECTION_REFUSED @ http://localhost:18501/_stcore/health:0
[12631187ms] [ERROR] Client Error in reaching server endpoint - No response received when attempting to reach /_stcore/health @ http://localhost:18501/static/js/index.k-9rUdPI.js:19
[12631187ms] [ERROR] Is Streamlit still running? If you accidentally stopped Streamlit, just restart it in your terminal: @ http://localhost:18501/static/js/index.k-9rUdPI.js:24
[12631202ms] [ERROR] Failed to load resource: net::ERR_CONNECTION_REFUSED @ http://localhost:18501/_stcore/host-config:0
[12635505ms] [ERROR] Failed to load resource: net::ERR_CONNECTION_REFUSED @ http://localhost:18501/_stcore/health:0
[12635505ms] [ERROR] Client Error in reaching server endpoint - No response received when attempting to reach /_stcore/health @ http://localhost:18501/static/js/index.k-9rUdPI.js:19
[12635506ms] [ERROR] Is Streamlit still running? If you accidentally stopped Streamlit, just restart it in your terminal: @ http://localhost:18501/static/js/index.k-9rUdPI.js:24
[12635506ms] [ERROR] Failed to load resource: net::ERR_CONNECTION_REFUSED @ http://localhost:18501/_stcore/host-config:0
[12639824ms] [ERROR] Failed to load resource: net::ERR_CONNECTION_REFUSED @ http://localhost:18501/_stcore/health:0
[12639825ms] [ERROR] Client Error in reaching server endpoint - No response received when attempting to reach /_stcore/health @ http://localhost:18501/static/js/index.k-9rUdPI.js:19
[12639825ms] [ERROR] Is Streamlit still running? If you accidentally stopped Streamlit, just restart it in your terminal: @ http://localhost:18501/static/js/index.k-9rUdPI.js:24
[12639841ms] [ERROR] Failed to load resource: net::ERR_CONNECTION_REFUSED @ http://localhost:18501/_stcore/host-config:0
[12644143ms] [ERROR] Failed to load resource: net::ERR_CONNECTION_REFUSED @ http://localhost:18501/_stcore/health:0
[12644143ms] [ERROR] Client Error in reaching server endpoint - No response received when attempting to reach /_stcore/health @ http://localhost:18501/static/js/index.k-9rUdPI.js:19
[12644143ms] [ERROR] Is Streamlit still running? If you accidentally stopped Streamlit, just restart it in your terminal: @ http://localhost:18501/static/js/index.k-9rUdPI.js:24
[12644144ms] [ERROR] Failed to load resource: net::ERR_CONNECTION_REFUSED @ http://localhost:18501/_stcore/host-config:0
[12648477ms] [ERROR] Failed to load resource: net::ERR_CONNECTION_REFUSED @ http://localhost:18501/_stcore/health:0
[12648478ms] [ERROR] Client Error in reaching server endpoint - No response received when attempting to reach /_stcore/health @ http://localhost:18501/static/js/index.k-9rUdPI.js:19
[12648478ms] [ERROR] Is Streamlit still running? If you accidentally stopped Streamlit, just restart it in your terminal: @ http://localhost:18501/static/js/index.k-9rUdPI.js:24
[12648500ms] [ERROR] Failed to load resource: net::ERR_CONNECTION_REFUSED @ http://localhost:18501/_stcore/host-config:0
[12652799ms] [ERROR] Failed to load resource: net::ERR_CONNECTION_REFUSED @ http://localhost:18501/_stcore/health:0
[12652799ms] [ERROR] Client Error in reaching server endpoint - No response received when attempting to reach /_stcore/health @ http://localhost:18501/static/js/index.k-9rUdPI.js:19
[12652799ms] [ERROR] Is Streamlit still running? If you accidentally stopped Streamlit, just restart it in your terminal: @ http://localhost:18501/static/js/index.k-9rUdPI.js:24
[12652820ms] [ERROR] Failed to load resource: net::ERR_CONNECTION_REFUSED @ http://localhost:18501/_stcore/host-config:0
[12657125ms] [ERROR] Failed to load resource: net::ERR_CONNECTION_REFUSED @ http://localhost:18501/_stcore/health:0
[12657125ms] [ERROR] Client Error in reaching server endpoint - No response received when attempting to reach /_stcore/health @ http://localhost:18501/static/js/index.k-9rUdPI.js:19
[12657125ms] [ERROR] Is Streamlit still running? If you accidentally stopped Streamlit, just restart it in your terminal: @ http://localhost:18501/static/js/index.k-9rUdPI.js:24
[12657146ms] [ERROR] Failed to load resource: net::ERR_CONNECTION_REFUSED @ http://localhost:18501/_stcore/host-config:0
[12661451ms] [ERROR] Failed to load resource: net::ERR_CONNECTION_REFUSED @ http://localhost:18501/_stcore/health:0
[12661451ms] [ERROR] Client Error in reaching server endpoint - No response received when attempting to reach /_stcore/health @ http://localhost:18501/static/js/index.k-9rUdPI.js:19
[12661451ms] [ERROR] Is Streamlit still running? If you accidentally stopped Streamlit, just restart it in your terminal: @ http://localhost:18501/static/js/index.k-9rUdPI.js:24
[12661452ms] [ERROR] Failed to load resource: net::ERR_CONNECTION_REFUSED @ http://localhost:18501/_stcore/host-config:0
[12665774ms] [ERROR] Failed to load resource: net::ERR_CONNECTION_REFUSED @ http://localhost:18501/_stcore/health:0
[12665774ms] [ERROR] Client Error in reaching server endpoint - No response received when attempting to reach /_stcore/health @ http://localhost:18501/static/js/index.k-9rUdPI.js:19
[12665774ms] [ERROR] Is Streamlit still running? If you accidentally stopped Streamlit, just restart it in your terminal: @ http://localhost:18501/static/js/index.k-9rUdPI.js:24
[12665775ms] [ERROR] Failed to load resource: net::ERR_CONNECTION_REFUSED @ http://localhost:18501/_stcore/host-config:0
[12670116ms] [ERROR] Failed to load resource: net::ERR_CONNECTION_REFUSED @ http://localhost:18501/_stcore/health:0
[12670117ms] [ERROR] Client Error in reaching server endpoint - No response received when attempting to reach /_stcore/health @ http://localhost:18501/static/js/index.k-9rUdPI.js:19
[12670117ms] [ERROR] Is Streamlit still running? If you accidentally stopped Streamlit, just restart it in your terminal: @ http://localhost:18501/static/js/index.k-9rUdPI.js:24
[12670117ms] [ERROR] Failed to load resource: net::ERR_CONNECTION_REFUSED @ http://localhost:18501/_stcore/host-config:0
[12674443ms] [ERROR] Failed to load resource: net::ERR_CONNECTION_REFUSED @ http://localhost:18501/_stcore/health:0
[12674443ms] [ERROR] Client Error in reaching server endpoint - No response received when attempting to reach /_stcore/health @ http://localhost:18501/static/js/index.k-9rUdPI.js:19
[12674443ms] [ERROR] Is Streamlit still running? If you accidentally stopped Streamlit, just restart it in your terminal: @ http://localhost:18501/static/js/index.k-9rUdPI.js:24
[12674443ms] [ERROR] Failed to load resource: net::ERR_CONNECTION_REFUSED @ http://localhost:18501/_stcore/host-config:0
[12678792ms] [ERROR] Failed to load resource: net::ERR_CONNECTION_REFUSED @ http://localhost:18501/_stcore/health:0
[12678792ms] [ERROR] Client Error in reaching server endpoint - No response received when attempting to reach /_stcore/health @ http://localhost:18501/static/js/index.k-9rUdPI.js:19
[12678792ms] [ERROR] Is Streamlit still running? If you accidentally stopped Streamlit, just restart it in your terminal: @ http://localhost:18501/static/js/index.k-9rUdPI.js:24
[12678792ms] [ERROR] Failed to load resource: net::ERR_CONNECTION_REFUSED @ http://localhost:18501/_stcore/host-config:0
[12683125ms] [ERROR] Failed to load resource: net::ERR_CONNECTION_REFUSED @ http://localhost:18501/_stcore/health:0
[12683125ms] [ERROR] Client Error in reaching server endpoint - No response received when attempting to reach /_stcore/health @ http://localhost:18501/static/js/index.k-9rUdPI.js:19
[12683125ms] [ERROR] Is Streamlit still running? If you accidentally stopped Streamlit, just restart it in your terminal: @ http://localhost:18501/static/js/index.k-9rUdPI.js:24
[12683126ms] [ERROR] Failed to load resource: net::ERR_CONNECTION_REFUSED @ http://localhost:18501/_stcore/host-config:0
[12687465ms] [ERROR] Failed to load resource: net::ERR_CONNECTION_REFUSED @ http://localhost:18501/_stcore/health:0
[12687465ms] [ERROR] Client Error in reaching server endpoint - No response received when attempting to reach /_stcore/health @ http://localhost:18501/static/js/index.k-9rUdPI.js:19
[12687465ms] [ERROR] Is Streamlit still running? If you accidentally stopped Streamlit, just restart it in your terminal: @ http://localhost:18501/static/js/index.k-9rUdPI.js:24
[12687466ms] [ERROR] Failed to load resource: net::ERR_CONNECTION_REFUSED @ http://localhost:18501/_stcore/host-config:0
[12691786ms] [ERROR] Failed to load resource: net::ERR_CONNECTION_REFUSED @ http://localhost:18501/_stcore/health:0
[12691786ms] [ERROR] Client Error in reaching server endpoint - No response received when attempting to reach /_stcore/health @ http://localhost:18501/static/js/index.k-9rUdPI.js:19
[12691786ms] [ERROR] Is Streamlit still running? If you accidentally stopped Streamlit, just restart it in your terminal: @ http://localhost:18501/static/js/index.k-9rUdPI.js:24
[12691786ms] [ERROR] Failed to load resource: net::ERR_CONNECTION_REFUSED @ http://localhost:18501/_stcore/host-config:0
[12696115ms] [ERROR] Failed to load resource: net::ERR_CONNECTION_REFUSED @ http://localhost:18501/_stcore/health:0
[12696115ms] [ERROR] Client Error in reaching server endpoint - No response received when attempting to reach /_stcore/health @ http://localhost:18501/static/js/index.k-9rUdPI.js:19
[12696115ms] [ERROR] Is Streamlit still running? If you accidentally stopped Streamlit, just restart it in your terminal: @ http://localhost:18501/static/js/index.k-9rUdPI.js:24
[12696115ms] [ERROR] Failed to load resource: net::ERR_CONNECTION_REFUSED @ http://localhost:18501/_stcore/host-config:0
[12700435ms] [ERROR] Failed to load resource: net::ERR_CONNECTION_REFUSED @ http://localhost:18501/_stcore/health:0
[12700435ms] [ERROR] Client Error in reaching server endpoint - No response received when attempting to reach /_stcore/health @ http://localhost:18501/static/js/index.k-9rUdPI.js:19
[12700435ms] [ERROR] Is Streamlit still running? If you accidentally stopped Streamlit, just restart it in your terminal: @ http://localhost:18501/static/js/index.k-9rUdPI.js:24
[12700455ms] [ERROR] Failed to load resource: net::ERR_CONNECTION_REFUSED @ http://localhost:18501/_stcore/host-config:0
[12704760ms] [ERROR] Failed to load resource: net::ERR_CONNECTION_REFUSED @ http://localhost:18501/_stcore/health:0
[12704760ms] [ERROR] Client Error in reaching server endpoint - No response received when attempting to reach /_stcore/health @ http://localhost:18501/static/js/index.k-9rUdPI.js:19
[12704760ms] [ERROR] Is Streamlit still running? If you accidentally stopped Streamlit, just restart it in your terminal: @ http://localhost:18501/static/js/index.k-9rUdPI.js:24
[12704787ms] [ERROR] Failed to load resource: net::ERR_CONNECTION_REFUSED @ http://localhost:18501/_stcore/host-config:0
[12709077ms] [ERROR] Failed to load resource: net::ERR_CONNECTION_REFUSED @ http://localhost:18501/_stcore/health:0
[12709077ms] [ERROR] Client Error in reaching server endpoint - No response received when attempting to reach /_stcore/health @ http://localhost:18501/static/js/index.k-9rUdPI.js:19
[12709077ms] [ERROR] Is Streamlit still running? If you accidentally stopped Streamlit, just restart it in your terminal: @ http://localhost:18501/static/js/index.k-9rUdPI.js:24
[12709078ms] [ERROR] Failed to load resource: net::ERR_CONNECTION_REFUSED @ http://localhost:18501/_stcore/host-config:0
[12713402ms] [ERROR] Failed to load resource: net::ERR_CONNECTION_REFUSED @ http://localhost:18501/_stcore/health:0
[12713403ms] [ERROR] Client Error in reaching server endpoint - No response received when attempting to reach /_stcore/health @ http://localhost:18501/static/js/index.k-9rUdPI.js:19
[12713403ms] [ERROR] Is Streamlit still running? If you accidentally stopped Streamlit, just restart it in your terminal: @ http://localhost:18501/static/js/index.k-9rUdPI.js:24
[12713403ms] [ERROR] Failed to load resource: net::ERR_CONNECTION_REFUSED @ http://localhost:18501/_stcore/host-config:0
[12717730ms] [ERROR] Failed to load resource: net::ERR_CONNECTION_REFUSED @ http://localhost:18501/_stcore/health:0
[12717730ms] [ERROR] Client Error in reaching server endpoint - No response received when attempting to reach /_stcore/health @ http://localhost:18501/static/js/index.k-9rUdPI.js:19
[12717730ms] [ERROR] Is Streamlit still running? If you accidentally stopped Streamlit, just restart it in your terminal: @ http://localhost:18501/static/js/index.k-9rUdPI.js:24
[12717754ms] [ERROR] Failed to load resource: net::ERR_CONNECTION_REFUSED @ http://localhost:18501/_stcore/host-config:0
[12722059ms] [ERROR] Failed to load resource: net::ERR_CONNECTION_REFUSED @ http://localhost:18501/_stcore/health:0
[12722059ms] [ERROR] Client Error in reaching server endpoint - No response received when attempting to reach /_stcore/health @ http://localhost:18501/static/js/index.k-9rUdPI.js:19
[12722059ms] [ERROR] Is Streamlit still running? If you accidentally stopped Streamlit, just restart it in your terminal: @ http://localhost:18501/static/js/index.k-9rUdPI.js:24
[12722059ms] [ERROR] Failed to load resource: net::ERR_CONNECTION_REFUSED @ http://localhost:18501/_stcore/host-config:0
[12726386ms] [ERROR] Failed to load resource: net::ERR_CONNECTION_REFUSED @ http://localhost:18501/_stcore/health:0
[12726386ms] [ERROR] Client Error in reaching server endpoint - No response received when attempting to reach /_stcore/health @ http://localhost:18501/static/js/index.k-9rUdPI.js:19
[12726386ms] [ERROR] Is Streamlit still running? If you accidentally stopped Streamlit, just restart it in your terminal: @ http://localhost:18501/static/js/index.k-9rUdPI.js:24
[12726386ms] [ERROR] Failed to load resource: net::ERR_CONNECTION_REFUSED @ http://localhost:18501/_stcore/host-config:0
[12730703ms] [ERROR] Failed to load resource: net::ERR_CONNECTION_REFUSED @ http://localhost:18501/_stcore/health:0
[12730703ms] [ERROR] Client Error in reaching server endpoint - No response received when attempting to reach /_stcore/health @ http://localhost:18501/static/js/index.k-9rUdPI.js:19
[12730703ms] [ERROR] Is Streamlit still running? If you accidentally stopped Streamlit, just restart it in your terminal: @ http://localhost:18501/static/js/index.k-9rUdPI.js:24
[12730724ms] [ERROR] Failed to load resource: net::ERR_CONNECTION_REFUSED @ http://localhost:18501/_stcore/host-config:0
[12735023ms] [ERROR] Failed to load resource: net::ERR_CONNECTION_REFUSED @ http://localhost:18501/_stcore/health:0
[12735023ms] [ERROR] Client Error in reaching server endpoint - No response received when attempting to reach /_stcore/health @ http://localhost:18501/static/js/index.k-9rUdPI.js:19
[12735023ms] [ERROR] Is Streamlit still running? If you accidentally stopped Streamlit, just restart it in your terminal: @ http://localhost:18501/static/js/index.k-9rUdPI.js:24
[12735023ms] [ERROR] Failed to load resource: net::ERR_CONNECTION_REFUSED @ http://localhost:18501/_stcore/host-config:0
[12739346ms] [ERROR] Failed to load resource: net::ERR_CONNECTION_REFUSED @ http://localhost:18501/_stcore/health:0
[12739346ms] [ERROR] Client Error in reaching server endpoint - No response received when attempting to reach /_stcore/health @ http://localhost:18501/static/js/index.k-9rUdPI.js:19
[12739347ms] [ERROR] Is Streamlit still running? If you accidentally stopped Streamlit, just restart it in your terminal: @ http://localhost:18501/static/js/index.k-9rUdPI.js:24
[12739347ms] [ERROR] Failed to load resource: net::ERR_CONNECTION_REFUSED @ http://localhost:18501/_stcore/host-config:0
[12743677ms] [ERROR] Failed to load resource: net::ERR_CONNECTION_REFUSED @ http://localhost:18501/_stcore/health:0
[12743677ms] [ERROR] Client Error in reaching server endpoint - No response received when attempting to reach /_stcore/health @ http://localhost:18501/static/js/index.k-9rUdPI.js:19
[12743677ms] [ERROR] Is Streamlit still running? If you accidentally stopped Streamlit, just restart it in your terminal: @ http://localhost:18501/static/js/index.k-9rUdPI.js:24
[12743677ms] [ERROR] Failed to load resource: net::ERR_CONNECTION_REFUSED @ http://localhost:18501/_stcore/host-config:0
[12747996ms] [ERROR] Failed to load resource: net::ERR_CONNECTION_REFUSED @ http://localhost:18501/_stcore/health:0
[12747996ms] [ERROR] Client Error in reaching server endpoint - No response received when attempting to reach /_stcore/health @ http://localhost:18501/static/js/index.k-9rUdPI.js:19
[12747996ms] [ERROR] Is Streamlit still running? If you accidentally stopped Streamlit, just restart it in your terminal: @ http://localhost:18501/static/js/index.k-9rUdPI.js:24
[12747996ms] [ERROR] Failed to load resource: net::ERR_CONNECTION_REFUSED @ http://localhost:18501/_stcore/host-config:0
[12752314ms] [ERROR] Failed to load resource: net::ERR_CONNECTION_REFUSED @ http://localhost:18501/_stcore/health:0
[12752314ms] [ERROR] Client Error in reaching server endpoint - No response received when attempting to reach /_stcore/health @ http://localhost:18501/static/js/index.k-9rUdPI.js:19
[12752314ms] [ERROR] Is Streamlit still running? If you accidentally stopped Streamlit, just restart it in your terminal: @ http://localhost:18501/static/js/index.k-9rUdPI.js:24
[12752331ms] [ERROR] Failed to load resource: net::ERR_CONNECTION_REFUSED @ http://localhost:18501/_stcore/host-config:0
[12756638ms] [ERROR] Failed to load resource: net::ERR_CONNECTION_REFUSED @ http://localhost:18501/_stcore/health:0
[12756638ms] [ERROR] Client Error in reaching server endpoint - No response received when attempting to reach /_stcore/health @ http://localhost:18501/static/js/index.k-9rUdPI.js:19
[12756638ms] [ERROR] Is Streamlit still running? If you accidentally stopped Streamlit, just restart it in your terminal: @ http://localhost:18501/static/js/index.k-9rUdPI.js:24
[12756657ms] [ERROR] Failed to load resource: net::ERR_CONNECTION_REFUSED @ http://localhost:18501/_stcore/host-config:0
[12760962ms] [ERROR] Failed to load resource: net::ERR_CONNECTION_REFUSED @ http://localhost:18501/_stcore/health:0
[12760962ms] [ERROR] Client Error in reaching server endpoint - No response received when attempting to reach /_stcore/health @ http://localhost:18501/static/js/index.k-9rUdPI.js:19
[12760962ms] [ERROR] Is Streamlit still running? If you accidentally stopped Streamlit, just restart it in your terminal: @ http://localhost:18501/static/js/index.k-9rUdPI.js:24
[12760962ms] [ERROR] Failed to load resource: net::ERR_CONNECTION_REFUSED @ http://localhost:18501/_stcore/host-config:0
[12765278ms] [ERROR] Failed to load resource: net::ERR_CONNECTION_REFUSED @ http://localhost:18501/_stcore/health:0
[12765278ms] [ERROR] Client Error in reaching server endpoint - No response received when attempting to reach /_stcore/health @ http://localhost:18501/static/js/index.k-9rUdPI.js:19
[12765279ms] [ERROR] Is Streamlit still running? If you accidentally stopped Streamlit, just restart it in your terminal: @ http://localhost:18501/static/js/index.k-9rUdPI.js:24
[12765300ms] [ERROR] Failed to load resource: net::ERR_CONNECTION_REFUSED @ http://localhost:18501/_stcore/host-config:0
[12769605ms] [ERROR] Failed to load resource: net::ERR_CONNECTION_REFUSED @ http://localhost:18501/_stcore/health:0
[12769605ms] [ERROR] Client Error in reaching server endpoint - No response received when attempting to reach /_stcore/health @ http://localhost:18501/static/js/index.k-9rUdPI.js:19
[12769605ms] [ERROR] Is Streamlit still running? If you accidentally stopped Streamlit, just restart it in your terminal: @ http://localhost:18501/static/js/index.k-9rUdPI.js:24
[12769630ms] [ERROR] Failed to load resource: net::ERR_CONNECTION_REFUSED @ http://localhost:18501/_stcore/host-config:0
[12773927ms] [ERROR] Failed to load resource: net::ERR_CONNECTION_REFUSED @ http://localhost:18501/_stcore/health:0
[12773928ms] [ERROR] Client Error in reaching server endpoint - No response received when attempting to reach /_stcore/health @ http://localhost:18501/static/js/index.k-9rUdPI.js:19
[12773928ms] [ERROR] Is Streamlit still running? If you accidentally stopped Streamlit, just restart it in your terminal: @ http://localhost:18501/static/js/index.k-9rUdPI.js:24
[12773928ms] [ERROR] Failed to load resource: net::ERR_CONNECTION_REFUSED @ http://localhost:18501/_stcore/host-config:0
[12778255ms] [ERROR] Failed to load resource: net::ERR_CONNECTION_REFUSED @ http://localhost:18501/_stcore/health:0
[12778255ms] [ERROR] Client Error in reaching server endpoint - No response received when attempting to reach /_stcore/health @ http://localhost:18501/static/js/index.k-9rUdPI.js:19
[12778255ms] [ERROR] Is Streamlit still running? If you accidentally stopped Streamlit, just restart it in your terminal: @ http://localhost:18501/static/js/index.k-9rUdPI.js:24
[12778255ms] [ERROR] Failed to load resource: net::ERR_CONNECTION_REFUSED @ http://localhost:18501/_stcore/host-config:0
[12782577ms] [ERROR] Failed to load resource: net::ERR_CONNECTION_REFUSED @ http://localhost:18501/_stcore/health:0
[12782577ms] [ERROR] Client Error in reaching server endpoint - No response received when attempting to reach /_stcore/health @ http://localhost:18501/static/js/index.k-9rUdPI.js:19
[12782577ms] [ERROR] Is Streamlit still running? If you accidentally stopped Streamlit, just restart it in your terminal: @ http://localhost:18501/static/js/index.k-9rUdPI.js:24
[12782578ms] [ERROR] Failed to load resource: net::ERR_CONNECTION_REFUSED @ http://localhost:18501/_stcore/host-config:0
[12786893ms] [ERROR] Failed to load resource: net::ERR_CONNECTION_REFUSED @ http://localhost:18501/_stcore/health:0
[12786893ms] [ERROR] Client Error in reaching server endpoint - No response received when attempting to reach /_stcore/health @ http://localhost:18501/static/js/index.k-9rUdPI.js:19
[12786893ms] [ERROR] Is Streamlit still running? If you accidentally stopped Streamlit, just restart it in your terminal: @ http://localhost:18501/static/js/index.k-9rUdPI.js:24
[12786893ms] [ERROR] Failed to load resource: net::ERR_CONNECTION_REFUSED @ http://localhost:18501/_stcore/host-config:0
[12791221ms] [ERROR] Failed to load resource: net::ERR_CONNECTION_REFUSED @ http://localhost:18501/_stcore/health:0
[12791221ms] [ERROR] Client Error in reaching server endpoint - No response received when attempting to reach /_stcore/health @ http://localhost:18501/static/js/index.k-9rUdPI.js:19
[12791221ms] [ERROR] Is Streamlit still running? If you accidentally stopped Streamlit, just restart it in your terminal: @ http://localhost:18501/static/js/index.k-9rUdPI.js:24
[12791221ms] [ERROR] Failed to load resource: net::ERR_CONNECTION_REFUSED @ http://localhost:18501/_stcore/host-config:0
[12795552ms] [ERROR] Failed to load resource: net::ERR_CONNECTION_REFUSED @ http://localhost:18501/_stcore/health:0
[12795552ms] [ERROR] Client Error in reaching server endpoint - No response received when attempting to reach /_stcore/health @ http://localhost:18501/static/js/index.k-9rUdPI.js:19
[12795553ms] [ERROR] Is Streamlit still running? If you accidentally stopped Streamlit, just restart it in your terminal: @ http://localhost:18501/static/js/index.k-9rUdPI.js:24
[12795553ms] [ERROR] Failed to load resource: net::ERR_CONNECTION_REFUSED @ http://localhost:18501/_stcore/host-config:0
[12799890ms] [ERROR] Failed to load resource: net::ERR_CONNECTION_REFUSED @ http://localhost:18501/_stcore/health:0
[12799890ms] [ERROR] Client Error in reaching server endpoint - No response received when attempting to reach /_stcore/health @ http://localhost:18501/static/js/index.k-9rUdPI.js:19
[12799890ms] [ERROR] Is Streamlit still running? If you accidentally stopped Streamlit, just restart it in your terminal: @ http://localhost:18501/static/js/index.k-9rUdPI.js:24
[12799890ms] [ERROR] Failed to load resource: net::ERR_CONNECTION_REFUSED @ http://localhost:18501/_stcore/host-config:0
[12804206ms] [ERROR] Failed to load resource: net::ERR_CONNECTION_REFUSED @ http://localhost:18501/_stcore/health:0
[12804206ms] [ERROR] Client Error in reaching server endpoint - No response received when attempting to reach /_stcore/health @ http://localhost:18501/static/js/index.k-9rUdPI.js:19
[12804206ms] [ERROR] Is Streamlit still running? If you accidentally stopped Streamlit, just restart it in your terminal: @ http://localhost:18501/static/js/index.k-9rUdPI.js:24
[12804207ms] [ERROR] Failed to load resource: net::ERR_CONNECTION_REFUSED @ http://localhost:18501/_stcore/host-config:0
[12808526ms] [ERROR] Failed to load resource: net::ERR_CONNECTION_REFUSED @ http://localhost:18501/_stcore/health:0
[12808526ms] [ERROR] Client Error in reaching server endpoint - No response received when attempting to reach /_stcore/health @ http://localhost:18501/static/js/index.k-9rUdPI.js:19
[12808526ms] [ERROR] Is Streamlit still running? If you accidentally stopped Streamlit, just restart it in your terminal: @ http://localhost:18501/static/js/index.k-9rUdPI.js:24
[12808526ms] [ERROR] Failed to load resource: net::ERR_CONNECTION_REFUSED @ http://localhost:18501/_stcore/host-config:0
[12812841ms] [ERROR] Failed to load resource: net::ERR_CONNECTION_REFUSED @ http://localhost:18501/_stcore/health:0
[12812841ms] [ERROR] Client Error in reaching server endpoint - No response received when attempting to reach /_stcore/health @ http://localhost:18501/static/js/index.k-9rUdPI.js:19
[12812841ms] [ERROR] Is Streamlit still running? If you accidentally stopped Streamlit, just restart it in your terminal: @ http://localhost:18501/static/js/index.k-9rUdPI.js:24
[12812841ms] [ERROR] Failed to load resource: net::ERR_CONNECTION_REFUSED @ http://localhost:18501/_stcore/host-config:0
[12817174ms] [ERROR] Failed to load resource: net::ERR_CONNECTION_REFUSED @ http://localhost:18501/_stcore/health:0
[12817174ms] [ERROR] Client Error in reaching server endpoint - No response received when attempting to reach /_stcore/health @ http://localhost:18501/static/js/index.k-9rUdPI.js:19
[12817174ms] [ERROR] Is Streamlit still running? If you accidentally stopped Streamlit, just restart it in your terminal: @ http://localhost:18501/static/js/index.k-9rUdPI.js:24
[12817174ms] [ERROR] Failed to load resource: net::ERR_CONNECTION_REFUSED @ http://localhost:18501/_stcore/host-config:0
[12821489ms] [ERROR] Failed to load resource: net::ERR_CONNECTION_REFUSED @ http://localhost:18501/_stcore/health:0
[12821489ms] [ERROR] Client Error in reaching server endpoint - No response received when attempting to reach /_stcore/health @ http://localhost:18501/static/js/index.k-9rUdPI.js:19
[12821489ms] [ERROR] Is Streamlit still running? If you accidentally stopped Streamlit, just restart it in your terminal: @ http://localhost:18501/static/js/index.k-9rUdPI.js:24
[12821514ms] [ERROR] Failed to load resource: net::ERR_CONNECTION_REFUSED @ http://localhost:18501/_stcore/host-config:0
[12825811ms] [ERROR] Failed to load resource: net::ERR_CONNECTION_REFUSED @ http://localhost:18501/_stcore/health:0
[12825811ms] [ERROR] Client Error in reaching server endpoint - No response received when attempting to reach /_stcore/health @ http://localhost:18501/static/js/index.k-9rUdPI.js:19
[12825811ms] [ERROR] Is Streamlit still running? If you accidentally stopped Streamlit, just restart it in your terminal: @ http://localhost:18501/static/js/index.k-9rUdPI.js:24
[12825811ms] [ERROR] Failed to load resource: net::ERR_CONNECTION_REFUSED @ http://localhost:18501/_stcore/host-config:0
[12830152ms] [ERROR] Failed to load resource: net::ERR_CONNECTION_REFUSED @ http://localhost:18501/_stcore/health:0
[12830152ms] [ERROR] Client Error in reaching server endpoint - No response received when attempting to reach /_stcore/health @ http://localhost:18501/static/js/index.k-9rUdPI.js:19
[12830152ms] [ERROR] Is Streamlit still running? If you accidentally stopped Streamlit, just restart it in your terminal: @ http://localhost:18501/static/js/index.k-9rUdPI.js:24
[12830178ms] [ERROR] Failed to load resource: net::ERR_CONNECTION_REFUSED @ http://localhost:18501/_stcore/host-config:0
[12834500ms] [ERROR] Failed to load resource: net::ERR_CONNECTION_REFUSED @ http://localhost:18501/_stcore/health:0
[12834500ms] [ERROR] Client Error in reaching server endpoint - No response received when attempting to reach /_stcore/health @ http://localhost:18501/static/js/index.k-9rUdPI.js:19
[12834500ms] [ERROR] Is Streamlit still running? If you accidentally stopped Streamlit, just restart it in your terminal: @ http://localhost:18501/static/js/index.k-9rUdPI.js:24
[12834500ms] [ERROR] Failed to load resource: net::ERR_CONNECTION_REFUSED @ http://localhost:18501/_stcore/host-config:0
[12838826ms] [ERROR] Failed to load resource: net::ERR_CONNECTION_REFUSED @ http://localhost:18501/_stcore/health:0
[12838826ms] [ERROR] Client Error in reaching server endpoint - No response received when attempting to reach /_stcore/health @ http://localhost:18501/static/js/index.k-9rUdPI.js:19
[12838827ms] [ERROR] Is Streamlit still running? If you accidentally stopped Streamlit, just restart it in your terminal: @ http://localhost:18501/static/js/index.k-9rUdPI.js:24
[12838827ms] [ERROR] Failed to load resource: net::ERR_CONNECTION_REFUSED @ http://localhost:18501/_stcore/host-config:0
[12843145ms] [ERROR] Failed to load resource: net::ERR_CONNECTION_REFUSED @ http://localhost:18501/_stcore/health:0
[12843145ms] [ERROR] Client Error in reaching server endpoint - No response received when attempting to reach /_stcore/health @ http://localhost:18501/static/js/index.k-9rUdPI.js:19
[12843145ms] [ERROR] Is Streamlit still running? If you accidentally stopped Streamlit, just restart it in your terminal: @ http://localhost:18501/static/js/index.k-9rUdPI.js:24
[12843146ms] [ERROR] Failed to load resource: net::ERR_CONNECTION_REFUSED @ http://localhost:18501/_stcore/host-config:0
[12847479ms] [ERROR] Failed to load resource: net::ERR_CONNECTION_REFUSED @ http://localhost:18501/_stcore/health:0
[12847479ms] [ERROR] Client Error in reaching server endpoint - No response received when attempting to reach /_stcore/health @ http://localhost:18501/static/js/index.k-9rUdPI.js:19
[12847479ms] [ERROR] Is Streamlit still running? If you accidentally stopped Streamlit, just restart it in your terminal: @ http://localhost:18501/static/js/index.k-9rUdPI.js:24
[12847479ms] [ERROR] Failed to load resource: net::ERR_CONNECTION_REFUSED @ http://localhost:18501/_stcore/host-config:0
[12851795ms] [ERROR] Failed to load resource: net::ERR_CONNECTION_REFUSED @ http://localhost:18501/_stcore/health:0
[12851795ms] [ERROR] Client Error in reaching server endpoint - No response received when attempting to reach /_stcore/health @ http://localhost:18501/static/js/index.k-9rUdPI.js:19
[12851796ms] [ERROR] Is Streamlit still running? If you accidentally stopped Streamlit, just restart it in your terminal: @ http://localhost:18501/static/js/index.k-9rUdPI.js:24
[12851796ms] [ERROR] Failed to load resource: net::ERR_CONNECTION_REFUSED @ http://localhost:18501/_stcore/host-config:0
[12856114ms] [ERROR] Failed to load resource: net::ERR_CONNECTION_REFUSED @ http://localhost:18501/_stcore/health:0
[12856114ms] [ERROR] Client Error in reaching server endpoint - No response received when attempting to reach /_stcore/health @ http://localhost:18501/static/js/index.k-9rUdPI.js:19
[12856114ms] [ERROR] Is Streamlit still running? If you accidentally stopped Streamlit, just restart it in your terminal: @ http://localhost:18501/static/js/index.k-9rUdPI.js:24
[12856114ms] [ERROR] Failed to load resource: net::ERR_CONNECTION_REFUSED @ http://localhost:18501/_stcore/host-config:0
[12860433ms] [ERROR] Failed to load resource: net::ERR_CONNECTION_REFUSED @ http://localhost:18501/_stcore/health:0
[12860433ms] [ERROR] Client Error in reaching server endpoint - No response received when attempting to reach /_stcore/health @ http://localhost:18501/static/js/index.k-9rUdPI.js:19
[12860433ms] [ERROR] Is Streamlit still running? If you accidentally stopped Streamlit, just restart it in your terminal: @ http://localhost:18501/static/js/index.k-9rUdPI.js:24
[12860458ms] [ERROR] Failed to load resource: net::ERR_CONNECTION_REFUSED @ http://localhost:18501/_stcore/host-config:0
[12864767ms] [ERROR] Failed to load resource: net::ERR_CONNECTION_REFUSED @ http://localhost:18501/_stcore/health:0
[12864767ms] [ERROR] Client Error in reaching server endpoint - No response received when attempting to reach /_stcore/health @ http://localhost:18501/static/js/index.k-9rUdPI.js:19
[12864768ms] [ERROR] Is Streamlit still running? If you accidentally stopped Streamlit, just restart it in your terminal: @ http://localhost:18501/static/js/index.k-9rUdPI.js:24
[12864768ms] [ERROR] Failed to load resource: net::ERR_CONNECTION_REFUSED @ http://localhost:18501/_stcore/host-config:0
[12869090ms] [ERROR] Failed to load resource: net::ERR_CONNECTION_REFUSED @ http://localhost:18501/_stcore/health:0
[12869090ms] [ERROR] Client Error in reaching server endpoint - No response received when attempting to reach /_stcore/health @ http://localhost:18501/static/js/index.k-9rUdPI.js:19
[12869090ms] [ERROR] Is Streamlit still running? If you accidentally stopped Streamlit, just restart it in your terminal: @ http://localhost:18501/static/js/index.k-9rUdPI.js:24
[12869090ms] [ERROR] Failed to load resource: net::ERR_CONNECTION_REFUSED @ http://localhost:18501/_stcore/host-config:0
[12873424ms] [ERROR] Failed to load resource: net::ERR_CONNECTION_REFUSED @ http://localhost:18501/_stcore/health:0
[12873424ms] [ERROR] Client Error in reaching server endpoint - No response received when attempting to reach /_stcore/health @ http://localhost:18501/static/js/index.k-9rUdPI.js:19
[12873424ms] [ERROR] Is Streamlit still running? If you accidentally stopped Streamlit, just restart it in your terminal: @ http://localhost:18501/static/js/index.k-9rUdPI.js:24
[12873425ms] [ERROR] Failed to load resource: net::ERR_CONNECTION_REFUSED @ http://localhost:18501/_stcore/host-config:0
[12877744ms] [ERROR] Failed to load resource: net::ERR_CONNECTION_REFUSED @ http://localhost:18501/_stcore/health:0
[12877744ms] [ERROR] Client Error in reaching server endpoint - No response received when attempting to reach /_stcore/health @ http://localhost:18501/static/js/index.k-9rUdPI.js:19
[12877744ms] [ERROR] Is Streamlit still running? If you accidentally stopped Streamlit, just restart it in your terminal: @ http://localhost:18501/static/js/index.k-9rUdPI.js:24
[12877745ms] [ERROR] Failed to load resource: net::ERR_CONNECTION_REFUSED @ http://localhost:18501/_stcore/host-config:0
[12882064ms] [ERROR] Failed to load resource: net::ERR_CONNECTION_REFUSED @ http://localhost:18501/_stcore/health:0
[12882065ms] [ERROR] Client Error in reaching server endpoint - No response received when attempting to reach /_stcore/health @ http://localhost:18501/static/js/index.k-9rUdPI.js:19
[12882065ms] [ERROR] Is Streamlit still running? If you accidentally stopped Streamlit, just restart it in your terminal: @ http://localhost:18501/static/js/index.k-9rUdPI.js:24
[12882065ms] [ERROR] Failed to load resource: net::ERR_CONNECTION_REFUSED @ http://localhost:18501/_stcore/host-config:0
[12886399ms] [ERROR] Failed to load resource: net::ERR_CONNECTION_REFUSED @ http://localhost:18501/_stcore/health:0
[12886399ms] [ERROR] Client Error in reaching server endpoint - No response received when attempting to reach /_stcore/health @ http://localhost:18501/static/js/index.k-9rUdPI.js:19
[12886399ms] [ERROR] Is Streamlit still running? If you accidentally stopped Streamlit, just restart it in your terminal: @ http://localhost:18501/static/js/index.k-9rUdPI.js:24
[12886399ms] [ERROR] Failed to load resource: net::ERR_CONNECTION_REFUSED @ http://localhost:18501/_stcore/host-config:0
[12890720ms] [ERROR] Failed to load resource: net::ERR_CONNECTION_REFUSED @ http://localhost:18501/_stcore/health:0
[12890720ms] [ERROR] Client Error in reaching server endpoint - No response received when attempting to reach /_stcore/health @ http://localhost:18501/static/js/index.k-9rUdPI.js:19
[12890721ms] [ERROR] Is Streamlit still running? If you accidentally stopped Streamlit, just restart it in your terminal: @ http://localhost:18501/static/js/index.k-9rUdPI.js:24
[12890721ms] [ERROR] Failed to load resource: net::ERR_CONNECTION_REFUSED @ http://localhost:18501/_stcore/host-config:0
[12895038ms] [ERROR] Failed to load resource: net::ERR_CONNECTION_REFUSED @ http://localhost:18501/_stcore/health:0
[12895038ms] [ERROR] Client Error in reaching server endpoint - No response received when attempting to reach /_stcore/health @ http://localhost:18501/static/js/index.k-9rUdPI.js:19
[12895038ms] [ERROR] Is Streamlit still running? If you accidentally stopped Streamlit, just restart it in your terminal: @ http://localhost:18501/static/js/index.k-9rUdPI.js:24
[12895065ms] [ERROR] Failed to load resource: net::ERR_CONNECTION_REFUSED @ http://localhost:18501/_stcore/host-config:0
[12899382ms] [ERROR] Failed to load resource: net::ERR_CONNECTION_REFUSED @ http://localhost:18501/_stcore/health:0
[12899382ms] [ERROR] Client Error in reaching server endpoint - No response received when attempting to reach /_stcore/health @ http://localhost:18501/static/js/index.k-9rUdPI.js:19
[12899382ms] [ERROR] Is Streamlit still running? If you accidentally stopped Streamlit, just restart it in your terminal: @ http://localhost:18501/static/js/index.k-9rUdPI.js:24
[12899383ms] [ERROR] Failed to load resource: net::ERR_CONNECTION_REFUSED @ http://localhost:18501/_stcore/host-config:0
[12903705ms] [ERROR] Failed to load resource: net::ERR_CONNECTION_REFUSED @ http://localhost:18501/_stcore/health:0
[12903705ms] [ERROR] Client Error in reaching server endpoint - No response received when attempting to reach /_stcore/health @ http://localhost:18501/static/js/index.k-9rUdPI.js:19
[12903705ms] [ERROR] Is Streamlit still running? If you accidentally stopped Streamlit, just restart it in your terminal: @ http://localhost:18501/static/js/index.k-9rUdPI.js:24
[12903705ms] [ERROR] Failed to load resource: net::ERR_CONNECTION_REFUSED @ http://localhost:18501/_stcore/host-config:0
[12908024ms] [ERROR] Failed to load resource: net::ERR_CONNECTION_REFUSED @ http://localhost:18501/_stcore/health:0
[12908024ms] [ERROR] Client Error in reaching server endpoint - No response received when attempting to reach /_stcore/health @ http://localhost:18501/static/js/index.k-9rUdPI.js:19
[12908024ms] [ERROR] Is Streamlit still running? If you accidentally stopped Streamlit, just restart it in your terminal: @ http://localhost:18501/static/js/index.k-9rUdPI.js:24
[12908024ms] [ERROR] Failed to load resource: net::ERR_CONNECTION_REFUSED @ http://localhost:18501/_stcore/host-config:0
[12912353ms] [ERROR] Failed to load resource: net::ERR_CONNECTION_REFUSED @ http://localhost:18501/_stcore/health:0
[12912354ms] [ERROR] Client Error in reaching server endpoint - No response received when attempting to reach /_stcore/health @ http://localhost:18501/static/js/index.k-9rUdPI.js:19
[12912354ms] [ERROR] Is Streamlit still running? If you accidentally stopped Streamlit, just restart it in your terminal: @ http://localhost:18501/static/js/index.k-9rUdPI.js:24
[12912354ms] [ERROR] Failed to load resource: net::ERR_CONNECTION_REFUSED @ http://localhost:18501/_stcore/host-config:0
[12916684ms] [ERROR] Failed to load resource: net::ERR_CONNECTION_REFUSED @ http://localhost:18501/_stcore/health:0
[12916685ms] [ERROR] Client Error in reaching server endpoint - No response received when attempting to reach /_stcore/health @ http://localhost:18501/static/js/index.k-9rUdPI.js:19
[12916685ms] [ERROR] Is Streamlit still running? If you accidentally stopped Streamlit, just restart it in your terminal: @ http://localhost:18501/static/js/index.k-9rUdPI.js:24
[12916685ms] [ERROR] Failed to load resource: net::ERR_CONNECTION_REFUSED @ http://localhost:18501/_stcore/host-config:0
[12921011ms] [ERROR] Failed to load resource: net::ERR_CONNECTION_REFUSED @ http://localhost:18501/_stcore/health:0
[12921012ms] [ERROR] Client Error in reaching server endpoint - No response received when attempting to reach /_stcore/health @ http://localhost:18501/static/js/index.k-9rUdPI.js:19
[12921012ms] [ERROR] Is Streamlit still running? If you accidentally stopped Streamlit, just restart it in your terminal: @ http://localhost:18501/static/js/index.k-9rUdPI.js:24
[12921012ms] [ERROR] Failed to load resource: net::ERR_CONNECTION_REFUSED @ http://localhost:18501/_stcore/host-config:0
[12925339ms] [ERROR] Failed to load resource: net::ERR_CONNECTION_REFUSED @ http://localhost:18501/_stcore/health:0
[12925339ms] [ERROR] Client Error in reaching server endpoint - No response received when attempting to reach /_stcore/health @ http://localhost:18501/static/js/index.k-9rUdPI.js:19
[12925339ms] [ERROR] Is Streamlit still running? If you accidentally stopped Streamlit, just restart it in your terminal: @ http://localhost:18501/static/js/index.k-9rUdPI.js:24
[12925362ms] [ERROR] Failed to load resource: net::ERR_CONNECTION_REFUSED @ http://localhost:18501/_stcore/host-config:0
[12929665ms] [ERROR] Failed to load resource: net::ERR_CONNECTION_REFUSED @ http://localhost:18501/_stcore/health:0
[12929665ms] [ERROR] Client Error in reaching server endpoint - No response received when attempting to reach /_stcore/health @ http://localhost:18501/static/js/index.k-9rUdPI.js:19
[12929666ms] [ERROR] Is Streamlit still running? If you accidentally stopped Streamlit, just restart it in your terminal: @ http://localhost:18501/static/js/index.k-9rUdPI.js:24
[12929666ms] [ERROR] Failed to load resource: net::ERR_CONNECTION_REFUSED @ http://localhost:18501/_stcore/host-config:0
[12933990ms] [ERROR] Failed to load resource: net::ERR_CONNECTION_REFUSED @ http://localhost:18501/_stcore/health:0
[12933990ms] [ERROR] Client Error in reaching server endpoint - No response received when attempting to reach /_stcore/health @ http://localhost:18501/static/js/index.k-9rUdPI.js:19
[12933990ms] [ERROR] Is Streamlit still running? If you accidentally stopped Streamlit, just restart it in your terminal: @ http://localhost:18501/static/js/index.k-9rUdPI.js:24
[12933991ms] [ERROR] Failed to load resource: net::ERR_CONNECTION_REFUSED @ http://localhost:18501/_stcore/host-config:0
[12938305ms] [ERROR] Failed to load resource: net::ERR_CONNECTION_REFUSED @ http://localhost:18501/_stcore/health:0
[12938305ms] [ERROR] Client Error in reaching server endpoint - No response received when attempting to reach /_stcore/health @ http://localhost:18501/static/js/index.k-9rUdPI.js:19
[12938305ms] [ERROR] Is Streamlit still running? If you accidentally stopped Streamlit, just restart it in your terminal: @ http://localhost:18501/static/js/index.k-9rUdPI.js:24
[12938326ms] [ERROR] Failed to load resource: net::ERR_CONNECTION_REFUSED @ http://localhost:18501/_stcore/host-config:0
[12942624ms] [ERROR] Failed to load resource: net::ERR_CONNECTION_REFUSED @ http://localhost:18501/_stcore/health:0
[12942624ms] [ERROR] Client Error in reaching server endpoint - No response received when attempting to reach /_stcore/health @ http://localhost:18501/static/js/index.k-9rUdPI.js:19
[12942624ms] [ERROR] Is Streamlit still running? If you accidentally stopped Streamlit, just restart it in your terminal: @ http://localhost:18501/static/js/index.k-9rUdPI.js:24
[12942624ms] [ERROR] Failed to load resource: net::ERR_CONNECTION_REFUSED @ http://localhost:18501/_stcore/host-config:0
[12946937ms] [ERROR] Failed to load resource: net::ERR_CONNECTION_REFUSED @ http://localhost:18501/_stcore/health:0
[12946937ms] [ERROR] Client Error in reaching server endpoint - No response received when attempting to reach /_stcore/health @ http://localhost:18501/static/js/index.k-9rUdPI.js:19
[12946937ms] [ERROR] Is Streamlit still running? If you accidentally stopped Streamlit, just restart it in your terminal: @ http://localhost:18501/static/js/index.k-9rUdPI.js:24
[12946962ms] [ERROR] Failed to load resource: net::ERR_CONNECTION_REFUSED @ http://localhost:18501/_stcore/host-config:0
[12951277ms] [ERROR] Failed to load resource: net::ERR_CONNECTION_REFUSED @ http://localhost:18501/_stcore/health:0
[12951277ms] [ERROR] Client Error in reaching server endpoint - No response received when attempting to reach /_stcore/health @ http://localhost:18501/static/js/index.k-9rUdPI.js:19
[12951277ms] [ERROR] Is Streamlit still running? If you accidentally stopped Streamlit, just restart it in your terminal: @ http://localhost:18501/static/js/index.k-9rUdPI.js:24
[12951277ms] [ERROR] Failed to load resource: net::ERR_CONNECTION_REFUSED @ http://localhost:18501/_stcore/host-config:0
[12955605ms] [ERROR] Failed to load resource: net::ERR_CONNECTION_REFUSED @ http://localhost:18501/_stcore/health:0
[12955605ms] [ERROR] Client Error in reaching server endpoint - No response received when attempting to reach /_stcore/health @ http://localhost:18501/static/js/index.k-9rUdPI.js:19
[12955605ms] [ERROR] Is Streamlit still running? If you accidentally stopped Streamlit, just restart it in your terminal: @ http://localhost:18501/static/js/index.k-9rUdPI.js:24
[12955605ms] [ERROR] Failed to load resource: net::ERR_CONNECTION_REFUSED @ http://localhost:18501/_stcore/host-config:0
[12959927ms] [ERROR] Failed to load resource: net::ERR_CONNECTION_REFUSED @ http://localhost:18501/_stcore/health:0
[12959927ms] [ERROR] Client Error in reaching server endpoint - No response received when attempting to reach /_stcore/health @ http://localhost:18501/static/js/index.k-9rUdPI.js:19
[12959927ms] [ERROR] Is Streamlit still running? If you accidentally stopped Streamlit, just restart it in your terminal: @ http://localhost:18501/static/js/index.k-9rUdPI.js:24
[12959928ms] [ERROR] Failed to load resource: net::ERR_CONNECTION_REFUSED @ http://localhost:18501/_stcore/host-config:0
[12964254ms] [ERROR] Failed to load resource: net::ERR_CONNECTION_REFUSED @ http://localhost:18501/_stcore/health:0
[12964254ms] [ERROR] Client Error in reaching server endpoint - No response received when attempting to reach /_stcore/health @ http://localhost:18501/static/js/index.k-9rUdPI.js:19
[12964254ms] [ERROR] Is Streamlit still running? If you accidentally stopped Streamlit, just restart it in your terminal: @ http://localhost:18501/static/js/index.k-9rUdPI.js:24
[12964276ms] [ERROR] Failed to load resource: net::ERR_CONNECTION_REFUSED @ http://localhost:18501/_stcore/host-config:0
[12968569ms] [ERROR] Failed to load resource: net::ERR_CONNECTION_REFUSED @ http://localhost:18501/_stcore/health:0
[12968569ms] [ERROR] Client Error in reaching server endpoint - No response received when attempting to reach /_stcore/health @ http://localhost:18501/static/js/index.k-9rUdPI.js:19
[12968569ms] [ERROR] Is Streamlit still running? If you accidentally stopped Streamlit, just restart it in your terminal: @ http://localhost:18501/static/js/index.k-9rUdPI.js:24
[12968591ms] [ERROR] Failed to load resource: net::ERR_CONNECTION_REFUSED @ http://localhost:18501/_stcore/host-config:0
[12972902ms] [ERROR] Failed to load resource: net::ERR_CONNECTION_REFUSED @ http://localhost:18501/_stcore/health:0
[12972902ms] [ERROR] Client Error in reaching server endpoint - No response received when attempting to reach /_stcore/health @ http://localhost:18501/static/js/index.k-9rUdPI.js:19
[12972903ms] [ERROR] Is Streamlit still running? If you accidentally stopped Streamlit, just restart it in your terminal: @ http://localhost:18501/static/js/index.k-9rUdPI.js:24
[12972903ms] [ERROR] Failed to load resource: net::ERR_CONNECTION_REFUSED @ http://localhost:18501/_stcore/host-config:0
[12977237ms] [ERROR] Failed to load resource: net::ERR_CONNECTION_REFUSED @ http://localhost:18501/_stcore/health:0
[12977237ms] [ERROR] Client Error in reaching server endpoint - No response received when attempting to reach /_stcore/health @ http://localhost:18501/static/js/index.k-9rUdPI.js:19
[12977237ms] [ERROR] Is Streamlit still running? If you accidentally stopped Streamlit, just restart it in your terminal: @ http://localhost:18501/static/js/index.k-9rUdPI.js:24
[12977237ms] [ERROR] Failed to load resource: net::ERR_CONNECTION_REFUSED @ http://localhost:18501/_stcore/host-config:0
[12981554ms] [ERROR] Failed to load resource: net::ERR_CONNECTION_REFUSED @ http://localhost:18501/_stcore/health:0
[12981555ms] [ERROR] Client Error in reaching server endpoint - No response received when attempting to reach /_stcore/health @ http://localhost:18501/static/js/index.k-9rUdPI.js:19
[12981555ms] [ERROR] Is Streamlit still running? If you accidentally stopped Streamlit, just restart it in your terminal: @ http://localhost:18501/static/js/index.k-9rUdPI.js:24
[12981581ms] [ERROR] Failed to load resource: net::ERR_CONNECTION_REFUSED @ http://localhost:18501/_stcore/host-config:0
[12985885ms] [ERROR] Failed to load resource: net::ERR_CONNECTION_REFUSED @ http://localhost:18501/_stcore/health:0
[12985885ms] [ERROR] Client Error in reaching server endpoint - No response received when attempting to reach /_stcore/health @ http://localhost:18501/static/js/index.k-9rUdPI.js:19
[12985885ms] [ERROR] Is Streamlit still running? If you accidentally stopped Streamlit, just restart it in your terminal: @ http://localhost:18501/static/js/index.k-9rUdPI.js:24
[12985886ms] [ERROR] Failed to load resource: net::ERR_CONNECTION_REFUSED @ http://localhost:18501/_stcore/host-config:0
[12990205ms] [ERROR] Failed to load resource: net::ERR_CONNECTION_REFUSED @ http://localhost:18501/_stcore/health:0
[12990205ms] [ERROR] Client Error in reaching server endpoint - No response received when attempting to reach /_stcore/health @ http://localhost:18501/static/js/index.k-9rUdPI.js:19
[12990206ms] [ERROR] Is Streamlit still running? If you accidentally stopped Streamlit, just restart it in your terminal: @ http://localhost:18501/static/js/index.k-9rUdPI.js:24
[12990206ms] [ERROR] Failed to load resource: net::ERR_CONNECTION_REFUSED @ http://localhost:18501/_stcore/host-config:0
[12994534ms] [ERROR] Failed to load resource: net::ERR_CONNECTION_REFUSED @ http://localhost:18501/_stcore/health:0
[12994534ms] [ERROR] Client Error in reaching server endpoint - No response received when attempting to reach /_stcore/health @ http://localhost:18501/static/js/index.k-9rUdPI.js:19
[12994534ms] [ERROR] Is Streamlit still running? If you accidentally stopped Streamlit, just restart it in your terminal: @ http://localhost:18501/static/js/index.k-9rUdPI.js:24
[12994534ms] [ERROR] Failed to load resource: net::ERR_CONNECTION_REFUSED @ http://localhost:18501/_stcore/host-config:0
[12998861ms] [ERROR] Failed to load resource: net::ERR_CONNECTION_REFUSED @ http://localhost:18501/_stcore/health:0
[12998862ms] [ERROR] Client Error in reaching server endpoint - No response received when attempting to reach /_stcore/health @ http://localhost:18501/static/js/index.k-9rUdPI.js:19
[12998862ms] [ERROR] Is Streamlit still running? If you accidentally stopped Streamlit, just restart it in your terminal: @ http://localhost:18501/static/js/index.k-9rUdPI.js:24
[12998883ms] [ERROR] Failed to load resource: net::ERR_CONNECTION_REFUSED @ http://localhost:18501/_stcore/host-config:0
[13003187ms] [ERROR] Failed to load resource: net::ERR_CONNECTION_REFUSED @ http://localhost:18501/_stcore/health:0
[13003187ms] [ERROR] Client Error in reaching server endpoint - No response received when attempting to reach /_stcore/health @ http://localhost:18501/static/js/index.k-9rUdPI.js:19
[13003188ms] [ERROR] Is Streamlit still running? If you accidentally stopped Streamlit, just restart it in your terminal: @ http://localhost:18501/static/js/index.k-9rUdPI.js:24
[13003188ms] [ERROR] Failed to load resource: net::ERR_CONNECTION_REFUSED @ http://localhost:18501/_stcore/host-config:0
[13007536ms] [ERROR] Failed to load resource: net::ERR_CONNECTION_REFUSED @ http://localhost:18501/_stcore/health:0
[13007536ms] [ERROR] Client Error in reaching server endpoint - No response received when attempting to reach /_stcore/health @ http://localhost:18501/static/js/index.k-9rUdPI.js:19
[13007536ms] [ERROR] Is Streamlit still running? If you accidentally stopped Streamlit, just restart it in your terminal: @ http://localhost:18501/static/js/index.k-9rUdPI.js:24
[13007536ms] [ERROR] Failed to load resource: net::ERR_CONNECTION_REFUSED @ http://localhost:18501/_stcore/host-config:0
[13011859ms] [ERROR] Failed to load resource: net::ERR_CONNECTION_REFUSED @ http://localhost:18501/_stcore/health:0
[13011860ms] [ERROR] Client Error in reaching server endpoint - No response received when attempting to reach /_stcore/health @ http://localhost:18501/static/js/index.k-9rUdPI.js:19
[13011860ms] [ERROR] Is Streamlit still running? If you accidentally stopped Streamlit, just restart it in your terminal: @ http://localhost:18501/static/js/index.k-9rUdPI.js:24
[13011860ms] [ERROR] Failed to load resource: net::ERR_CONNECTION_REFUSED @ http://localhost:18501/_stcore/host-config:0
[13016176ms] [ERROR] Failed to load resource: net::ERR_CONNECTION_REFUSED @ http://localhost:18501/_stcore/health:0
[13016176ms] [ERROR] Client Error in reaching server endpoint - No response received when attempting to reach /_stcore/health @ http://localhost:18501/static/js/index.k-9rUdPI.js:19
[13016176ms] [ERROR] Is Streamlit still running? If you accidentally stopped Streamlit, just restart it in your terminal: @ http://localhost:18501/static/js/index.k-9rUdPI.js:24
[13016200ms] [ERROR] Failed to load resource: net::ERR_CONNECTION_REFUSED @ http://localhost:18501/_stcore/host-config:0
[13020502ms] [ERROR] Failed to load resource: net::ERR_CONNECTION_REFUSED @ http://localhost:18501/_stcore/health:0
[13020503ms] [ERROR] Client Error in reaching server endpoint - No response received when attempting to reach /_stcore/health @ http://localhost:18501/static/js/index.k-9rUdPI.js:19
[13020503ms] [ERROR] Is Streamlit still running? If you accidentally stopped Streamlit, just restart it in your terminal: @ http://localhost:18501/static/js/index.k-9rUdPI.js:24
[13020503ms] [ERROR] Failed to load resource: net::ERR_CONNECTION_REFUSED @ http://localhost:18501/_stcore/host-config:0
[13024833ms] [ERROR] Failed to load resource: net::ERR_CONNECTION_REFUSED @ http://localhost:18501/_stcore/health:0
[13024833ms] [ERROR] Client Error in reaching server endpoint - No response received when attempting to reach /_stcore/health @ http://localhost:18501/static/js/index.k-9rUdPI.js:19
[13024833ms] [ERROR] Is Streamlit still running? If you accidentally stopped Streamlit, just restart it in your terminal: @ http://localhost:18501/static/js/index.k-9rUdPI.js:24
[13024833ms] [ERROR] Failed to load resource: net::ERR_CONNECTION_REFUSED @ http://localhost:18501/_stcore/host-config:0
[13029147ms] [ERROR] Failed to load resource: net::ERR_CONNECTION_REFUSED @ http://localhost:18501/_stcore/health:0
[13029147ms] [ERROR] Client Error in reaching server endpoint - No response received when attempting to reach /_stcore/health @ http://localhost:18501/static/js/index.k-9rUdPI.js:19
[13029148ms] [ERROR] Is Streamlit still running? If you accidentally stopped Streamlit, just restart it in your terminal: @ http://localhost:18501/static/js/index.k-9rUdPI.js:24
[13029175ms] [ERROR] Failed to load resource: net::ERR_CONNECTION_REFUSED @ http://localhost:18501/_stcore/host-config:0
[13033478ms] [ERROR] Failed to load resource: net::ERR_CONNECTION_REFUSED @ http://localhost:18501/_stcore/health:0
[13033478ms] [ERROR] Client Error in reaching server endpoint - No response received when attempting to reach /_stcore/health @ http://localhost:18501/static/js/index.k-9rUdPI.js:19
[13033479ms] [ERROR] Is Streamlit still running? If you accidentally stopped Streamlit, just restart it in your terminal: @ http://localhost:18501/static/js/index.k-9rUdPI.js:24
[13033479ms] [ERROR] Failed to load resource: net::ERR_CONNECTION_REFUSED @ http://localhost:18501/_stcore/host-config:0
[13037787ms] [ERROR] Failed to load resource: net::ERR_CONNECTION_REFUSED @ http://localhost:18501/_stcore/health:0
[13037787ms] [ERROR] Client Error in reaching server endpoint - No response received when attempting to reach /_stcore/health @ http://localhost:18501/static/js/index.k-9rUdPI.js:19
[13037788ms] [ERROR] Is Streamlit still running? If you accidentally stopped Streamlit, just restart it in your terminal: @ http://localhost:18501/static/js/index.k-9rUdPI.js:24
[13037811ms] [ERROR] Failed to load resource: net::ERR_CONNECTION_REFUSED @ http://localhost:18501/_stcore/host-config:0
[13042106ms] [ERROR] Failed to load resource: net::ERR_CONNECTION_REFUSED @ http://localhost:18501/_stcore/health:0
[13042106ms] [ERROR] Client Error in reaching server endpoint - No response received when attempting to reach /_stcore/health @ http://localhost:18501/static/js/index.k-9rUdPI.js:19
[13042106ms] [ERROR] Is Streamlit still running? If you accidentally stopped Streamlit, just restart it in your terminal: @ http://localhost:18501/static/js/index.k-9rUdPI.js:24
[13042106ms] [ERROR] Failed to load resource: net::ERR_CONNECTION_REFUSED @ http://localhost:18501/_stcore/host-config:0
[13046431ms] [ERROR] Failed to load resource: net::ERR_CONNECTION_REFUSED @ http://localhost:18501/_stcore/health:0
[13046431ms] [ERROR] Client Error in reaching server endpoint - No response received when attempting to reach /_stcore/health @ http://localhost:18501/static/js/index.k-9rUdPI.js:19
[13046432ms] [ERROR] Is Streamlit still running? If you accidentally stopped Streamlit, just restart it in your terminal: @ http://localhost:18501/static/js/index.k-9rUdPI.js:24
[13046432ms] [ERROR] Failed to load resource: net::ERR_CONNECTION_REFUSED @ http://localhost:18501/_stcore/host-config:0
[13050748ms] [ERROR] Failed to load resource: net::ERR_CONNECTION_REFUSED @ http://localhost:18501/_stcore/health:0
[13050748ms] [ERROR] Client Error in reaching server endpoint - No response received when attempting to reach /_stcore/health @ http://localhost:18501/static/js/index.k-9rUdPI.js:19
[13050748ms] [ERROR] Is Streamlit still running? If you accidentally stopped Streamlit, just restart it in your terminal: @ http://localhost:18501/static/js/index.k-9rUdPI.js:24
[13050768ms] [ERROR] Failed to load resource: net::ERR_CONNECTION_REFUSED @ http://localhost:18501/_stcore/host-config:0
[13055065ms] [ERROR] Failed to load resource: net::ERR_CONNECTION_REFUSED @ http://localhost:18501/_stcore/health:0
[13055065ms] [ERROR] Client Error in reaching server endpoint - No response received when attempting to reach /_stcore/health @ http://localhost:18501/static/js/index.k-9rUdPI.js:19
[13055065ms] [ERROR] Is Streamlit still running? If you accidentally stopped Streamlit, just restart it in your terminal: @ http://localhost:18501/static/js/index.k-9rUdPI.js:24
[13055066ms] [ERROR] Failed to load resource: net::ERR_CONNECTION_REFUSED @ http://localhost:18501/_stcore/host-config:0
[13059392ms] [ERROR] Failed to load resource: net::ERR_CONNECTION_REFUSED @ http://localhost:18501/_stcore/health:0
[13059392ms] [ERROR] Client Error in reaching server endpoint - No response received when attempting to reach /_stcore/health @ http://localhost:18501/static/js/index.k-9rUdPI.js:19
[13059392ms] [ERROR] Is Streamlit still running? If you accidentally stopped Streamlit, just restart it in your terminal: @ http://localhost:18501/static/js/index.k-9rUdPI.js:24
[13059393ms] [ERROR] Failed to load resource: net::ERR_CONNECTION_REFUSED @ http://localhost:18501/_stcore/host-config:0
[13063715ms] [ERROR] Failed to load resource: net::ERR_CONNECTION_REFUSED @ http://localhost:18501/_stcore/health:0
[13063716ms] [ERROR] Client Error in reaching server endpoint - No response received when attempting to reach /_stcore/health @ http://localhost:18501/static/js/index.k-9rUdPI.js:19
[13063716ms] [ERROR] Is Streamlit still running? If you accidentally stopped Streamlit, just restart it in your terminal: @ http://localhost:18501/static/js/index.k-9rUdPI.js:24
[13063716ms] [ERROR] Failed to load resource: net::ERR_CONNECTION_REFUSED @ http://localhost:18501/_stcore/host-config:0
[13068036ms] [ERROR] Failed to load resource: net::ERR_CONNECTION_REFUSED @ http://localhost:18501/_stcore/health:0
[13068036ms] [ERROR] Client Error in reaching server endpoint - No response received when attempting to reach /_stcore/health @ http://localhost:18501/static/js/index.k-9rUdPI.js:19
[13068036ms] [ERROR] Is Streamlit still running? If you accidentally stopped Streamlit, just restart it in your terminal: @ http://localhost:18501/static/js/index.k-9rUdPI.js:24
[13068036ms] [ERROR] Failed to load resource: net::ERR_CONNECTION_REFUSED @ http://localhost:18501/_stcore/host-config:0
[13072357ms] [ERROR] Failed to load resource: net::ERR_CONNECTION_REFUSED @ http://localhost:18501/_stcore/health:0
[13072357ms] [ERROR] Client Error in reaching server endpoint - No response received when attempting to reach /_stcore/health @ http://localhost:18501/static/js/index.k-9rUdPI.js:19
[13072357ms] [ERROR] Is Streamlit still running? If you accidentally stopped Streamlit, just restart it in your terminal: @ http://localhost:18501/static/js/index.k-9rUdPI.js:24
[13072357ms] [ERROR] Failed to load resource: net::ERR_CONNECTION_REFUSED @ http://localhost:18501/_stcore/host-config:0
[13076684ms] [ERROR] Failed to load resource: net::ERR_CONNECTION_REFUSED @ http://localhost:18501/_stcore/health:0
[13076684ms] [ERROR] Client Error in reaching server endpoint - No response received when attempting to reach /_stcore/health @ http://localhost:18501/static/js/index.k-9rUdPI.js:19
[13076684ms] [ERROR] Is Streamlit still running? If you accidentally stopped Streamlit, just restart it in your terminal: @ http://localhost:18501/static/js/index.k-9rUdPI.js:24
[13076707ms] [ERROR] Failed to load resource: net::ERR_CONNECTION_REFUSED @ http://localhost:18501/_stcore/host-config:0
[13081012ms] [ERROR] Failed to load resource: net::ERR_CONNECTION_REFUSED @ http://localhost:18501/_stcore/health:0
[13081012ms] [ERROR] Client Error in reaching server endpoint - No response received when attempting to reach /_stcore/health @ http://localhost:18501/static/js/index.k-9rUdPI.js:19
[13081012ms] [ERROR] Is Streamlit still running? If you accidentally stopped Streamlit, just restart it in your terminal: @ http://localhost:18501/static/js/index.k-9rUdPI.js:24
[13081012ms] [ERROR] Failed to load resource: net::ERR_CONNECTION_REFUSED @ http://localhost:18501/_stcore/host-config:0
[13085322ms] [ERROR] Failed to load resource: net::ERR_CONNECTION_REFUSED @ http://localhost:18501/_stcore/health:0
[13085322ms] [ERROR] Client Error in reaching server endpoint - No response received when attempting to reach /_stcore/health @ http://localhost:18501/static/js/index.k-9rUdPI.js:19
[13085322ms] [ERROR] Is Streamlit still running? If you accidentally stopped Streamlit, just restart it in your terminal: @ http://localhost:18501/static/js/index.k-9rUdPI.js:24
[13085346ms] [ERROR] Failed to load resource: net::ERR_CONNECTION_REFUSED @ http://localhost:18501/_stcore/host-config:0
[13089656ms] [ERROR] Failed to load resource: net::ERR_CONNECTION_REFUSED @ http://localhost:18501/_stcore/health:0
[13089656ms] [ERROR] Client Error in reaching server endpoint - No response received when attempting to reach /_stcore/health @ http://localhost:18501/static/js/index.k-9rUdPI.js:19
[13089657ms] [ERROR] Is Streamlit still running? If you accidentally stopped Streamlit, just restart it in your terminal: @ http://localhost:18501/static/js/index.k-9rUdPI.js:24
[13089675ms] [ERROR] Failed to load resource: net::ERR_CONNECTION_REFUSED @ http://localhost:18501/_stcore/host-config:0
[13093981ms] [ERROR] Failed to load resource: net::ERR_CONNECTION_REFUSED @ http://localhost:18501/_stcore/health:0
[13093981ms] [ERROR] Client Error in reaching server endpoint - No response received when attempting to reach /_stcore/health @ http://localhost:18501/static/js/index.k-9rUdPI.js:19
[13093982ms] [ERROR] Is Streamlit still running? If you accidentally stopped Streamlit, just restart it in your terminal: @ http://localhost:18501/static/js/index.k-9rUdPI.js:24
[13094009ms] [ERROR] Failed to load resource: net::ERR_CONNECTION_REFUSED @ http://localhost:18501/_stcore/host-config:0
[13098309ms] [ERROR] Failed to load resource: net::ERR_CONNECTION_REFUSED @ http://localhost:18501/_stcore/health:0
[13098309ms] [ERROR] Client Error in reaching server endpoint - No response received when attempting to reach /_stcore/health @ http://localhost:18501/static/js/index.k-9rUdPI.js:19
[13098309ms] [ERROR] Is Streamlit still running? If you accidentally stopped Streamlit, just restart it in your terminal: @ http://localhost:18501/static/js/index.k-9rUdPI.js:24
[13098327ms] [ERROR] Failed to load resource: net::ERR_CONNECTION_REFUSED @ http://localhost:18501/_stcore/host-config:0
[13102637ms] [ERROR] Failed to load resource: net::ERR_CONNECTION_REFUSED @ http://localhost:18501/_stcore/health:0
[13102637ms] [ERROR] Client Error in reaching server endpoint - No response received when attempting to reach /_stcore/health @ http://localhost:18501/static/js/index.k-9rUdPI.js:19
[13102637ms] [ERROR] Is Streamlit still running? If you accidentally stopped Streamlit, just restart it in your terminal: @ http://localhost:18501/static/js/index.k-9rUdPI.js:24
[13102638ms] [ERROR] Failed to load resource: net::ERR_CONNECTION_REFUSED @ http://localhost:18501/_stcore/host-config:0
[13106957ms] [ERROR] Failed to load resource: net::ERR_CONNECTION_REFUSED @ http://localhost:18501/_stcore/health:0
[13106957ms] [ERROR] Client Error in reaching server endpoint - No response received when attempting to reach /_stcore/health @ http://localhost:18501/static/js/index.k-9rUdPI.js:19
[13106957ms] [ERROR] Is Streamlit still running? If you accidentally stopped Streamlit, just restart it in your terminal: @ http://localhost:18501/static/js/index.k-9rUdPI.js:24
[13106957ms] [ERROR] Failed to load resource: net::ERR_CONNECTION_REFUSED @ http://localhost:18501/_stcore/host-config:0
[13111278ms] [ERROR] Failed to load resource: net::ERR_CONNECTION_REFUSED @ http://localhost:18501/_stcore/health:0
[13111279ms] [ERROR] Client Error in reaching server endpoint - No response received when attempting to reach /_stcore/health @ http://localhost:18501/static/js/index.k-9rUdPI.js:19
[13111279ms] [ERROR] Is Streamlit still running? If you accidentally stopped Streamlit, just restart it in your terminal: @ http://localhost:18501/static/js/index.k-9rUdPI.js:24
[13111279ms] [ERROR] Failed to load resource: net::ERR_CONNECTION_REFUSED @ http://localhost:18501/_stcore/host-config:0
[13115599ms] [ERROR] Failed to load resource: net::ERR_CONNECTION_REFUSED @ http://localhost:18501/_stcore/health:0
[13115600ms] [ERROR] Client Error in reaching server endpoint - No response received when attempting to reach /_stcore/health @ http://localhost:18501/static/js/index.k-9rUdPI.js:19
[13115600ms] [ERROR] Is Streamlit still running? If you accidentally stopped Streamlit, just restart it in your terminal: @ http://localhost:18501/static/js/index.k-9rUdPI.js:24
[13115600ms] [ERROR] Failed to load resource: net::ERR_CONNECTION_REFUSED @ http://localhost:18501/_stcore/host-config:0
[13119921ms] [ERROR] Failed to load resource: net::ERR_CONNECTION_REFUSED @ http://localhost:18501/_stcore/health:0
[13119921ms] [ERROR] Client Error in reaching server endpoint - No response received when attempting to reach /_stcore/health @ http://localhost:18501/static/js/index.k-9rUdPI.js:19
[13119921ms] [ERROR] Is Streamlit still running? If you accidentally stopped Streamlit, just restart it in your terminal: @ http://localhost:18501/static/js/index.k-9rUdPI.js:24
[13119921ms] [ERROR] Failed to load resource: net::ERR_CONNECTION_REFUSED @ http://localhost:18501/_stcore/host-config:0
[13124249ms] [ERROR] Failed to load resource: net::ERR_CONNECTION_REFUSED @ http://localhost:18501/_stcore/health:0
[13124249ms] [ERROR] Client Error in reaching server endpoint - No response received when attempting to reach /_stcore/health @ http://localhost:18501/static/js/index.k-9rUdPI.js:19
[13124250ms] [ERROR] Is Streamlit still running? If you accidentally stopped Streamlit, just restart it in your terminal: @ http://localhost:18501/static/js/index.k-9rUdPI.js:24
[13124250ms] [ERROR] Failed to load resource: net::ERR_CONNECTION_REFUSED @ http://localhost:18501/_stcore/host-config:0
[13128570ms] [ERROR] Failed to load resource: net::ERR_CONNECTION_REFUSED @ http://localhost:18501/_stcore/health:0
[13128571ms] [ERROR] Client Error in reaching server endpoint - No response received when attempting to reach /_stcore/health @ http://localhost:18501/static/js/index.k-9rUdPI.js:19
[13128571ms] [ERROR] Is Streamlit still running? If you accidentally stopped Streamlit, just restart it in your terminal: @ http://localhost:18501/static/js/index.k-9rUdPI.js:24
[13128571ms] [ERROR] Failed to load resource: net::ERR_CONNECTION_REFUSED @ http://localhost:18501/_stcore/host-config:0
[13132897ms] [ERROR] Failed to load resource: net::ERR_CONNECTION_REFUSED @ http://localhost:18501/_stcore/health:0
[13132897ms] [ERROR] Client Error in reaching server endpoint - No response received when attempting to reach /_stcore/health @ http://localhost:18501/static/js/index.k-9rUdPI.js:19
[13132897ms] [ERROR] Is Streamlit still running? If you accidentally stopped Streamlit, just restart it in your terminal: @ http://localhost:18501/static/js/index.k-9rUdPI.js:24
[13132897ms] [ERROR] Failed to load resource: net::ERR_CONNECTION_REFUSED @ http://localhost:18501/_stcore/host-config:0
[13137218ms] [ERROR] Failed to load resource: net::ERR_CONNECTION_REFUSED @ http://localhost:18501/_stcore/health:0
[13137218ms] [ERROR] Client Error in reaching server endpoint - No response received when attempting to reach /_stcore/health @ http://localhost:18501/static/js/index.k-9rUdPI.js:19
[13137218ms] [ERROR] Is Streamlit still running? If you accidentally stopped Streamlit, just restart it in your terminal: @ http://localhost:18501/static/js/index.k-9rUdPI.js:24
[13137218ms] [ERROR] Failed to load resource: net::ERR_CONNECTION_REFUSED @ http://localhost:18501/_stcore/host-config:0
[13141562ms] [ERROR] Failed to load resource: net::ERR_CONNECTION_REFUSED @ http://localhost:18501/_stcore/health:0
[13141562ms] [ERROR] Client Error in reaching server endpoint - No response received when attempting to reach /_stcore/health @ http://localhost:18501/static/js/index.k-9rUdPI.js:19
[13141562ms] [ERROR] Is Streamlit still running? If you accidentally stopped Streamlit, just restart it in your terminal: @ http://localhost:18501/static/js/index.k-9rUdPI.js:24
[13141562ms] [ERROR] Failed to load resource: net::ERR_CONNECTION_REFUSED @ http://localhost:18501/_stcore/host-config:0
[13145886ms] [ERROR] Failed to load resource: net::ERR_CONNECTION_REFUSED @ http://localhost:18501/_stcore/health:0
[13145886ms] [ERROR] Client Error in reaching server endpoint - No response received when attempting to reach /_stcore/health @ http://localhost:18501/static/js/index.k-9rUdPI.js:19
[13145886ms] [ERROR] Is Streamlit still running? If you accidentally stopped Streamlit, just restart it in your terminal: @ http://localhost:18501/static/js/index.k-9rUdPI.js:24
[13145886ms] [ERROR] Failed to load resource: net::ERR_CONNECTION_REFUSED @ http://localhost:18501/_stcore/host-config:0
[13150205ms] [ERROR] Failed to load resource: net::ERR_CONNECTION_REFUSED @ http://localhost:18501/_stcore/health:0
[13150205ms] [ERROR] Client Error in reaching server endpoint - No response received when attempting to reach /_stcore/health @ http://localhost:18501/static/js/index.k-9rUdPI.js:19
[13150206ms] [ERROR] Is Streamlit still running? If you accidentally stopped Streamlit, just restart it in your terminal: @ http://localhost:18501/static/js/index.k-9rUdPI.js:24
[13150231ms] [ERROR] Failed to load resource: net::ERR_CONNECTION_REFUSED @ http://localhost:18501/_stcore/host-config:0
[13154527ms] [ERROR] Failed to load resource: net::ERR_CONNECTION_REFUSED @ http://localhost:18501/_stcore/health:0
[13154527ms] [ERROR] Client Error in reaching server endpoint - No response received when attempting to reach /_stcore/health @ http://localhost:18501/static/js/index.k-9rUdPI.js:19
[13154528ms] [ERROR] Is Streamlit still running? If you accidentally stopped Streamlit, just restart it in your terminal: @ http://localhost:18501/static/js/index.k-9rUdPI.js:24
[13154550ms] [ERROR] Failed to load resource: net::ERR_CONNECTION_REFUSED @ http://localhost:18501/_stcore/host-config:0
[13158853ms] [ERROR] Failed to load resource: net::ERR_CONNECTION_REFUSED @ http://localhost:18501/_stcore/health:0
[13158853ms] [ERROR] Client Error in reaching server endpoint - No response received when attempting to reach /_stcore/health @ http://localhost:18501/static/js/index.k-9rUdPI.js:19
[13158853ms] [ERROR] Is Streamlit still running? If you accidentally stopped Streamlit, just restart it in your terminal: @ http://localhost:18501/static/js/index.k-9rUdPI.js:24
[13158854ms] [ERROR] Failed to load resource: net::ERR_CONNECTION_REFUSED @ http://localhost:18501/_stcore/host-config:0
[13163173ms] [ERROR] Failed to load resource: net::ERR_CONNECTION_REFUSED @ http://localhost:18501/_stcore/health:0
[13163173ms] [ERROR] Client Error in reaching server endpoint - No response received when attempting to reach /_stcore/health @ http://localhost:18501/static/js/index.k-9rUdPI.js:19
[13163173ms] [ERROR] Is Streamlit still running? If you accidentally stopped Streamlit, just restart it in your terminal: @ http://localhost:18501/static/js/index.k-9rUdPI.js:24
[13163173ms] [ERROR] Failed to load resource: net::ERR_CONNECTION_REFUSED @ http://localhost:18501/_stcore/host-config:0
[13167503ms] [ERROR] Failed to load resource: net::ERR_CONNECTION_REFUSED @ http://localhost:18501/_stcore/health:0
[13167503ms] [ERROR] Client Error in reaching server endpoint - No response received when attempting to reach /_stcore/health @ http://localhost:18501/static/js/index.k-9rUdPI.js:19
[13167503ms] [ERROR] Is Streamlit still running? If you accidentally stopped Streamlit, just restart it in your terminal: @ http://localhost:18501/static/js/index.k-9rUdPI.js:24
[13167530ms] [ERROR] Failed to load resource: net::ERR_CONNECTION_REFUSED @ http://localhost:18501/_stcore/host-config:0
[13171825ms] [ERROR] Failed to load resource: net::ERR_CONNECTION_REFUSED @ http://localhost:18501/_stcore/health:0
[13171825ms] [ERROR] Client Error in reaching server endpoint - No response received when attempting to reach /_stcore/health @ http://localhost:18501/static/js/index.k-9rUdPI.js:19
[13171826ms] [ERROR] Is Streamlit still running? If you accidentally stopped Streamlit, just restart it in your terminal: @ http://localhost:18501/static/js/index.k-9rUdPI.js:24
[13171826ms] [ERROR] Failed to load resource: net::ERR_CONNECTION_REFUSED @ http://localhost:18501/_stcore/host-config:0
[13176158ms] [ERROR] Failed to load resource: net::ERR_CONNECTION_REFUSED @ http://localhost:18501/_stcore/health:0
[13176158ms] [ERROR] Client Error in reaching server endpoint - No response received when attempting to reach /_stcore/health @ http://localhost:18501/static/js/index.k-9rUdPI.js:19
[13176158ms] [ERROR] Is Streamlit still running? If you accidentally stopped Streamlit, just restart it in your terminal: @ http://localhost:18501/static/js/index.k-9rUdPI.js:24
[13176190ms] [ERROR] Failed to load resource: net::ERR_CONNECTION_REFUSED @ http://localhost:18501/_stcore/host-config:0
[13180479ms] [ERROR] Failed to load resource: net::ERR_CONNECTION_REFUSED @ http://localhost:18501/_stcore/health:0
[13180479ms] [ERROR] Client Error in reaching server endpoint - No response received when attempting to reach /_stcore/health @ http://localhost:18501/static/js/index.k-9rUdPI.js:19
[13180479ms] [ERROR] Is Streamlit still running? If you accidentally stopped Streamlit, just restart it in your terminal: @ http://localhost:18501/static/js/index.k-9rUdPI.js:24
[13180502ms] [ERROR] Failed to load resource: net::ERR_CONNECTION_REFUSED @ http://localhost:18501/_stcore/host-config:0
[13184800ms] [ERROR] Failed to load resource: net::ERR_CONNECTION_REFUSED @ http://localhost:18501/_stcore/health:0
[13184800ms] [ERROR] Client Error in reaching server endpoint - No response received when attempting to reach /_stcore/health @ http://localhost:18501/static/js/index.k-9rUdPI.js:19
[13184800ms] [ERROR] Is Streamlit still running? If you accidentally stopped Streamlit, just restart it in your terminal: @ http://localhost:18501/static/js/index.k-9rUdPI.js:24
[13184800ms] [ERROR] Failed to load resource: net::ERR_CONNECTION_REFUSED @ http://localhost:18501/_stcore/host-config:0
[13189131ms] [ERROR] Failed to load resource: net::ERR_CONNECTION_REFUSED @ http://localhost:18501/_stcore/health:0
[13189131ms] [ERROR] Client Error in reaching server endpoint - No response received when attempting to reach /_stcore/health @ http://localhost:18501/static/js/index.k-9rUdPI.js:19
[13189131ms] [ERROR] Is Streamlit still running? If you accidentally stopped Streamlit, just restart it in your terminal: @ http://localhost:18501/static/js/index.k-9rUdPI.js:24
[13189131ms] [ERROR] Failed to load resource: net::ERR_CONNECTION_REFUSED @ http://localhost:18501/_stcore/host-config:0
[13193462ms] [ERROR] Failed to load resource: net::ERR_CONNECTION_REFUSED @ http://localhost:18501/_stcore/health:0
[13193462ms] [ERROR] Client Error in reaching server endpoint - No response received when attempting to reach /_stcore/health @ http://localhost:18501/static/js/index.k-9rUdPI.js:19
[13193462ms] [ERROR] Is Streamlit still running? If you accidentally stopped Streamlit, just restart it in your terminal: @ http://localhost:18501/static/js/index.k-9rUdPI.js:24
[13193462ms] [ERROR] Failed to load resource: net::ERR_CONNECTION_REFUSED @ http://localhost:18501/_stcore/host-config:0
[13197793ms] [ERROR] Failed to load resource: net::ERR_CONNECTION_REFUSED @ http://localhost:18501/_stcore/health:0
[13197793ms] [ERROR] Client Error in reaching server endpoint - No response received when attempting to reach /_stcore/health @ http://localhost:18501/static/js/index.k-9rUdPI.js:19
[13197793ms] [ERROR] Is Streamlit still running? If you accidentally stopped Streamlit, just restart it in your terminal: @ http://localhost:18501/static/js/index.k-9rUdPI.js:24
[13197815ms] [ERROR] Failed to load resource: net::ERR_CONNECTION_REFUSED @ http://localhost:18501/_stcore/host-config:0
[13202115ms] [ERROR] Failed to load resource: net::ERR_CONNECTION_REFUSED @ http://localhost:18501/_stcore/health:0
[13202116ms] [ERROR] Client Error in reaching server endpoint - No response received when attempting to reach /_stcore/health @ http://localhost:18501/static/js/index.k-9rUdPI.js:19
[13202116ms] [ERROR] Is Streamlit still running? If you accidentally stopped Streamlit, just restart it in your terminal: @ http://localhost:18501/static/js/index.k-9rUdPI.js:24
[13202116ms] [ERROR] Failed to load resource: net::ERR_CONNECTION_REFUSED @ http://localhost:18501/_stcore/host-config:0
[13206443ms] [ERROR] Failed to load resource: net::ERR_CONNECTION_REFUSED @ http://localhost:18501/_stcore/health:0
[13206443ms] [ERROR] Client Error in reaching server endpoint - No response received when attempting to reach /_stcore/health @ http://localhost:18501/static/js/index.k-9rUdPI.js:19
[13206443ms] [ERROR] Is Streamlit still running? If you accidentally stopped Streamlit, just restart it in your terminal: @ http://localhost:18501/static/js/index.k-9rUdPI.js:24
[13206466ms] [ERROR] Failed to load resource: net::ERR_CONNECTION_REFUSED @ http://localhost:18501/_stcore/host-config:0
[13210764ms] [ERROR] Failed to load resource: net::ERR_CONNECTION_REFUSED @ http://localhost:18501/_stcore/health:0
[13210765ms] [ERROR] Client Error in reaching server endpoint - No response received when attempting to reach /_stcore/health @ http://localhost:18501/static/js/index.k-9rUdPI.js:19
[13210765ms] [ERROR] Is Streamlit still running? If you accidentally stopped Streamlit, just restart it in your terminal: @ http://localhost:18501/static/js/index.k-9rUdPI.js:24
[13210765ms] [ERROR] Failed to load resource: net::ERR_CONNECTION_REFUSED @ http://localhost:18501/_stcore/host-config:0
[13215086ms] [ERROR] Failed to load resource: net::ERR_CONNECTION_REFUSED @ http://localhost:18501/_stcore/health:0
[13215086ms] [ERROR] Client Error in reaching server endpoint - No response received when attempting to reach /_stcore/health @ http://localhost:18501/static/js/index.k-9rUdPI.js:19
[13215086ms] [ERROR] Is Streamlit still running? If you accidentally stopped Streamlit, just restart it in your terminal: @ http://localhost:18501/static/js/index.k-9rUdPI.js:24
[13215108ms] [ERROR] Failed to load resource: net::ERR_CONNECTION_REFUSED @ http://localhost:18501/_stcore/host-config:0
[13219412ms] [ERROR] Failed to load resource: net::ERR_CONNECTION_REFUSED @ http://localhost:18501/_stcore/health:0
[13219413ms] [ERROR] Client Error in reaching server endpoint - No response received when attempting to reach /_stcore/health @ http://localhost:18501/static/js/index.k-9rUdPI.js:19
[13219413ms] [ERROR] Is Streamlit still running? If you accidentally stopped Streamlit, just restart it in your terminal: @ http://localhost:18501/static/js/index.k-9rUdPI.js:24
[13219413ms] [ERROR] Failed to load resource: net::ERR_CONNECTION_REFUSED @ http://localhost:18501/_stcore/host-config:0
[13223728ms] [ERROR] Failed to load resource: net::ERR_CONNECTION_REFUSED @ http://localhost:18501/_stcore/health:0
[13223728ms] [ERROR] Client Error in reaching server endpoint - No response received when attempting to reach /_stcore/health @ http://localhost:18501/static/js/index.k-9rUdPI.js:19
[13223728ms] [ERROR] Is Streamlit still running? If you accidentally stopped Streamlit, just restart it in your terminal: @ http://localhost:18501/static/js/index.k-9rUdPI.js:24
[13223728ms] [ERROR] Failed to load resource: net::ERR_CONNECTION_REFUSED @ http://localhost:18501/_stcore/host-config:0
[13228061ms] [ERROR] Failed to load resource: net::ERR_CONNECTION_REFUSED @ http://localhost:18501/_stcore/health:0
[13228061ms] [ERROR] Client Error in reaching server endpoint - No response received when attempting to reach /_stcore/health @ http://localhost:18501/static/js/index.k-9rUdPI.js:19
[13228062ms] [ERROR] Is Streamlit still running? If you accidentally stopped Streamlit, just restart it in your terminal: @ http://localhost:18501/static/js/index.k-9rUdPI.js:24
[13228088ms] [ERROR] Failed to load resource: net::ERR_CONNECTION_REFUSED @ http://localhost:18501/_stcore/host-config:0
[13232382ms] [ERROR] Failed to load resource: net::ERR_CONNECTION_REFUSED @ http://localhost:18501/_stcore/health:0
[13232382ms] [ERROR] Client Error in reaching server endpoint - No response received when attempting to reach /_stcore/health @ http://localhost:18501/static/js/index.k-9rUdPI.js:19
[13232382ms] [ERROR] Is Streamlit still running? If you accidentally stopped Streamlit, just restart it in your terminal: @ http://localhost:18501/static/js/index.k-9rUdPI.js:24
[13232383ms] [ERROR] Failed to load resource: net::ERR_CONNECTION_REFUSED @ http://localhost:18501/_stcore/host-config:0
[13236710ms] [ERROR] Failed to load resource: net::ERR_CONNECTION_REFUSED @ http://localhost:18501/_stcore/health:0
[13236710ms] [ERROR] Client Error in reaching server endpoint - No response received when attempting to reach /_stcore/health @ http://localhost:18501/static/js/index.k-9rUdPI.js:19
[13236710ms] [ERROR] Is Streamlit still running? If you accidentally stopped Streamlit, just restart it in your terminal: @ http://localhost:18501/static/js/index.k-9rUdPI.js:24
[13236712ms] [ERROR] Failed to load resource: net::ERR_CONNECTION_REFUSED @ http://localhost:18501/_stcore/host-config:0
[13241025ms] [ERROR] Failed to load resource: net::ERR_CONNECTION_REFUSED @ http://localhost:18501/_stcore/health:0
[13241026ms] [ERROR] Client Error in reaching server endpoint - No response received when attempting to reach /_stcore/health @ http://localhost:18501/static/js/index.k-9rUdPI.js:19
[13241026ms] [ERROR] Is Streamlit still running? If you accidentally stopped Streamlit, just restart it in your terminal: @ http://localhost:18501/static/js/index.k-9rUdPI.js:24
[13241047ms] [ERROR] Failed to load resource: net::ERR_CONNECTION_REFUSED @ http://localhost:18501/_stcore/host-config:0
[13245345ms] [ERROR] Failed to load resource: net::ERR_CONNECTION_REFUSED @ http://localhost:18501/_stcore/health:0
[13245346ms] [ERROR] Client Error in reaching server endpoint - No response received when attempting to reach /_stcore/health @ http://localhost:18501/static/js/index.k-9rUdPI.js:19
[13245346ms] [ERROR] Is Streamlit still running? If you accidentally stopped Streamlit, just restart it in your terminal: @ http://localhost:18501/static/js/index.k-9rUdPI.js:24
[13245346ms] [ERROR] Failed to load resource: net::ERR_CONNECTION_REFUSED @ http://localhost:18501/_stcore/host-config:0
[13249667ms] [ERROR] Failed to load resource: net::ERR_CONNECTION_REFUSED @ http://localhost:18501/_stcore/health:0
[13249668ms] [ERROR] Client Error in reaching server endpoint - No response received when attempting to reach /_stcore/health @ http://localhost:18501/static/js/index.k-9rUdPI.js:19
[13249668ms] [ERROR] Is Streamlit still running? If you accidentally stopped Streamlit, just restart it in your terminal: @ http://localhost:18501/static/js/index.k-9rUdPI.js:24
[13249694ms] [ERROR] Failed to load resource: net::ERR_CONNECTION_REFUSED @ http://localhost:18501/_stcore/host-config:0
[13253996ms] [ERROR] Failed to load resource: net::ERR_CONNECTION_REFUSED @ http://localhost:18501/_stcore/health:0
[13253996ms] [ERROR] Client Error in reaching server endpoint - No response received when attempting to reach /_stcore/health @ http://localhost:18501/static/js/index.k-9rUdPI.js:19
[13253996ms] [ERROR] Is Streamlit still running? If you accidentally stopped Streamlit, just restart it in your terminal: @ http://localhost:18501/static/js/index.k-9rUdPI.js:24
[13253997ms] [ERROR] Failed to load resource: net::ERR_CONNECTION_REFUSED @ http://localhost:18501/_stcore/host-config:0
[13258321ms] [ERROR] Failed to load resource: net::ERR_CONNECTION_REFUSED @ http://localhost:18501/_stcore/health:0
[13258321ms] [ERROR] Client Error in reaching server endpoint - No response received when attempting to reach /_stcore/health @ http://localhost:18501/static/js/index.k-9rUdPI.js:19
[13258322ms] [ERROR] Is Streamlit still running? If you accidentally stopped Streamlit, just restart it in your terminal: @ http://localhost:18501/static/js/index.k-9rUdPI.js:24
[13258322ms] [ERROR] Failed to load resource: net::ERR_CONNECTION_REFUSED @ http://localhost:18501/_stcore/host-config:0
[13262644ms] [ERROR] Failed to load resource: net::ERR_CONNECTION_REFUSED @ http://localhost:18501/_stcore/health:0
[13262644ms] [ERROR] Client Error in reaching server endpoint - No response received when attempting to reach /_stcore/health @ http://localhost:18501/static/js/index.k-9rUdPI.js:19
[13262644ms] [ERROR] Is Streamlit still running? If you accidentally stopped Streamlit, just restart it in your terminal: @ http://localhost:18501/static/js/index.k-9rUdPI.js:24
[13262666ms] [ERROR] Failed to load resource: net::ERR_CONNECTION_REFUSED @ http://localhost:18501/_stcore/host-config:0
[13266989ms] [ERROR] Failed to load resource: net::ERR_CONNECTION_REFUSED @ http://localhost:18501/_stcore/health:0
[13266989ms] [ERROR] Client Error in reaching server endpoint - No response received when attempting to reach /_stcore/health @ http://localhost:18501/static/js/index.k-9rUdPI.js:19
[13266989ms] [ERROR] Is Streamlit still running? If you accidentally stopped Streamlit, just restart it in your terminal: @ http://localhost:18501/static/js/index.k-9rUdPI.js:24
[13267013ms] [ERROR] Failed to load resource: net::ERR_CONNECTION_REFUSED @ http://localhost:18501/_stcore/host-config:0
[13271307ms] [ERROR] Failed to load resource: net::ERR_CONNECTION_REFUSED @ http://localhost:18501/_stcore/health:0
[13271307ms] [ERROR] Client Error in reaching server endpoint - No response received when attempting to reach /_stcore/health @ http://localhost:18501/static/js/index.k-9rUdPI.js:19
[13271307ms] [ERROR] Is Streamlit still running? If you accidentally stopped Streamlit, just restart it in your terminal: @ http://localhost:18501/static/js/index.k-9rUdPI.js:24
[13271330ms] [ERROR] Failed to load resource: net::ERR_CONNECTION_REFUSED @ http://localhost:18501/_stcore/host-config:0
[13275652ms] [ERROR] Failed to load resource: net::ERR_CONNECTION_REFUSED @ http://localhost:18501/_stcore/health:0
[13275652ms] [ERROR] Client Error in reaching server endpoint - No response received when attempting to reach /_stcore/health @ http://localhost:18501/static/js/index.k-9rUdPI.js:19
[13275653ms] [ERROR] Is Streamlit still running? If you accidentally stopped Streamlit, just restart it in your terminal: @ http://localhost:18501/static/js/index.k-9rUdPI.js:24
[13275653ms] [ERROR] Failed to load resource: net::ERR_CONNECTION_REFUSED @ http://localhost:18501/_stcore/host-config:0
[13279977ms] [ERROR] Failed to load resource: net::ERR_CONNECTION_REFUSED @ http://localhost:18501/_stcore/health:0
[13279977ms] [ERROR] Client Error in reaching server endpoint - No response received when attempting to reach /_stcore/health @ http://localhost:18501/static/js/index.k-9rUdPI.js:19
[13279977ms] [ERROR] Is Streamlit still running? If you accidentally stopped Streamlit, just restart it in your terminal: @ http://localhost:18501/static/js/index.k-9rUdPI.js:24
[13279977ms] [ERROR] Failed to load resource: net::ERR_CONNECTION_REFUSED @ http://localhost:18501/_stcore/host-config:0
[13284309ms] [ERROR] Failed to load resource: net::ERR_CONNECTION_REFUSED @ http://localhost:18501/_stcore/health:0
[13284310ms] [ERROR] Client Error in reaching server endpoint - No response received when attempting to reach /_stcore/health @ http://localhost:18501/static/js/index.k-9rUdPI.js:19
[13284310ms] [ERROR] Is Streamlit still running? If you accidentally stopped Streamlit, just restart it in your terminal: @ http://localhost:18501/static/js/index.k-9rUdPI.js:24
[13284310ms] [ERROR] Failed to load resource: net::ERR_CONNECTION_REFUSED @ http://localhost:18501/_stcore/host-config:0
[13288649ms] [ERROR] Failed to load resource: net::ERR_CONNECTION_REFUSED @ http://localhost:18501/_stcore/health:0
[13288649ms] [ERROR] Client Error in reaching server endpoint - No response received when attempting to reach /_stcore/health @ http://localhost:18501/static/js/index.k-9rUdPI.js:19
[13288649ms] [ERROR] Is Streamlit still running? If you accidentally stopped Streamlit, just restart it in your terminal: @ http://localhost:18501/static/js/index.k-9rUdPI.js:24
[13288671ms] [ERROR] Failed to load resource: net::ERR_CONNECTION_REFUSED @ http://localhost:18501/_stcore/host-config:0
[13292970ms] [ERROR] Failed to load resource: net::ERR_CONNECTION_REFUSED @ http://localhost:18501/_stcore/health:0
[13292970ms] [ERROR] Client Error in reaching server endpoint - No response received when attempting to reach /_stcore/health @ http://localhost:18501/static/js/index.k-9rUdPI.js:19
[13292970ms] [ERROR] Is Streamlit still running? If you accidentally stopped Streamlit, just restart it in your terminal: @ http://localhost:18501/static/js/index.k-9rUdPI.js:24
[13292998ms] [ERROR] Failed to load resource: net::ERR_CONNECTION_REFUSED @ http://localhost:18501/_stcore/host-config:0
[13297289ms] [ERROR] Failed to load resource: net::ERR_CONNECTION_REFUSED @ http://localhost:18501/_stcore/health:0
[13297289ms] [ERROR] Client Error in reaching server endpoint - No response received when attempting to reach /_stcore/health @ http://localhost:18501/static/js/index.k-9rUdPI.js:19
[13297289ms] [ERROR] Is Streamlit still running? If you accidentally stopped Streamlit, just restart it in your terminal: @ http://localhost:18501/static/js/index.k-9rUdPI.js:24
[13297290ms] [ERROR] Failed to load resource: net::ERR_CONNECTION_REFUSED @ http://localhost:18501/_stcore/host-config:0
[13301606ms] [ERROR] Failed to load resource: net::ERR_CONNECTION_REFUSED @ http://localhost:18501/_stcore/health:0
[13301606ms] [ERROR] Client Error in reaching server endpoint - No response received when attempting to reach /_stcore/health @ http://localhost:18501/static/js/index.k-9rUdPI.js:19
[13301607ms] [ERROR] Is Streamlit still running? If you accidentally stopped Streamlit, just restart it in your terminal: @ http://localhost:18501/static/js/index.k-9rUdPI.js:24
[13301607ms] [ERROR] Failed to load resource: net::ERR_CONNECTION_REFUSED @ http://localhost:18501/_stcore/host-config:0
[13305937ms] [ERROR] Failed to load resource: net::ERR_CONNECTION_REFUSED @ http://localhost:18501/_stcore/health:0
[13305937ms] [ERROR] Client Error in reaching server endpoint - No response received when attempting to reach /_stcore/health @ http://localhost:18501/static/js/index.k-9rUdPI.js:19
[13305938ms] [ERROR] Is Streamlit still running? If you accidentally stopped Streamlit, just restart it in your terminal: @ http://localhost:18501/static/js/index.k-9rUdPI.js:24
[13305964ms] [ERROR] Failed to load resource: net::ERR_CONNECTION_REFUSED @ http://localhost:18501/_stcore/host-config:0
[13310258ms] [ERROR] Failed to load resource: net::ERR_CONNECTION_REFUSED @ http://localhost:18501/_stcore/health:0
[13310258ms] [ERROR] Client Error in reaching server endpoint - No response received when attempting to reach /_stcore/health @ http://localhost:18501/static/js/index.k-9rUdPI.js:19
[13310258ms] [ERROR] Is Streamlit still running? If you accidentally stopped Streamlit, just restart it in your terminal: @ http://localhost:18501/static/js/index.k-9rUdPI.js:24
[13310258ms] [ERROR] Failed to load resource: net::ERR_CONNECTION_REFUSED @ http://localhost:18501/_stcore/host-config:0
[13314591ms] [ERROR] Failed to load resource: net::ERR_CONNECTION_REFUSED @ http://localhost:18501/_stcore/health:0
[13314592ms] [ERROR] Client Error in reaching server endpoint - No response received when attempting to reach /_stcore/health @ http://localhost:18501/static/js/index.k-9rUdPI.js:19
[13314592ms] [ERROR] Is Streamlit still running? If you accidentally stopped Streamlit, just restart it in your terminal: @ http://localhost:18501/static/js/index.k-9rUdPI.js:24
[13314593ms] [ERROR] Failed to load resource: net::ERR_CONNECTION_REFUSED @ http://localhost:18501/_stcore/host-config:0
[13318916ms] [ERROR] Failed to load resource: net::ERR_CONNECTION_REFUSED @ http://localhost:18501/_stcore/health:0
[13318916ms] [ERROR] Client Error in reaching server endpoint - No response received when attempting to reach /_stcore/health @ http://localhost:18501/static/js/index.k-9rUdPI.js:19
[13318917ms] [ERROR] Is Streamlit still running? If you accidentally stopped Streamlit, just restart it in your terminal: @ http://localhost:18501/static/js/index.k-9rUdPI.js:24
[13318917ms] [ERROR] Failed to load resource: net::ERR_CONNECTION_REFUSED @ http://localhost:18501/_stcore/host-config:0
[13323234ms] [ERROR] Failed to load resource: net::ERR_CONNECTION_REFUSED @ http://localhost:18501/_stcore/health:0
[13323235ms] [ERROR] Client Error in reaching server endpoint - No response received when attempting to reach /_stcore/health @ http://localhost:18501/static/js/index.k-9rUdPI.js:19
[13323235ms] [ERROR] Is Streamlit still running? If you accidentally stopped Streamlit, just restart it in your terminal: @ http://localhost:18501/static/js/index.k-9rUdPI.js:24
[13323235ms] [ERROR] Failed to load resource: net::ERR_CONNECTION_REFUSED @ http://localhost:18501/_stcore/host-config:0
[13327575ms] [ERROR] Failed to load resource: net::ERR_CONNECTION_REFUSED @ http://localhost:18501/_stcore/health:0
[13327575ms] [ERROR] Client Error in reaching server endpoint - No response received when attempting to reach /_stcore/health @ http://localhost:18501/static/js/index.k-9rUdPI.js:19
[13327575ms] [ERROR] Is Streamlit still running? If you accidentally stopped Streamlit, just restart it in your terminal: @ http://localhost:18501/static/js/index.k-9rUdPI.js:24
[13327576ms] [ERROR] Failed to load resource: net::ERR_CONNECTION_REFUSED @ http://localhost:18501/_stcore/host-config:0
[13331896ms] [ERROR] Failed to load resource: net::ERR_CONNECTION_REFUSED @ http://localhost:18501/_stcore/health:0
[13331896ms] [ERROR] Client Error in reaching server endpoint - No response received when attempting to reach /_stcore/health @ http://localhost:18501/static/js/index.k-9rUdPI.js:19
[13331897ms] [ERROR] Is Streamlit still running? If you accidentally stopped Streamlit, just restart it in your terminal: @ http://localhost:18501/static/js/index.k-9rUdPI.js:24
[13331897ms] [ERROR] Failed to load resource: net::ERR_CONNECTION_REFUSED @ http://localhost:18501/_stcore/host-config:0
[13336211ms] [ERROR] Failed to load resource: net::ERR_CONNECTION_REFUSED @ http://localhost:18501/_stcore/health:0
[13336211ms] [ERROR] Client Error in reaching server endpoint - No response received when attempting to reach /_stcore/health @ http://localhost:18501/static/js/index.k-9rUdPI.js:19
[13336211ms] [ERROR] Is Streamlit still running? If you accidentally stopped Streamlit, just restart it in your terminal: @ http://localhost:18501/static/js/index.k-9rUdPI.js:24
[13336211ms] [ERROR] Failed to load resource: net::ERR_CONNECTION_REFUSED @ http://localhost:18501/_stcore/host-config:0
[13340541ms] [ERROR] Failed to load resource: net::ERR_CONNECTION_REFUSED @ http://localhost:18501/_stcore/health:0
[13340541ms] [ERROR] Client Error in reaching server endpoint - No response received when attempting to reach /_stcore/health @ http://localhost:18501/static/js/index.k-9rUdPI.js:19
[13340542ms] [ERROR] Is Streamlit still running? If you accidentally stopped Streamlit, just restart it in your terminal: @ http://localhost:18501/static/js/index.k-9rUdPI.js:24
[13340542ms] [ERROR] Failed to load resource: net::ERR_CONNECTION_REFUSED @ http://localhost:18501/_stcore/host-config:0
[13344861ms] [ERROR] Failed to load resource: net::ERR_CONNECTION_REFUSED @ http://localhost:18501/_stcore/health:0
[13344861ms] [ERROR] Client Error in reaching server endpoint - No response received when attempting to reach /_stcore/health @ http://localhost:18501/static/js/index.k-9rUdPI.js:19
[13344862ms] [ERROR] Is Streamlit still running? If you accidentally stopped Streamlit, just restart it in your terminal: @ http://localhost:18501/static/js/index.k-9rUdPI.js:24
[13344862ms] [ERROR] Failed to load resource: net::ERR_CONNECTION_REFUSED @ http://localhost:18501/_stcore/host-config:0
[13349195ms] [ERROR] Failed to load resource: net::ERR_CONNECTION_REFUSED @ http://localhost:18501/_stcore/health:0
[13349195ms] [ERROR] Client Error in reaching server endpoint - No response received when attempting to reach /_stcore/health @ http://localhost:18501/static/js/index.k-9rUdPI.js:19
[13349195ms] [ERROR] Is Streamlit still running? If you accidentally stopped Streamlit, just restart it in your terminal: @ http://localhost:18501/static/js/index.k-9rUdPI.js:24
[13349195ms] [ERROR] Failed to load resource: net::ERR_CONNECTION_REFUSED @ http://localhost:18501/_stcore/host-config:0
[13353517ms] [ERROR] Failed to load resource: net::ERR_CONNECTION_REFUSED @ http://localhost:18501/_stcore/health:0
[13353517ms] [ERROR] Client Error in reaching server endpoint - No response received when attempting to reach /_stcore/health @ http://localhost:18501/static/js/index.k-9rUdPI.js:19
[13353518ms] [ERROR] Is Streamlit still running? If you accidentally stopped Streamlit, just restart it in your terminal: @ http://localhost:18501/static/js/index.k-9rUdPI.js:24
[13353518ms] [ERROR] Failed to load resource: net::ERR_CONNECTION_REFUSED @ http://localhost:18501/_stcore/host-config:0
[13357843ms] [ERROR] Failed to load resource: net::ERR_CONNECTION_REFUSED @ http://localhost:18501/_stcore/health:0
[13357843ms] [ERROR] Client Error in reaching server endpoint - No response received when attempting to reach /_stcore/health @ http://localhost:18501/static/js/index.k-9rUdPI.js:19
[13357843ms] [ERROR] Is Streamlit still running? If you accidentally stopped Streamlit, just restart it in your terminal: @ http://localhost:18501/static/js/index.k-9rUdPI.js:24
[13357844ms] [ERROR] Failed to load resource: net::ERR_CONNECTION_REFUSED @ http://localhost:18501/_stcore/host-config:0
[13362175ms] [ERROR] Failed to load resource: net::ERR_CONNECTION_REFUSED @ http://localhost:18501/_stcore/health:0
[13362175ms] [ERROR] Client Error in reaching server endpoint - No response received when attempting to reach /_stcore/health @ http://localhost:18501/static/js/index.k-9rUdPI.js:19
[13362175ms] [ERROR] Is Streamlit still running? If you accidentally stopped Streamlit, just restart it in your terminal: @ http://localhost:18501/static/js/index.k-9rUdPI.js:24
[13362197ms] [ERROR] Failed to load resource: net::ERR_CONNECTION_REFUSED @ http://localhost:18501/_stcore/host-config:0
[13366512ms] [ERROR] Failed to load resource: net::ERR_CONNECTION_REFUSED @ http://localhost:18501/_stcore/health:0
[13366512ms] [ERROR] Client Error in reaching server endpoint - No response received when attempting to reach /_stcore/health @ http://localhost:18501/static/js/index.k-9rUdPI.js:19
[13366512ms] [ERROR] Is Streamlit still running? If you accidentally stopped Streamlit, just restart it in your terminal: @ http://localhost:18501/static/js/index.k-9rUdPI.js:24
[13366534ms] [ERROR] Failed to load resource: net::ERR_CONNECTION_REFUSED @ http://localhost:18501/_stcore/host-config:0
[13370829ms] [ERROR] Failed to load resource: net::ERR_CONNECTION_REFUSED @ http://localhost:18501/_stcore/health:0
[13370829ms] [ERROR] Client Error in reaching server endpoint - No response received when attempting to reach /_stcore/health @ http://localhost:18501/static/js/index.k-9rUdPI.js:19
[13370829ms] [ERROR] Is Streamlit still running? If you accidentally stopped Streamlit, just restart it in your terminal: @ http://localhost:18501/static/js/index.k-9rUdPI.js:24
[13370829ms] [ERROR] Failed to load resource: net::ERR_CONNECTION_REFUSED @ http://localhost:18501/_stcore/host-config:0
[13375147ms] [ERROR] Failed to load resource: net::ERR_CONNECTION_REFUSED @ http://localhost:18501/_stcore/health:0
[13375147ms] [ERROR] Client Error in reaching server endpoint - No response received when attempting to reach /_stcore/health @ http://localhost:18501/static/js/index.k-9rUdPI.js:19
[13375148ms] [ERROR] Is Streamlit still running? If you accidentally stopped Streamlit, just restart it in your terminal: @ http://localhost:18501/static/js/index.k-9rUdPI.js:24
[13375170ms] [ERROR] Failed to load resource: net::ERR_CONNECTION_REFUSED @ http://localhost:18501/_stcore/host-config:0
[13379472ms] [ERROR] Failed to load resource: net::ERR_CONNECTION_REFUSED @ http://localhost:18501/_stcore/health:0
[13379472ms] [ERROR] Client Error in reaching server endpoint - No response received when attempting to reach /_stcore/health @ http://localhost:18501/static/js/index.k-9rUdPI.js:19
[13379472ms] [ERROR] Is Streamlit still running? If you accidentally stopped Streamlit, just restart it in your terminal: @ http://localhost:18501/static/js/index.k-9rUdPI.js:24
[13379472ms] [ERROR] Failed to load resource: net::ERR_CONNECTION_REFUSED @ http://localhost:18501/_stcore/host-config:0
[13383791ms] [ERROR] Failed to load resource: net::ERR_CONNECTION_REFUSED @ http://localhost:18501/_stcore/health:0
[13383791ms] [ERROR] Client Error in reaching server endpoint - No response received when attempting to reach /_stcore/health @ http://localhost:18501/static/js/index.k-9rUdPI.js:19
[13383791ms] [ERROR] Is Streamlit still running? If you accidentally stopped Streamlit, just restart it in your terminal: @ http://localhost:18501/static/js/index.k-9rUdPI.js:24
[13383791ms] [ERROR] Failed to load resource: net::ERR_CONNECTION_REFUSED @ http://localhost:18501/_stcore/host-config:0
[13388134ms] [ERROR] Failed to load resource: net::ERR_CONNECTION_REFUSED @ http://localhost:18501/_stcore/health:0
[13388134ms] [ERROR] Client Error in reaching server endpoint - No response received when attempting to reach /_stcore/health @ http://localhost:18501/static/js/index.k-9rUdPI.js:19
[13388134ms] [ERROR] Is Streamlit still running? If you accidentally stopped Streamlit, just restart it in your terminal: @ http://localhost:18501/static/js/index.k-9rUdPI.js:24
[13388135ms] [ERROR] Failed to load resource: net::ERR_CONNECTION_REFUSED @ http://localhost:18501/_stcore/host-config:0
[13392458ms] [ERROR] Failed to load resource: net::ERR_CONNECTION_REFUSED @ http://localhost:18501/_stcore/health:0
[13392459ms] [ERROR] Client Error in reaching server endpoint - No response received when attempting to reach /_stcore/health @ http://localhost:18501/static/js/index.k-9rUdPI.js:19
[13392459ms] [ERROR] Is Streamlit still running? If you accidentally stopped Streamlit, just restart it in your terminal: @ http://localhost:18501/static/js/index.k-9rUdPI.js:24
[13392459ms] [ERROR] Failed to load resource: net::ERR_CONNECTION_REFUSED @ http://localhost:18501/_stcore/host-config:0
[13396787ms] [ERROR] Failed to load resource: net::ERR_CONNECTION_REFUSED @ http://localhost:18501/_stcore/health:0
[13396787ms] [ERROR] Client Error in reaching server endpoint - No response received when attempting to reach /_stcore/health @ http://localhost:18501/static/js/index.k-9rUdPI.js:19
[13396787ms] [ERROR] Is Streamlit still running? If you accidentally stopped Streamlit, just restart it in your terminal: @ http://localhost:18501/static/js/index.k-9rUdPI.js:24
[13396788ms] [ERROR] Failed to load resource: net::ERR_CONNECTION_REFUSED @ http://localhost:18501/_stcore/host-config:0
[13401104ms] [ERROR] Failed to load resource: net::ERR_CONNECTION_REFUSED @ http://localhost:18501/_stcore/health:0
[13401104ms] [ERROR] Client Error in reaching server endpoint - No response received when attempting to reach /_stcore/health @ http://localhost:18501/static/js/index.k-9rUdPI.js:19
[13401104ms] [ERROR] Is Streamlit still running? If you accidentally stopped Streamlit, just restart it in your terminal: @ http://localhost:18501/static/js/index.k-9rUdPI.js:24
[13401104ms] [ERROR] Failed to load resource: net::ERR_CONNECTION_REFUSED @ http://localhost:18501/_stcore/host-config:0
[13405437ms] [ERROR] Failed to load resource: net::ERR_CONNECTION_REFUSED @ http://localhost:18501/_stcore/health:0
[13405437ms] [ERROR] Client Error in reaching server endpoint - No response received when attempting to reach /_stcore/health @ http://localhost:18501/static/js/index.k-9rUdPI.js:19
[13405437ms] [ERROR] Is Streamlit still running? If you accidentally stopped Streamlit, just restart it in your terminal: @ http://localhost:18501/static/js/index.k-9rUdPI.js:24
[13405438ms] [ERROR] Failed to load resource: net::ERR_CONNECTION_REFUSED @ http://localhost:18501/_stcore/host-config:0
[13409762ms] [ERROR] Failed to load resource: net::ERR_CONNECTION_REFUSED @ http://localhost:18501/_stcore/health:0
[13409762ms] [ERROR] Client Error in reaching server endpoint - No response received when attempting to reach /_stcore/health @ http://localhost:18501/static/js/index.k-9rUdPI.js:19
[13409763ms] [ERROR] Is Streamlit still running? If you accidentally stopped Streamlit, just restart it in your terminal: @ http://localhost:18501/static/js/index.k-9rUdPI.js:24
[13409785ms] [ERROR] Failed to load resource: net::ERR_CONNECTION_REFUSED @ http://localhost:18501/_stcore/host-config:0
[13414087ms] [ERROR] Failed to load resource: net::ERR_CONNECTION_REFUSED @ http://localhost:18501/_stcore/health:0
[13414087ms] [ERROR] Client Error in reaching server endpoint - No response received when attempting to reach /_stcore/health @ http://localhost:18501/static/js/index.k-9rUdPI.js:19
[13414087ms] [ERROR] Is Streamlit still running? If you accidentally stopped Streamlit, just restart it in your terminal: @ http://localhost:18501/static/js/index.k-9rUdPI.js:24
[13414087ms] [ERROR] Failed to load resource: net::ERR_CONNECTION_REFUSED @ http://localhost:18501/_stcore/host-config:0
[13418418ms] [ERROR] Failed to load resource: net::ERR_CONNECTION_REFUSED @ http://localhost:18501/_stcore/health:0
[13418419ms] [ERROR] Client Error in reaching server endpoint - No response received when attempting to reach /_stcore/health @ http://localhost:18501/static/js/index.k-9rUdPI.js:19
[13418419ms] [ERROR] Is Streamlit still running? If you accidentally stopped Streamlit, just restart it in your terminal: @ http://localhost:18501/static/js/index.k-9rUdPI.js:24
[13418443ms] [ERROR] Failed to load resource: net::ERR_CONNECTION_REFUSED @ http://localhost:18501/_stcore/host-config:0
[13422747ms] [ERROR] Failed to load resource: net::ERR_CONNECTION_REFUSED @ http://localhost:18501/_stcore/health:0
[13422747ms] [ERROR] Client Error in reaching server endpoint - No response received when attempting to reach /_stcore/health @ http://localhost:18501/static/js/index.k-9rUdPI.js:19
[13422748ms] [ERROR] Is Streamlit still running? If you accidentally stopped Streamlit, just restart it in your terminal: @ http://localhost:18501/static/js/index.k-9rUdPI.js:24
[13422748ms] [ERROR] Failed to load resource: net::ERR_CONNECTION_REFUSED @ http://localhost:18501/_stcore/host-config:0
[13427067ms] [ERROR] Failed to load resource: net::ERR_CONNECTION_REFUSED @ http://localhost:18501/_stcore/health:0
[13427068ms] [ERROR] Client Error in reaching server endpoint - No response received when attempting to reach /_stcore/health @ http://localhost:18501/static/js/index.k-9rUdPI.js:19
[13427068ms] [ERROR] Is Streamlit still running? If you accidentally stopped Streamlit, just restart it in your terminal: @ http://localhost:18501/static/js/index.k-9rUdPI.js:24
[13427068ms] [ERROR] Failed to load resource: net::ERR_CONNECTION_REFUSED @ http://localhost:18501/_stcore/host-config:0
[13431390ms] [ERROR] Failed to load resource: net::ERR_CONNECTION_REFUSED @ http://localhost:18501/_stcore/health:0
[13431390ms] [ERROR] Client Error in reaching server endpoint - No response received when attempting to reach /_stcore/health @ http://localhost:18501/static/js/index.k-9rUdPI.js:19
[13431390ms] [ERROR] Is Streamlit still running? If you accidentally stopped Streamlit, just restart it in your terminal: @ http://localhost:18501/static/js/index.k-9rUdPI.js:24
[13431390ms] [ERROR] Failed to load resource: net::ERR_CONNECTION_REFUSED @ http://localhost:18501/_stcore/host-config:0
[13435710ms] [ERROR] Failed to load resource: net::ERR_CONNECTION_REFUSED @ http://localhost:18501/_stcore/health:0
[13435710ms] [ERROR] Client Error in reaching server endpoint - No response received when attempting to reach /_stcore/health @ http://localhost:18501/static/js/index.k-9rUdPI.js:19
[13435711ms] [ERROR] Is Streamlit still running? If you accidentally stopped Streamlit, just restart it in your terminal: @ http://localhost:18501/static/js/index.k-9rUdPI.js:24
[13435735ms] [ERROR] Failed to load resource: net::ERR_CONNECTION_REFUSED @ http://localhost:18501/_stcore/host-config:0
[13440035ms] [ERROR] Failed to load resource: net::ERR_CONNECTION_REFUSED @ http://localhost:18501/_stcore/health:0
[13440035ms] [ERROR] Client Error in reaching server endpoint - No response received when attempting to reach /_stcore/health @ http://localhost:18501/static/js/index.k-9rUdPI.js:19
[13440035ms] [ERROR] Is Streamlit still running? If you accidentally stopped Streamlit, just restart it in your terminal: @ http://localhost:18501/static/js/index.k-9rUdPI.js:24
[13440035ms] [ERROR] Failed to load resource: net::ERR_CONNECTION_REFUSED @ http://localhost:18501/_stcore/host-config:0
[13444365ms] [ERROR] Failed to load resource: net::ERR_CONNECTION_REFUSED @ http://localhost:18501/_stcore/health:0
[13444365ms] [ERROR] Client Error in reaching server endpoint - No response received when attempting to reach /_stcore/health @ http://localhost:18501/static/js/index.k-9rUdPI.js:19
[13444366ms] [ERROR] Is Streamlit still running? If you accidentally stopped Streamlit, just restart it in your terminal: @ http://localhost:18501/static/js/index.k-9rUdPI.js:24
[13444366ms] [ERROR] Failed to load resource: net::ERR_CONNECTION_REFUSED @ http://localhost:18501/_stcore/host-config:0
[13448693ms] [ERROR] Failed to load resource: net::ERR_CONNECTION_REFUSED @ http://localhost:18501/_stcore/health:0
[13448693ms] [ERROR] Client Error in reaching server endpoint - No response received when attempting to reach /_stcore/health @ http://localhost:18501/static/js/index.k-9rUdPI.js:19
[13448693ms] [ERROR] Is Streamlit still running? If you accidentally stopped Streamlit, just restart it in your terminal: @ http://localhost:18501/static/js/index.k-9rUdPI.js:24
[13448693ms] [ERROR] Failed to load resource: net::ERR_CONNECTION_REFUSED @ http://localhost:18501/_stcore/host-config:0
[13453023ms] [ERROR] Failed to load resource: net::ERR_CONNECTION_REFUSED @ http://localhost:18501/_stcore/health:0
[13453023ms] [ERROR] Client Error in reaching server endpoint - No response received when attempting to reach /_stcore/health @ http://localhost:18501/static/js/index.k-9rUdPI.js:19
[13453024ms] [ERROR] Is Streamlit still running? If you accidentally stopped Streamlit, just restart it in your terminal: @ http://localhost:18501/static/js/index.k-9rUdPI.js:24
[13453024ms] [ERROR] Failed to load resource: net::ERR_CONNECTION_REFUSED @ http://localhost:18501/_stcore/host-config:0
[13457350ms] [ERROR] Failed to load resource: net::ERR_CONNECTION_REFUSED @ http://localhost:18501/_stcore/health:0
[13457350ms] [ERROR] Client Error in reaching server endpoint - No response received when attempting to reach /_stcore/health @ http://localhost:18501/static/js/index.k-9rUdPI.js:19
[13457350ms] [ERROR] Is Streamlit still running? If you accidentally stopped Streamlit, just restart it in your terminal: @ http://localhost:18501/static/js/index.k-9rUdPI.js:24
[13457350ms] [ERROR] Failed to load resource: net::ERR_CONNECTION_REFUSED @ http://localhost:18501/_stcore/host-config:0
[13461684ms] [ERROR] Failed to load resource: net::ERR_CONNECTION_REFUSED @ http://localhost:18501/_stcore/health:0
[13461684ms] [ERROR] Client Error in reaching server endpoint - No response received when attempting to reach /_stcore/health @ http://localhost:18501/static/js/index.k-9rUdPI.js:19
[13461685ms] [ERROR] Is Streamlit still running? If you accidentally stopped Streamlit, just restart it in your terminal: @ http://localhost:18501/static/js/index.k-9rUdPI.js:24
[13461685ms] [ERROR] Failed to load resource: net::ERR_CONNECTION_REFUSED @ http://localhost:18501/_stcore/host-config:0
[13466010ms] [ERROR] Failed to load resource: net::ERR_CONNECTION_REFUSED @ http://localhost:18501/_stcore/health:0
[13466010ms] [ERROR] Client Error in reaching server endpoint - No response received when attempting to reach /_stcore/health @ http://localhost:18501/static/js/index.k-9rUdPI.js:19
[13466010ms] [ERROR] Is Streamlit still running? If you accidentally stopped Streamlit, just restart it in your terminal: @ http://localhost:18501/static/js/index.k-9rUdPI.js:24
[13466010ms] [ERROR] Failed to load resource: net::ERR_CONNECTION_REFUSED @ http://localhost:18501/_stcore/host-config:0
[13470345ms] [ERROR] Failed to load resource: net::ERR_CONNECTION_REFUSED @ http://localhost:18501/_stcore/health:0
[13470345ms] [ERROR] Client Error in reaching server endpoint - No response received when attempting to reach /_stcore/health @ http://localhost:18501/static/js/index.k-9rUdPI.js:19
[13470345ms] [ERROR] Is Streamlit still running? If you accidentally stopped Streamlit, just restart it in your terminal: @ http://localhost:18501/static/js/index.k-9rUdPI.js:24
[13470345ms] [ERROR] Failed to load resource: net::ERR_CONNECTION_REFUSED @ http://localhost:18501/_stcore/host-config:0
[13474668ms] [ERROR] Failed to load resource: net::ERR_CONNECTION_REFUSED @ http://localhost:18501/_stcore/health:0
[13474668ms] [ERROR] Client Error in reaching server endpoint - No response received when attempting to reach /_stcore/health @ http://localhost:18501/static/js/index.k-9rUdPI.js:19
[13474669ms] [ERROR] Is Streamlit still running? If you accidentally stopped Streamlit, just restart it in your terminal: @ http://localhost:18501/static/js/index.k-9rUdPI.js:24
[13474669ms] [ERROR] Failed to load resource: net::ERR_CONNECTION_REFUSED @ http://localhost:18501/_stcore/host-config:0
[13479007ms] [ERROR] Failed to load resource: net::ERR_CONNECTION_REFUSED @ http://localhost:18501/_stcore/health:0
[13479007ms] [ERROR] Client Error in reaching server endpoint - No response received when attempting to reach /_stcore/health @ http://localhost:18501/static/js/index.k-9rUdPI.js:19
[13479007ms] [ERROR] Is Streamlit still running? If you accidentally stopped Streamlit, just restart it in your terminal: @ http://localhost:18501/static/js/index.k-9rUdPI.js:24
[13479008ms] [ERROR] Failed to load resource: net::ERR_CONNECTION_REFUSED @ http://localhost:18501/_stcore/host-config:0
[13483337ms] [ERROR] Failed to load resource: net::ERR_CONNECTION_REFUSED @ http://localhost:18501/_stcore/health:0
[13483337ms] [ERROR] Client Error in reaching server endpoint - No response received when attempting to reach /_stcore/health @ http://localhost:18501/static/js/index.k-9rUdPI.js:19
[13483337ms] [ERROR] Is Streamlit still running? If you accidentally stopped Streamlit, just restart it in your terminal: @ http://localhost:18501/static/js/index.k-9rUdPI.js:24
[13483359ms] [ERROR] Failed to load resource: net::ERR_CONNECTION_REFUSED @ http://localhost:18501/_stcore/host-config:0
[13487654ms] [ERROR] Failed to load resource: net::ERR_CONNECTION_REFUSED @ http://localhost:18501/_stcore/health:0
[13487654ms] [ERROR] Client Error in reaching server endpoint - No response received when attempting to reach /_stcore/health @ http://localhost:18501/static/js/index.k-9rUdPI.js:19
[13487654ms] [ERROR] Is Streamlit still running? If you accidentally stopped Streamlit, just restart it in your terminal: @ http://localhost:18501/static/js/index.k-9rUdPI.js:24
[13487682ms] [ERROR] Failed to load resource: net::ERR_CONNECTION_REFUSED @ http://localhost:18501/_stcore/host-config:0
[13491985ms] [ERROR] Failed to load resource: net::ERR_CONNECTION_REFUSED @ http://localhost:18501/_stcore/health:0
[13491985ms] [ERROR] Client Error in reaching server endpoint - No response received when attempting to reach /_stcore/health @ http://localhost:18501/static/js/index.k-9rUdPI.js:19
[13491985ms] [ERROR] Is Streamlit still running? If you accidentally stopped Streamlit, just restart it in your terminal: @ http://localhost:18501/static/js/index.k-9rUdPI.js:24
[13491985ms] [ERROR] Failed to load resource: net::ERR_CONNECTION_REFUSED @ http://localhost:18501/_stcore/host-config:0
[13496317ms] [ERROR] Failed to load resource: net::ERR_CONNECTION_REFUSED @ http://localhost:18501/_stcore/health:0
[13496318ms] [ERROR] Client Error in reaching server endpoint - No response received when attempting to reach /_stcore/health @ http://localhost:18501/static/js/index.k-9rUdPI.js:19
[13496318ms] [ERROR] Is Streamlit still running? If you accidentally stopped Streamlit, just restart it in your terminal: @ http://localhost:18501/static/js/index.k-9rUdPI.js:24
[13496318ms] [ERROR] Failed to load resource: net::ERR_CONNECTION_REFUSED @ http://localhost:18501/_stcore/host-config:0
[13500638ms] [ERROR] Failed to load resource: net::ERR_CONNECTION_REFUSED @ http://localhost:18501/_stcore/health:0
[13500638ms] [ERROR] Client Error in reaching server endpoint - No response received when attempting to reach /_stcore/health @ http://localhost:18501/static/js/index.k-9rUdPI.js:19
[13500639ms] [ERROR] Is Streamlit still running? If you accidentally stopped Streamlit, just restart it in your terminal: @ http://localhost:18501/static/js/index.k-9rUdPI.js:24
[13500665ms] [ERROR] Failed to load resource: net::ERR_CONNECTION_REFUSED @ http://localhost:18501/_stcore/host-config:0
[13504983ms] [ERROR] Failed to load resource: net::ERR_CONNECTION_REFUSED @ http://localhost:18501/_stcore/health:0
[13504983ms] [ERROR] Client Error in reaching server endpoint - No response received when attempting to reach /_stcore/health @ http://localhost:18501/static/js/index.k-9rUdPI.js:19
[13504983ms] [ERROR] Is Streamlit still running? If you accidentally stopped Streamlit, just restart it in your terminal: @ http://localhost:18501/static/js/index.k-9rUdPI.js:24
[13505005ms] [ERROR] Failed to load resource: net::ERR_CONNECTION_REFUSED @ http://localhost:18501/_stcore/host-config:0
[13509303ms] [ERROR] Failed to load resource: net::ERR_CONNECTION_REFUSED @ http://localhost:18501/_stcore/health:0
[13509303ms] [ERROR] Client Error in reaching server endpoint - No response received when attempting to reach /_stcore/health @ http://localhost:18501/static/js/index.k-9rUdPI.js:19
[13509303ms] [ERROR] Is Streamlit still running? If you accidentally stopped Streamlit, just restart it in your terminal: @ http://localhost:18501/static/js/index.k-9rUdPI.js:24
[13509303ms] [ERROR] Failed to load resource: net::ERR_CONNECTION_REFUSED @ http://localhost:18501/_stcore/host-config:0
[13513622ms] [ERROR] Failed to load resource: net::ERR_CONNECTION_REFUSED @ http://localhost:18501/_stcore/health:0
[13513622ms] [ERROR] Client Error in reaching server endpoint - No response received when attempting to reach /_stcore/health @ http://localhost:18501/static/js/index.k-9rUdPI.js:19
[13513622ms] [ERROR] Is Streamlit still running? If you accidentally stopped Streamlit, just restart it in your terminal: @ http://localhost:18501/static/js/index.k-9rUdPI.js:24
[13513622ms] [ERROR] Failed to load resource: net::ERR_CONNECTION_REFUSED @ http://localhost:18501/_stcore/host-config:0
[13517942ms] [ERROR] Failed to load resource: net::ERR_CONNECTION_REFUSED @ http://localhost:18501/_stcore/health:0
[13517942ms] [ERROR] Client Error in reaching server endpoint - No response received when attempting to reach /_stcore/health @ http://localhost:18501/static/js/index.k-9rUdPI.js:19
[13517943ms] [ERROR] Is Streamlit still running? If you accidentally stopped Streamlit, just restart it in your terminal: @ http://localhost:18501/static/js/index.k-9rUdPI.js:24
[13517943ms] [ERROR] Failed to load resource: net::ERR_CONNECTION_REFUSED @ http://localhost:18501/_stcore/host-config:0
[13522263ms] [ERROR] Failed to load resource: net::ERR_CONNECTION_REFUSED @ http://localhost:18501/_stcore/health:0
[13522263ms] [ERROR] Client Error in reaching server endpoint - No response received when attempting to reach /_stcore/health @ http://localhost:18501/static/js/index.k-9rUdPI.js:19
[13522263ms] [ERROR] Is Streamlit still running? If you accidentally stopped Streamlit, just restart it in your terminal: @ http://localhost:18501/static/js/index.k-9rUdPI.js:24
[13522284ms] [ERROR] Failed to load resource: net::ERR_CONNECTION_REFUSED @ http://localhost:18501/_stcore/host-config:0
[13526584ms] [ERROR] Failed to load resource: net::ERR_CONNECTION_REFUSED @ http://localhost:18501/_stcore/health:0
[13526584ms] [ERROR] Client Error in reaching server endpoint - No response received when attempting to reach /_stcore/health @ http://localhost:18501/static/js/index.k-9rUdPI.js:19
[13526585ms] [ERROR] Is Streamlit still running? If you accidentally stopped Streamlit, just restart it in your terminal: @ http://localhost:18501/static/js/index.k-9rUdPI.js:24
[13526585ms] [ERROR] Failed to load resource: net::ERR_CONNECTION_REFUSED @ http://localhost:18501/_stcore/host-config:0
[13530905ms] [ERROR] Failed to load resource: net::ERR_CONNECTION_REFUSED @ http://localhost:18501/_stcore/health:0
[13530905ms] [ERROR] Client Error in reaching server endpoint - No response received when attempting to reach /_stcore/health @ http://localhost:18501/static/js/index.k-9rUdPI.js:19
[13530906ms] [ERROR] Is Streamlit still running? If you accidentally stopped Streamlit, just restart it in your terminal: @ http://localhost:18501/static/js/index.k-9rUdPI.js:24
[13530906ms] [ERROR] Failed to load resource: net::ERR_CONNECTION_REFUSED @ http://localhost:18501/_stcore/host-config:0
[13535225ms] [ERROR] Failed to load resource: net::ERR_CONNECTION_REFUSED @ http://localhost:18501/_stcore/health:0
[13535225ms] [ERROR] Client Error in reaching server endpoint - No response received when attempting to reach /_stcore/health @ http://localhost:18501/static/js/index.k-9rUdPI.js:19
[13535226ms] [ERROR] Is Streamlit still running? If you accidentally stopped Streamlit, just restart it in your terminal: @ http://localhost:18501/static/js/index.k-9rUdPI.js:24
[13535251ms] [ERROR] Failed to load resource: net::ERR_CONNECTION_REFUSED @ http://localhost:18501/_stcore/host-config:0
[13539557ms] [ERROR] Failed to load resource: net::ERR_CONNECTION_REFUSED @ http://localhost:18501/_stcore/health:0
[13539557ms] [ERROR] Client Error in reaching server endpoint - No response received when attempting to reach /_stcore/health @ http://localhost:18501/static/js/index.k-9rUdPI.js:19
[13539557ms] [ERROR] Is Streamlit still running? If you accidentally stopped Streamlit, just restart it in your terminal: @ http://localhost:18501/static/js/index.k-9rUdPI.js:24
[13539557ms] [ERROR] Failed to load resource: net::ERR_CONNECTION_REFUSED @ http://localhost:18501/_stcore/host-config:0
[13543876ms] [ERROR] Failed to load resource: net::ERR_CONNECTION_REFUSED @ http://localhost:18501/_stcore/health:0
[13543876ms] [ERROR] Client Error in reaching server endpoint - No response received when attempting to reach /_stcore/health @ http://localhost:18501/static/js/index.k-9rUdPI.js:19
[13543877ms] [ERROR] Is Streamlit still running? If you accidentally stopped Streamlit, just restart it in your terminal: @ http://localhost:18501/static/js/index.k-9rUdPI.js:24
[13543877ms] [ERROR] Failed to load resource: net::ERR_CONNECTION_REFUSED @ http://localhost:18501/_stcore/host-config:0
[13548210ms] [ERROR] Failed to load resource: net::ERR_CONNECTION_REFUSED @ http://localhost:18501/_stcore/health:0
[13548211ms] [ERROR] Client Error in reaching server endpoint - No response received when attempting to reach /_stcore/health @ http://localhost:18501/static/js/index.k-9rUdPI.js:19
[13548211ms] [ERROR] Is Streamlit still running? If you accidentally stopped Streamlit, just restart it in your terminal: @ http://localhost:18501/static/js/index.k-9rUdPI.js:24
[13548211ms] [ERROR] Failed to load resource: net::ERR_CONNECTION_REFUSED @ http://localhost:18501/_stcore/host-config:0
[13552535ms] [ERROR] Failed to load resource: net::ERR_CONNECTION_REFUSED @ http://localhost:18501/_stcore/health:0
[13552535ms] [ERROR] Client Error in reaching server endpoint - No response received when attempting to reach /_stcore/health @ http://localhost:18501/static/js/index.k-9rUdPI.js:19
[13552535ms] [ERROR] Is Streamlit still running? If you accidentally stopped Streamlit, just restart it in your terminal: @ http://localhost:18501/static/js/index.k-9rUdPI.js:24
[13552535ms] [ERROR] Failed to load resource: net::ERR_CONNECTION_REFUSED @ http://localhost:18501/_stcore/host-config:0
[13556856ms] [ERROR] Failed to load resource: net::ERR_CONNECTION_REFUSED @ http://localhost:18501/_stcore/health:0
[13556856ms] [ERROR] Client Error in reaching server endpoint - No response received when attempting to reach /_stcore/health @ http://localhost:18501/static/js/index.k-9rUdPI.js:19
[13556856ms] [ERROR] Is Streamlit still running? If you accidentally stopped Streamlit, just restart it in your terminal: @ http://localhost:18501/static/js/index.k-9rUdPI.js:24
[13556877ms] [ERROR] Failed to load resource: net::ERR_CONNECTION_REFUSED @ http://localhost:18501/_stcore/host-config:0
[13561188ms] [ERROR] Failed to load resource: net::ERR_CONNECTION_REFUSED @ http://localhost:18501/_stcore/health:0
[13561188ms] [ERROR] Client Error in reaching server endpoint - No response received when attempting to reach /_stcore/health @ http://localhost:18501/static/js/index.k-9rUdPI.js:19
[13561188ms] [ERROR] Is Streamlit still running? If you accidentally stopped Streamlit, just restart it in your terminal: @ http://localhost:18501/static/js/index.k-9rUdPI.js:24
[13561188ms] [ERROR] Failed to load resource: net::ERR_CONNECTION_REFUSED @ http://localhost:18501/_stcore/host-config:0
[13565525ms] [ERROR] Failed to load resource: net::ERR_CONNECTION_REFUSED @ http://localhost:18501/_stcore/health:0
[13565525ms] [ERROR] Client Error in reaching server endpoint - No response received when attempting to reach /_stcore/health @ http://localhost:18501/static/js/index.k-9rUdPI.js:19
[13565525ms] [ERROR] Is Streamlit still running? If you accidentally stopped Streamlit, just restart it in your terminal: @ http://localhost:18501/static/js/index.k-9rUdPI.js:24
[13565525ms] [ERROR] Failed to load resource: net::ERR_CONNECTION_REFUSED @ http://localhost:18501/_stcore/host-config:0
[13569851ms] [ERROR] Failed to load resource: net::ERR_CONNECTION_REFUSED @ http://localhost:18501/_stcore/health:0
[13569851ms] [ERROR] Client Error in reaching server endpoint - No response received when attempting to reach /_stcore/health @ http://localhost:18501/static/js/index.k-9rUdPI.js:19
[13569851ms] [ERROR] Is Streamlit still running? If you accidentally stopped Streamlit, just restart it in your terminal: @ http://localhost:18501/static/js/index.k-9rUdPI.js:24
[13569851ms] [ERROR] Failed to load resource: net::ERR_CONNECTION_REFUSED @ http://localhost:18501/_stcore/host-config:0
[13574169ms] [ERROR] Failed to load resource: net::ERR_CONNECTION_REFUSED @ http://localhost:18501/_stcore/health:0
[13574169ms] [ERROR] Client Error in reaching server endpoint - No response received when attempting to reach /_stcore/health @ http://localhost:18501/static/js/index.k-9rUdPI.js:19
[13574169ms] [ERROR] Is Streamlit still running? If you accidentally stopped Streamlit, just restart it in your terminal: @ http://localhost:18501/static/js/index.k-9rUdPI.js:24
[13574194ms] [ERROR] Failed to load resource: net::ERR_CONNECTION_REFUSED @ http://localhost:18501/_stcore/host-config:0
[13578500ms] [ERROR] Failed to load resource: net::ERR_CONNECTION_REFUSED @ http://localhost:18501/_stcore/health:0
[13578500ms] [ERROR] Client Error in reaching server endpoint - No response received when attempting to reach /_stcore/health @ http://localhost:18501/static/js/index.k-9rUdPI.js:19
[13578501ms] [ERROR] Is Streamlit still running? If you accidentally stopped Streamlit, just restart it in your terminal: @ http://localhost:18501/static/js/index.k-9rUdPI.js:24
[13578530ms] [ERROR] Failed to load resource: net::ERR_CONNECTION_REFUSED @ http://localhost:18501/_stcore/host-config:0
[13582826ms] [ERROR] Failed to load resource: net::ERR_CONNECTION_REFUSED @ http://localhost:18501/_stcore/health:0
[13582826ms] [ERROR] Client Error in reaching server endpoint - No response received when attempting to reach /_stcore/health @ http://localhost:18501/static/js/index.k-9rUdPI.js:19
[13582826ms] [ERROR] Is Streamlit still running? If you accidentally stopped Streamlit, just restart it in your terminal: @ http://localhost:18501/static/js/index.k-9rUdPI.js:24
[13582848ms] [ERROR] Failed to load resource: net::ERR_CONNECTION_REFUSED @ http://localhost:18501/_stcore/host-config:0
[13587156ms] [ERROR] Failed to load resource: net::ERR_CONNECTION_REFUSED @ http://localhost:18501/_stcore/health:0
[13587156ms] [ERROR] Client Error in reaching server endpoint - No response received when attempting to reach /_stcore/health @ http://localhost:18501/static/js/index.k-9rUdPI.js:19
[13587156ms] [ERROR] Is Streamlit still running? If you accidentally stopped Streamlit, just restart it in your terminal: @ http://localhost:18501/static/js/index.k-9rUdPI.js:24
[13587156ms] [ERROR] Failed to load resource: net::ERR_CONNECTION_REFUSED @ http://localhost:18501/_stcore/host-config:0
[13591469ms] [ERROR] Failed to load resource: net::ERR_CONNECTION_REFUSED @ http://localhost:18501/_stcore/health:0
[13591469ms] [ERROR] Client Error in reaching server endpoint - No response received when attempting to reach /_stcore/health @ http://localhost:18501/static/js/index.k-9rUdPI.js:19
[13591469ms] [ERROR] Is Streamlit still running? If you accidentally stopped Streamlit, just restart it in your terminal: @ http://localhost:18501/static/js/index.k-9rUdPI.js:24
[13591491ms] [ERROR] Failed to load resource: net::ERR_CONNECTION_REFUSED @ http://localhost:18501/_stcore/host-config:0
[13595793ms] [ERROR] Failed to load resource: net::ERR_CONNECTION_REFUSED @ http://localhost:18501/_stcore/health:0
[13595793ms] [ERROR] Client Error in reaching server endpoint - No response received when attempting to reach /_stcore/health @ http://localhost:18501/static/js/index.k-9rUdPI.js:19
[13595793ms] [ERROR] Is Streamlit still running? If you accidentally stopped Streamlit, just restart it in your terminal: @ http://localhost:18501/static/js/index.k-9rUdPI.js:24
[13595794ms] [ERROR] Failed to load resource: net::ERR_CONNECTION_REFUSED @ http://localhost:18501/_stcore/host-config:0
[13600123ms] [ERROR] Failed to load resource: net::ERR_CONNECTION_REFUSED @ http://localhost:18501/_stcore/health:0
[13600123ms] [ERROR] Client Error in reaching server endpoint - No response received when attempting to reach /_stcore/health @ http://localhost:18501/static/js/index.k-9rUdPI.js:19
[13600123ms] [ERROR] Is Streamlit still running? If you accidentally stopped Streamlit, just restart it in your terminal: @ http://localhost:18501/static/js/index.k-9rUdPI.js:24
[13600146ms] [ERROR] Failed to load resource: net::ERR_CONNECTION_REFUSED @ http://localhost:18501/_stcore/host-config:0
[13604438ms] [ERROR] Failed to load resource: net::ERR_CONNECTION_REFUSED @ http://localhost:18501/_stcore/health:0
[13604438ms] [ERROR] Client Error in reaching server endpoint - No response received when attempting to reach /_stcore/health @ http://localhost:18501/static/js/index.k-9rUdPI.js:19
[13604438ms] [ERROR] Is Streamlit still running? If you accidentally stopped Streamlit, just restart it in your terminal: @ http://localhost:18501/static/js/index.k-9rUdPI.js:24
[13604439ms] [ERROR] Failed to load resource: net::ERR_CONNECTION_REFUSED @ http://localhost:18501/_stcore/host-config:0
[13608756ms] [ERROR] Failed to load resource: net::ERR_CONNECTION_REFUSED @ http://localhost:18501/_stcore/health:0
[13608756ms] [ERROR] Client Error in reaching server endpoint - No response received when attempting to reach /_stcore/health @ http://localhost:18501/static/js/index.k-9rUdPI.js:19
[13608756ms] [ERROR] Is Streamlit still running? If you accidentally stopped Streamlit, just restart it in your terminal: @ http://localhost:18501/static/js/index.k-9rUdPI.js:24
[13608782ms] [ERROR] Failed to load resource: net::ERR_CONNECTION_REFUSED @ http://localhost:18501/_stcore/host-config:0
[13613077ms] [ERROR] Failed to load resource: net::ERR_CONNECTION_REFUSED @ http://localhost:18501/_stcore/health:0
[13613077ms] [ERROR] Client Error in reaching server endpoint - No response received when attempting to reach /_stcore/health @ http://localhost:18501/static/js/index.k-9rUdPI.js:19
[13613077ms] [ERROR] Is Streamlit still running? If you accidentally stopped Streamlit, just restart it in your terminal: @ http://localhost:18501/static/js/index.k-9rUdPI.js:24
[13613100ms] [ERROR] Failed to load resource: net::ERR_CONNECTION_REFUSED @ http://localhost:18501/_stcore/host-config:0
[13617396ms] [ERROR] Failed to load resource: net::ERR_CONNECTION_REFUSED @ http://localhost:18501/_stcore/health:0
[13617396ms] [ERROR] Client Error in reaching server endpoint - No response received when attempting to reach /_stcore/health @ http://localhost:18501/static/js/index.k-9rUdPI.js:19
[13617396ms] [ERROR] Is Streamlit still running? If you accidentally stopped Streamlit, just restart it in your terminal: @ http://localhost:18501/static/js/index.k-9rUdPI.js:24
[13617396ms] [ERROR] Failed to load resource: net::ERR_CONNECTION_REFUSED @ http://localhost:18501/_stcore/host-config:0
[13621727ms] [ERROR] Failed to load resource: net::ERR_CONNECTION_REFUSED @ http://localhost:18501/_stcore/health:0
[13621727ms] [ERROR] Client Error in reaching server endpoint - No response received when attempting to reach /_stcore/health @ http://localhost:18501/static/js/index.k-9rUdPI.js:19
[13621727ms] [ERROR] Is Streamlit still running? If you accidentally stopped Streamlit, just restart it in your terminal: @ http://localhost:18501/static/js/index.k-9rUdPI.js:24
[13621748ms] [ERROR] Failed to load resource: net::ERR_CONNECTION_REFUSED @ http://localhost:18501/_stcore/host-config:0
[13626058ms] [ERROR] Failed to load resource: net::ERR_CONNECTION_REFUSED @ http://localhost:18501/_stcore/health:0
[13626058ms] [ERROR] Client Error in reaching server endpoint - No response received when attempting to reach /_stcore/health @ http://localhost:18501/static/js/index.k-9rUdPI.js:19
[13626058ms] [ERROR] Is Streamlit still running? If you accidentally stopped Streamlit, just restart it in your terminal: @ http://localhost:18501/static/js/index.k-9rUdPI.js:24
[13626058ms] [ERROR] Failed to load resource: net::ERR_CONNECTION_REFUSED @ http://localhost:18501/_stcore/host-config:0
[13630378ms] [ERROR] Failed to load resource: net::ERR_CONNECTION_REFUSED @ http://localhost:18501/_stcore/health:0
[13630378ms] [ERROR] Client Error in reaching server endpoint - No response received when attempting to reach /_stcore/health @ http://localhost:18501/static/js/index.k-9rUdPI.js:19
[13630378ms] [ERROR] Is Streamlit still running? If you accidentally stopped Streamlit, just restart it in your terminal: @ http://localhost:18501/static/js/index.k-9rUdPI.js:24
[13630378ms] [ERROR] Failed to load resource: net::ERR_CONNECTION_REFUSED @ http://localhost:18501/_stcore/host-config:0
[13634708ms] [ERROR] Failed to load resource: net::ERR_CONNECTION_REFUSED @ http://localhost:18501/_stcore/health:0
[13634708ms] [ERROR] Client Error in reaching server endpoint - No response received when attempting to reach /_stcore/health @ http://localhost:18501/static/js/index.k-9rUdPI.js:19
[13634709ms] [ERROR] Is Streamlit still running? If you accidentally stopped Streamlit, just restart it in your terminal: @ http://localhost:18501/static/js/index.k-9rUdPI.js:24
[13634709ms] [ERROR] Failed to load resource: net::ERR_CONNECTION_REFUSED @ http://localhost:18501/_stcore/host-config:0
[13639041ms] [ERROR] Failed to load resource: net::ERR_CONNECTION_REFUSED @ http://localhost:18501/_stcore/health:0
[13639041ms] [ERROR] Client Error in reaching server endpoint - No response received when attempting to reach /_stcore/health @ http://localhost:18501/static/js/index.k-9rUdPI.js:19
[13639041ms] [ERROR] Is Streamlit still running? If you accidentally stopped Streamlit, just restart it in your terminal: @ http://localhost:18501/static/js/index.k-9rUdPI.js:24
[13639041ms] [ERROR] Failed to load resource: net::ERR_CONNECTION_REFUSED @ http://localhost:18501/_stcore/host-config:0
[13643379ms] [ERROR] Failed to load resource: net::ERR_CONNECTION_REFUSED @ http://localhost:18501/_stcore/health:0
[13643379ms] [ERROR] Client Error in reaching server endpoint - No response received when attempting to reach /_stcore/health @ http://localhost:18501/static/js/index.k-9rUdPI.js:19
[13643379ms] [ERROR] Is Streamlit still running? If you accidentally stopped Streamlit, just restart it in your terminal: @ http://localhost:18501/static/js/index.k-9rUdPI.js:24
[13643379ms] [ERROR] Failed to load resource: net::ERR_CONNECTION_REFUSED @ http://localhost:18501/_stcore/host-config:0
[13647698ms] [ERROR] Failed to load resource: net::ERR_CONNECTION_REFUSED @ http://localhost:18501/_stcore/health:0
[13647698ms] [ERROR] Client Error in reaching server endpoint - No response received when attempting to reach /_stcore/health @ http://localhost:18501/static/js/index.k-9rUdPI.js:19
[13647698ms] [ERROR] Is Streamlit still running? If you accidentally stopped Streamlit, just restart it in your terminal: @ http://localhost:18501/static/js/index.k-9rUdPI.js:24
[13647699ms] [ERROR] Failed to load resource: net::ERR_CONNECTION_REFUSED @ http://localhost:18501/_stcore/host-config:0
[13652027ms] [ERROR] Failed to load resource: net::ERR_CONNECTION_REFUSED @ http://localhost:18501/_stcore/health:0
[13652027ms] [ERROR] Client Error in reaching server endpoint - No response received when attempting to reach /_stcore/health @ http://localhost:18501/static/js/index.k-9rUdPI.js:19
[13652027ms] [ERROR] Is Streamlit still running? If you accidentally stopped Streamlit, just restart it in your terminal: @ http://localhost:18501/static/js/index.k-9rUdPI.js:24
[13652027ms] [ERROR] Failed to load resource: net::ERR_CONNECTION_REFUSED @ http://localhost:18501/_stcore/host-config:0
[13656342ms] [ERROR] Failed to load resource: net::ERR_CONNECTION_REFUSED @ http://localhost:18501/_stcore/health:0
[13656342ms] [ERROR] Client Error in reaching server endpoint - No response received when attempting to reach /_stcore/health @ http://localhost:18501/static/js/index.k-9rUdPI.js:19
[13656342ms] [ERROR] Is Streamlit still running? If you accidentally stopped Streamlit, just restart it in your terminal: @ http://localhost:18501/static/js/index.k-9rUdPI.js:24
[13656367ms] [ERROR] Failed to load resource: net::ERR_CONNECTION_REFUSED @ http://localhost:18501/_stcore/host-config:0
[13660681ms] [ERROR] Failed to load resource: net::ERR_CONNECTION_REFUSED @ http://localhost:18501/_stcore/health:0
[13660681ms] [ERROR] Client Error in reaching server endpoint - No response received when attempting to reach /_stcore/health @ http://localhost:18501/static/js/index.k-9rUdPI.js:19
[13660681ms] [ERROR] Is Streamlit still running? If you accidentally stopped Streamlit, just restart it in your terminal: @ http://localhost:18501/static/js/index.k-9rUdPI.js:24
[13660681ms] [ERROR] Failed to load resource: net::ERR_CONNECTION_REFUSED @ http://localhost:18501/_stcore/host-config:0
[13665008ms] [ERROR] Failed to load resource: net::ERR_CONNECTION_REFUSED @ http://localhost:18501/_stcore/health:0
[13665008ms] [ERROR] Client Error in reaching server endpoint - No response received when attempting to reach /_stcore/health @ http://localhost:18501/static/js/index.k-9rUdPI.js:19
[13665008ms] [ERROR] Is Streamlit still running? If you accidentally stopped Streamlit, just restart it in your terminal: @ http://localhost:18501/static/js/index.k-9rUdPI.js:24
[13665009ms] [ERROR] Failed to load resource: net::ERR_CONNECTION_REFUSED @ http://localhost:18501/_stcore/host-config:0
[13669338ms] [ERROR] Failed to load resource: net::ERR_CONNECTION_REFUSED @ http://localhost:18501/_stcore/health:0
[13669339ms] [ERROR] Client Error in reaching server endpoint - No response received when attempting to reach /_stcore/health @ http://localhost:18501/static/js/index.k-9rUdPI.js:19
[13669339ms] [ERROR] Is Streamlit still running? If you accidentally stopped Streamlit, just restart it in your terminal: @ http://localhost:18501/static/js/index.k-9rUdPI.js:24
[13669372ms] [ERROR] Failed to load resource: net::ERR_CONNECTION_REFUSED @ http://localhost:18501/_stcore/host-config:0
[13673659ms] [ERROR] Failed to load resource: net::ERR_CONNECTION_REFUSED @ http://localhost:18501/_stcore/health:0
[13673659ms] [ERROR] Client Error in reaching server endpoint - No response received when attempting to reach /_stcore/health @ http://localhost:18501/static/js/index.k-9rUdPI.js:19
[13673659ms] [ERROR] Is Streamlit still running? If you accidentally stopped Streamlit, just restart it in your terminal: @ http://localhost:18501/static/js/index.k-9rUdPI.js:24
[13673659ms] [ERROR] Failed to load resource: net::ERR_CONNECTION_REFUSED @ http://localhost:18501/_stcore/host-config:0
[13677974ms] [ERROR] Failed to load resource: net::ERR_CONNECTION_REFUSED @ http://localhost:18501/_stcore/health:0
[13677974ms] [ERROR] Client Error in reaching server endpoint - No response received when attempting to reach /_stcore/health @ http://localhost:18501/static/js/index.k-9rUdPI.js:19
[13677974ms] [ERROR] Is Streamlit still running? If you accidentally stopped Streamlit, just restart it in your terminal: @ http://localhost:18501/static/js/index.k-9rUdPI.js:24
[13677999ms] [ERROR] Failed to load resource: net::ERR_CONNECTION_REFUSED @ http://localhost:18501/_stcore/host-config:0
[13682305ms] [ERROR] Failed to load resource: net::ERR_CONNECTION_REFUSED @ http://localhost:18501/_stcore/health:0
[13682305ms] [ERROR] Client Error in reaching server endpoint - No response received when attempting to reach /_stcore/health @ http://localhost:18501/static/js/index.k-9rUdPI.js:19
[13682305ms] [ERROR] Is Streamlit still running? If you accidentally stopped Streamlit, just restart it in your terminal: @ http://localhost:18501/static/js/index.k-9rUdPI.js:24
[13682306ms] [ERROR] Failed to load resource: net::ERR_CONNECTION_REFUSED @ http://localhost:18501/_stcore/host-config:0
[13686627ms] [ERROR] Failed to load resource: net::ERR_CONNECTION_REFUSED @ http://localhost:18501/_stcore/health:0
[13686627ms] [ERROR] Client Error in reaching server endpoint - No response received when attempting to reach /_stcore/health @ http://localhost:18501/static/js/index.k-9rUdPI.js:19
[13686627ms] [ERROR] Is Streamlit still running? If you accidentally stopped Streamlit, just restart it in your terminal: @ http://localhost:18501/static/js/index.k-9rUdPI.js:24
[13686627ms] [ERROR] Failed to load resource: net::ERR_CONNECTION_REFUSED @ http://localhost:18501/_stcore/host-config:0
[13690937ms] [ERROR] Failed to load resource: net::ERR_CONNECTION_REFUSED @ http://localhost:18501/_stcore/health:0
[13690937ms] [ERROR] Client Error in reaching server endpoint - No response received when attempting to reach /_stcore/health @ http://localhost:18501/static/js/index.k-9rUdPI.js:19
[13690937ms] [ERROR] Is Streamlit still running? If you accidentally stopped Streamlit, just restart it in your terminal: @ http://localhost:18501/static/js/index.k-9rUdPI.js:24
[13690961ms] [ERROR] Failed to load resource: net::ERR_CONNECTION_REFUSED @ http://localhost:18501/_stcore/host-config:0
[13695258ms] [ERROR] Failed to load resource: net::ERR_CONNECTION_REFUSED @ http://localhost:18501/_stcore/health:0
[13695258ms] [ERROR] Client Error in reaching server endpoint - No response received when attempting to reach /_stcore/health @ http://localhost:18501/static/js/index.k-9rUdPI.js:19
[13695258ms] [ERROR] Is Streamlit still running? If you accidentally stopped Streamlit, just restart it in your terminal: @ http://localhost:18501/static/js/index.k-9rUdPI.js:24
[13695258ms] [ERROR] Failed to load resource: net::ERR_CONNECTION_REFUSED @ http://localhost:18501/_stcore/host-config:0
[13699599ms] [ERROR] Failed to load resource: net::ERR_CONNECTION_REFUSED @ http://localhost:18501/_stcore/health:0
[13699599ms] [ERROR] Client Error in reaching server endpoint - No response received when attempting to reach /_stcore/health @ http://localhost:18501/static/js/index.k-9rUdPI.js:19
[13699599ms] [ERROR] Is Streamlit still running? If you accidentally stopped Streamlit, just restart it in your terminal: @ http://localhost:18501/static/js/index.k-9rUdPI.js:24
[13699599ms] [ERROR] Failed to load resource: net::ERR_CONNECTION_REFUSED @ http://localhost:18501/_stcore/host-config:0
[13703931ms] [ERROR] Failed to load resource: net::ERR_CONNECTION_REFUSED @ http://localhost:18501/_stcore/health:0
[13703931ms] [ERROR] Client Error in reaching server endpoint - No response received when attempting to reach /_stcore/health @ http://localhost:18501/static/js/index.k-9rUdPI.js:19
[13703931ms] [ERROR] Is Streamlit still running? If you accidentally stopped Streamlit, just restart it in your terminal: @ http://localhost:18501/static/js/index.k-9rUdPI.js:24
[13703932ms] [ERROR] Failed to load resource: net::ERR_CONNECTION_REFUSED @ http://localhost:18501/_stcore/host-config:0
[13708253ms] [ERROR] Failed to load resource: net::ERR_CONNECTION_REFUSED @ http://localhost:18501/_stcore/health:0
[13708253ms] [ERROR] Client Error in reaching server endpoint - No response received when attempting to reach /_stcore/health @ http://localhost:18501/static/js/index.k-9rUdPI.js:19
[13708253ms] [ERROR] Is Streamlit still running? If you accidentally stopped Streamlit, just restart it in your terminal: @ http://localhost:18501/static/js/index.k-9rUdPI.js:24
[13708253ms] [ERROR] Failed to load resource: net::ERR_CONNECTION_REFUSED @ http://localhost:18501/_stcore/host-config:0
[13712591ms] [ERROR] Failed to load resource: net::ERR_CONNECTION_REFUSED @ http://localhost:18501/_stcore/health:0
[13712591ms] [ERROR] Client Error in reaching server endpoint - No response received when attempting to reach /_stcore/health @ http://localhost:18501/static/js/index.k-9rUdPI.js:19
[13712591ms] [ERROR] Is Streamlit still running? If you accidentally stopped Streamlit, just restart it in your terminal: @ http://localhost:18501/static/js/index.k-9rUdPI.js:24
[13712591ms] [ERROR] Failed to load resource: net::ERR_CONNECTION_REFUSED @ http://localhost:18501/_stcore/host-config:0
[13716925ms] [ERROR] Failed to load resource: net::ERR_CONNECTION_REFUSED @ http://localhost:18501/_stcore/health:0
[13716925ms] [ERROR] Client Error in reaching server endpoint - No response received when attempting to reach /_stcore/health @ http://localhost:18501/static/js/index.k-9rUdPI.js:19
[13716925ms] [ERROR] Is Streamlit still running? If you accidentally stopped Streamlit, just restart it in your terminal: @ http://localhost:18501/static/js/index.k-9rUdPI.js:24
[13716925ms] [ERROR] Failed to load resource: net::ERR_CONNECTION_REFUSED @ http://localhost:18501/_stcore/host-config:0
[13721246ms] [ERROR] Failed to load resource: net::ERR_CONNECTION_REFUSED @ http://localhost:18501/_stcore/health:0
[13721246ms] [ERROR] Client Error in reaching server endpoint - No response received when attempting to reach /_stcore/health @ http://localhost:18501/static/js/index.k-9rUdPI.js:19
[13721246ms] [ERROR] Is Streamlit still running? If you accidentally stopped Streamlit, just restart it in your terminal: @ http://localhost:18501/static/js/index.k-9rUdPI.js:24
[13721271ms] [ERROR] Failed to load resource: net::ERR_CONNECTION_REFUSED @ http://localhost:18501/_stcore/host-config:0
[13725572ms] [ERROR] Failed to load resource: net::ERR_CONNECTION_REFUSED @ http://localhost:18501/_stcore/health:0
[13725572ms] [ERROR] Client Error in reaching server endpoint - No response received when attempting to reach /_stcore/health @ http://localhost:18501/static/js/index.k-9rUdPI.js:19
[13725572ms] [ERROR] Is Streamlit still running? If you accidentally stopped Streamlit, just restart it in your terminal: @ http://localhost:18501/static/js/index.k-9rUdPI.js:24
[13725573ms] [ERROR] Failed to load resource: net::ERR_CONNECTION_REFUSED @ http://localhost:18501/_stcore/host-config:0
[13729912ms] [ERROR] Failed to load resource: net::ERR_CONNECTION_REFUSED @ http://localhost:18501/_stcore/health:0
[13729912ms] [ERROR] Client Error in reaching server endpoint - No response received when attempting to reach /_stcore/health @ http://localhost:18501/static/js/index.k-9rUdPI.js:19
[13729913ms] [ERROR] Is Streamlit still running? If you accidentally stopped Streamlit, just restart it in your terminal: @ http://localhost:18501/static/js/index.k-9rUdPI.js:24
[13729939ms] [ERROR] Failed to load resource: net::ERR_CONNECTION_REFUSED @ http://localhost:18501/_stcore/host-config:0
[13734239ms] [ERROR] Failed to load resource: net::ERR_CONNECTION_REFUSED @ http://localhost:18501/_stcore/health:0
[13734239ms] [ERROR] Client Error in reaching server endpoint - No response received when attempting to reach /_stcore/health @ http://localhost:18501/static/js/index.k-9rUdPI.js:19
[13734239ms] [ERROR] Is Streamlit still running? If you accidentally stopped Streamlit, just restart it in your terminal: @ http://localhost:18501/static/js/index.k-9rUdPI.js:24
[13734261ms] [ERROR] Failed to load resource: net::ERR_CONNECTION_REFUSED @ http://localhost:18501/_stcore/host-config:0
[13738564ms] [ERROR] Failed to load resource: net::ERR_CONNECTION_REFUSED @ http://localhost:18501/_stcore/health:0
[13738564ms] [ERROR] Client Error in reaching server endpoint - No response received when attempting to reach /_stcore/health @ http://localhost:18501/static/js/index.k-9rUdPI.js:19
[13738564ms] [ERROR] Is Streamlit still running? If you accidentally stopped Streamlit, just restart it in your terminal: @ http://localhost:18501/static/js/index.k-9rUdPI.js:24
[13738565ms] [ERROR] Failed to load resource: net::ERR_CONNECTION_REFUSED @ http://localhost:18501/_stcore/host-config:0
[13742889ms] [ERROR] Failed to load resource: net::ERR_CONNECTION_REFUSED @ http://localhost:18501/_stcore/health:0
[13742889ms] [ERROR] Client Error in reaching server endpoint - No response received when attempting to reach /_stcore/health @ http://localhost:18501/static/js/index.k-9rUdPI.js:19
[13742889ms] [ERROR] Is Streamlit still running? If you accidentally stopped Streamlit, just restart it in your terminal: @ http://localhost:18501/static/js/index.k-9rUdPI.js:24
[13742889ms] [ERROR] Failed to load resource: net::ERR_CONNECTION_REFUSED @ http://localhost:18501/_stcore/host-config:0
[13747221ms] [ERROR] Failed to load resource: net::ERR_CONNECTION_REFUSED @ http://localhost:18501/_stcore/health:0
[13747221ms] [ERROR] Client Error in reaching server endpoint - No response received when attempting to reach /_stcore/health @ http://localhost:18501/static/js/index.k-9rUdPI.js:19
[13747222ms] [ERROR] Is Streamlit still running? If you accidentally stopped Streamlit, just restart it in your terminal: @ http://localhost:18501/static/js/index.k-9rUdPI.js:24
[13747222ms] [ERROR] Failed to load resource: net::ERR_CONNECTION_REFUSED @ http://localhost:18501/_stcore/host-config:0
[13751538ms] [ERROR] Failed to load resource: net::ERR_CONNECTION_REFUSED @ http://localhost:18501/_stcore/health:0
[13751538ms] [ERROR] Client Error in reaching server endpoint - No response received when attempting to reach /_stcore/health @ http://localhost:18501/static/js/index.k-9rUdPI.js:19
[13751538ms] [ERROR] Is Streamlit still running? If you accidentally stopped Streamlit, just restart it in your terminal: @ http://localhost:18501/static/js/index.k-9rUdPI.js:24
[13751559ms] [ERROR] Failed to load resource: net::ERR_CONNECTION_REFUSED @ http://localhost:18501/_stcore/host-config:0
[13755857ms] [ERROR] Failed to load resource: net::ERR_CONNECTION_REFUSED @ http://localhost:18501/_stcore/health:0
[13755857ms] [ERROR] Client Error in reaching server endpoint - No response received when attempting to reach /_stcore/health @ http://localhost:18501/static/js/index.k-9rUdPI.js:19
[13755857ms] [ERROR] Is Streamlit still running? If you accidentally stopped Streamlit, just restart it in your terminal: @ http://localhost:18501/static/js/index.k-9rUdPI.js:24
[13755857ms] [ERROR] Failed to load resource: net::ERR_CONNECTION_REFUSED @ http://localhost:18501/_stcore/host-config:0
[13760173ms] [ERROR] Failed to load resource: net::ERR_CONNECTION_REFUSED @ http://localhost:18501/_stcore/health:0
[13760173ms] [ERROR] Client Error in reaching server endpoint - No response received when attempting to reach /_stcore/health @ http://localhost:18501/static/js/index.k-9rUdPI.js:19
[13760173ms] [ERROR] Is Streamlit still running? If you accidentally stopped Streamlit, just restart it in your terminal: @ http://localhost:18501/static/js/index.k-9rUdPI.js:24
[13760174ms] [ERROR] Failed to load resource: net::ERR_CONNECTION_REFUSED @ http://localhost:18501/_stcore/host-config:0
[13764487ms] [ERROR] Failed to load resource: net::ERR_CONNECTION_REFUSED @ http://localhost:18501/_stcore/health:0
[13764487ms] [ERROR] Client Error in reaching server endpoint - No response received when attempting to reach /_stcore/health @ http://localhost:18501/static/js/index.k-9rUdPI.js:19
[13764487ms] [ERROR] Is Streamlit still running? If you accidentally stopped Streamlit, just restart it in your terminal: @ http://localhost:18501/static/js/index.k-9rUdPI.js:24
[13764510ms] [ERROR] Failed to load resource: net::ERR_CONNECTION_REFUSED @ http://localhost:18501/_stcore/host-config:0
[13768812ms] [ERROR] Failed to load resource: net::ERR_CONNECTION_REFUSED @ http://localhost:18501/_stcore/health:0
[13768812ms] [ERROR] Client Error in reaching server endpoint - No response received when attempting to reach /_stcore/health @ http://localhost:18501/static/js/index.k-9rUdPI.js:19
[13768812ms] [ERROR] Is Streamlit still running? If you accidentally stopped Streamlit, just restart it in your terminal: @ http://localhost:18501/static/js/index.k-9rUdPI.js:24
[13768812ms] [ERROR] Failed to load resource: net::ERR_CONNECTION_REFUSED @ http://localhost:18501/_stcore/host-config:0
[13773130ms] [ERROR] Failed to load resource: net::ERR_CONNECTION_REFUSED @ http://localhost:18501/_stcore/health:0
[13773130ms] [ERROR] Client Error in reaching server endpoint - No response received when attempting to reach /_stcore/health @ http://localhost:18501/static/js/index.k-9rUdPI.js:19
[13773130ms] [ERROR] Is Streamlit still running? If you accidentally stopped Streamlit, just restart it in your terminal: @ http://localhost:18501/static/js/index.k-9rUdPI.js:24
[13773153ms] [ERROR] Failed to load resource: net::ERR_CONNECTION_REFUSED @ http://localhost:18501/_stcore/host-config:0
[13777460ms] [ERROR] Failed to load resource: net::ERR_CONNECTION_REFUSED @ http://localhost:18501/_stcore/health:0
[13777461ms] [ERROR] Client Error in reaching server endpoint - No response received when attempting to reach /_stcore/health @ http://localhost:18501/static/js/index.k-9rUdPI.js:19
[13777461ms] [ERROR] Is Streamlit still running? If you accidentally stopped Streamlit, just restart it in your terminal: @ http://localhost:18501/static/js/index.k-9rUdPI.js:24
[13777461ms] [ERROR] Failed to load resource: net::ERR_CONNECTION_REFUSED @ http://localhost:18501/_stcore/host-config:0
[13781799ms] [ERROR] Failed to load resource: net::ERR_CONNECTION_REFUSED @ http://localhost:18501/_stcore/health:0
[13781799ms] [ERROR] Client Error in reaching server endpoint - No response received when attempting to reach /_stcore/health @ http://localhost:18501/static/js/index.k-9rUdPI.js:19
[13781799ms] [ERROR] Is Streamlit still running? If you accidentally stopped Streamlit, just restart it in your terminal: @ http://localhost:18501/static/js/index.k-9rUdPI.js:24
[13781828ms] [ERROR] Failed to load resource: net::ERR_CONNECTION_REFUSED @ http://localhost:18501/_stcore/host-config:0
[13786124ms] [ERROR] Failed to load resource: net::ERR_CONNECTION_REFUSED @ http://localhost:18501/_stcore/health:0
[13786124ms] [ERROR] Client Error in reaching server endpoint - No response received when attempting to reach /_stcore/health @ http://localhost:18501/static/js/index.k-9rUdPI.js:19
[13786124ms] [ERROR] Is Streamlit still running? If you accidentally stopped Streamlit, just restart it in your terminal: @ http://localhost:18501/static/js/index.k-9rUdPI.js:24
[13786124ms] [ERROR] Failed to load resource: net::ERR_CONNECTION_REFUSED @ http://localhost:18501/_stcore/host-config:0
[13790445ms] [ERROR] Failed to load resource: net::ERR_CONNECTION_REFUSED @ http://localhost:18501/_stcore/health:0
[13790446ms] [ERROR] Client Error in reaching server endpoint - No response received when attempting to reach /_stcore/health @ http://localhost:18501/static/js/index.k-9rUdPI.js:19
[13790446ms] [ERROR] Is Streamlit still running? If you accidentally stopped Streamlit, just restart it in your terminal: @ http://localhost:18501/static/js/index.k-9rUdPI.js:24
[13790446ms] [ERROR] Failed to load resource: net::ERR_CONNECTION_REFUSED @ http://localhost:18501/_stcore/host-config:0
[13794767ms] [ERROR] Failed to load resource: net::ERR_CONNECTION_REFUSED @ http://localhost:18501/_stcore/health:0
[13794767ms] [ERROR] Client Error in reaching server endpoint - No response received when attempting to reach /_stcore/health @ http://localhost:18501/static/js/index.k-9rUdPI.js:19
[13794767ms] [ERROR] Is Streamlit still running? If you accidentally stopped Streamlit, just restart it in your terminal: @ http://localhost:18501/static/js/index.k-9rUdPI.js:24
[13794768ms] [ERROR] Failed to load resource: net::ERR_CONNECTION_REFUSED @ http://localhost:18501/_stcore/host-config:0
[13799087ms] [ERROR] Failed to load resource: net::ERR_CONNECTION_REFUSED @ http://localhost:18501/_stcore/health:0
[13799087ms] [ERROR] Client Error in reaching server endpoint - No response received when attempting to reach /_stcore/health @ http://localhost:18501/static/js/index.k-9rUdPI.js:19
[13799087ms] [ERROR] Is Streamlit still running? If you accidentally stopped Streamlit, just restart it in your terminal: @ http://localhost:18501/static/js/index.k-9rUdPI.js:24
[13799109ms] [ERROR] Failed to load resource: net::ERR_CONNECTION_REFUSED @ http://localhost:18501/_stcore/host-config:0
[13803402ms] [ERROR] Failed to load resource: net::ERR_CONNECTION_REFUSED @ http://localhost:18501/_stcore/health:0
[13803403ms] [ERROR] Client Error in reaching server endpoint - No response received when attempting to reach /_stcore/health @ http://localhost:18501/static/js/index.k-9rUdPI.js:19
[13803403ms] [ERROR] Is Streamlit still running? If you accidentally stopped Streamlit, just restart it in your terminal: @ http://localhost:18501/static/js/index.k-9rUdPI.js:24
[13803403ms] [ERROR] Failed to load resource: net::ERR_CONNECTION_REFUSED @ http://localhost:18501/_stcore/host-config:0
[13807730ms] [ERROR] Failed to load resource: net::ERR_CONNECTION_REFUSED @ http://localhost:18501/_stcore/health:0
[13807730ms] [ERROR] Client Error in reaching server endpoint - No response received when attempting to reach /_stcore/health @ http://localhost:18501/static/js/index.k-9rUdPI.js:19
[13807730ms] [ERROR] Is Streamlit still running? If you accidentally stopped Streamlit, just restart it in your terminal: @ http://localhost:18501/static/js/index.k-9rUdPI.js:24
[13807754ms] [ERROR] Failed to load resource: net::ERR_CONNECTION_REFUSED @ http://localhost:18501/_stcore/host-config:0
[13812062ms] [ERROR] Failed to load resource: net::ERR_CONNECTION_REFUSED @ http://localhost:18501/_stcore/health:0
[13812062ms] [ERROR] Client Error in reaching server endpoint - No response received when attempting to reach /_stcore/health @ http://localhost:18501/static/js/index.k-9rUdPI.js:19
[13812062ms] [ERROR] Is Streamlit still running? If you accidentally stopped Streamlit, just restart it in your terminal: @ http://localhost:18501/static/js/index.k-9rUdPI.js:24
[13812091ms] [ERROR] Failed to load resource: net::ERR_CONNECTION_REFUSED @ http://localhost:18501/_stcore/host-config:0
[13816376ms] [ERROR] Failed to load resource: net::ERR_CONNECTION_REFUSED @ http://localhost:18501/_stcore/health:0
[13816376ms] [ERROR] Client Error in reaching server endpoint - No response received when attempting to reach /_stcore/health @ http://localhost:18501/static/js/index.k-9rUdPI.js:19
[13816376ms] [ERROR] Is Streamlit still running? If you accidentally stopped Streamlit, just restart it in your terminal: @ http://localhost:18501/static/js/index.k-9rUdPI.js:24
[13816399ms] [ERROR] Failed to load resource: net::ERR_CONNECTION_REFUSED @ http://localhost:18501/_stcore/host-config:0
[13820701ms] [ERROR] Failed to load resource: net::ERR_CONNECTION_REFUSED @ http://localhost:18501/_stcore/health:0
[13820701ms] [ERROR] Client Error in reaching server endpoint - No response received when attempting to reach /_stcore/health @ http://localhost:18501/static/js/index.k-9rUdPI.js:19
[13820701ms] [ERROR] Is Streamlit still running? If you accidentally stopped Streamlit, just restart it in your terminal: @ http://localhost:18501/static/js/index.k-9rUdPI.js:24
[13820734ms] [ERROR] Failed to load resource: net::ERR_CONNECTION_REFUSED @ http://localhost:18501/_stcore/host-config:0
[13825028ms] [ERROR] Failed to load resource: net::ERR_CONNECTION_REFUSED @ http://localhost:18501/_stcore/health:0
[13825029ms] [ERROR] Client Error in reaching server endpoint - No response received when attempting to reach /_stcore/health @ http://localhost:18501/static/js/index.k-9rUdPI.js:19
[13825029ms] [ERROR] Is Streamlit still running? If you accidentally stopped Streamlit, just restart it in your terminal: @ http://localhost:18501/static/js/index.k-9rUdPI.js:24
[13825029ms] [ERROR] Failed to load resource: net::ERR_CONNECTION_REFUSED @ http://localhost:18501/_stcore/host-config:0
[13829354ms] [ERROR] Failed to load resource: net::ERR_CONNECTION_REFUSED @ http://localhost:18501/_stcore/health:0
[13829354ms] [ERROR] Client Error in reaching server endpoint - No response received when attempting to reach /_stcore/health @ http://localhost:18501/static/js/index.k-9rUdPI.js:19
[13829355ms] [ERROR] Is Streamlit still running? If you accidentally stopped Streamlit, just restart it in your terminal: @ http://localhost:18501/static/js/index.k-9rUdPI.js:24
[13829378ms] [ERROR] Failed to load resource: net::ERR_CONNECTION_REFUSED @ http://localhost:18501/_stcore/host-config:0
[13833675ms] [ERROR] Failed to load resource: net::ERR_CONNECTION_REFUSED @ http://localhost:18501/_stcore/health:0
[13833675ms] [ERROR] Client Error in reaching server endpoint - No response received when attempting to reach /_stcore/health @ http://localhost:18501/static/js/index.k-9rUdPI.js:19
[13833676ms] [ERROR] Is Streamlit still running? If you accidentally stopped Streamlit, just restart it in your terminal: @ http://localhost:18501/static/js/index.k-9rUdPI.js:24
[13833676ms] [ERROR] Failed to load resource: net::ERR_CONNECTION_REFUSED @ http://localhost:18501/_stcore/host-config:0
[13838001ms] [ERROR] Failed to load resource: net::ERR_CONNECTION_REFUSED @ http://localhost:18501/_stcore/health:0
[13838001ms] [ERROR] Client Error in reaching server endpoint - No response received when attempting to reach /_stcore/health @ http://localhost:18501/static/js/index.k-9rUdPI.js:19
[13838001ms] [ERROR] Is Streamlit still running? If you accidentally stopped Streamlit, just restart it in your terminal: @ http://localhost:18501/static/js/index.k-9rUdPI.js:24
[13838026ms] [ERROR] Failed to load resource: net::ERR_CONNECTION_REFUSED @ http://localhost:18501/_stcore/host-config:0
[13842324ms] [ERROR] Failed to load resource: net::ERR_CONNECTION_REFUSED @ http://localhost:18501/_stcore/health:0
[13842325ms] [ERROR] Client Error in reaching server endpoint - No response received when attempting to reach /_stcore/health @ http://localhost:18501/static/js/index.k-9rUdPI.js:19
[13842325ms] [ERROR] Is Streamlit still running? If you accidentally stopped Streamlit, just restart it in your terminal: @ http://localhost:18501/static/js/index.k-9rUdPI.js:24
[13842350ms] [ERROR] Failed to load resource: net::ERR_CONNECTION_REFUSED @ http://localhost:18501/_stcore/host-config:0
[13846646ms] [ERROR] Failed to load resource: net::ERR_CONNECTION_REFUSED @ http://localhost:18501/_stcore/health:0
[13846647ms] [ERROR] Client Error in reaching server endpoint - No response received when attempting to reach /_stcore/health @ http://localhost:18501/static/js/index.k-9rUdPI.js:19
[13846647ms] [ERROR] Is Streamlit still running? If you accidentally stopped Streamlit, just restart it in your terminal: @ http://localhost:18501/static/js/index.k-9rUdPI.js:24
[13846647ms] [ERROR] Failed to load resource: net::ERR_CONNECTION_REFUSED @ http://localhost:18501/_stcore/host-config:0
[13850981ms] [ERROR] Failed to load resource: net::ERR_CONNECTION_REFUSED @ http://localhost:18501/_stcore/health:0
[13850981ms] [ERROR] Client Error in reaching server endpoint - No response received when attempting to reach /_stcore/health @ http://localhost:18501/static/js/index.k-9rUdPI.js:19
[13850982ms] [ERROR] Is Streamlit still running? If you accidentally stopped Streamlit, just restart it in your terminal: @ http://localhost:18501/static/js/index.k-9rUdPI.js:24
[13851006ms] [ERROR] Failed to load resource: net::ERR_CONNECTION_REFUSED @ http://localhost:18501/_stcore/host-config:0
[13855294ms] [ERROR] Failed to load resource: net::ERR_CONNECTION_REFUSED @ http://localhost:18501/_stcore/health:0
[13855294ms] [ERROR] Client Error in reaching server endpoint - No response received when attempting to reach /_stcore/health @ http://localhost:18501/static/js/index.k-9rUdPI.js:19
[13855294ms] [ERROR] Is Streamlit still running? If you accidentally stopped Streamlit, just restart it in your terminal: @ http://localhost:18501/static/js/index.k-9rUdPI.js:24
[13855294ms] [ERROR] Failed to load resource: net::ERR_CONNECTION_REFUSED @ http://localhost:18501/_stcore/host-config:0
[13859611ms] [ERROR] Failed to load resource: net::ERR_CONNECTION_REFUSED @ http://localhost:18501/_stcore/health:0
[13859612ms] [ERROR] Client Error in reaching server endpoint - No response received when attempting to reach /_stcore/health @ http://localhost:18501/static/js/index.k-9rUdPI.js:19
[13859612ms] [ERROR] Is Streamlit still running? If you accidentally stopped Streamlit, just restart it in your terminal: @ http://localhost:18501/static/js/index.k-9rUdPI.js:24
[13859612ms] [ERROR] Failed to load resource: net::ERR_CONNECTION_REFUSED @ http://localhost:18501/_stcore/host-config:0
[13863930ms] [ERROR] Failed to load resource: net::ERR_CONNECTION_REFUSED @ http://localhost:18501/_stcore/health:0
[13863930ms] [ERROR] Client Error in reaching server endpoint - No response received when attempting to reach /_stcore/health @ http://localhost:18501/static/js/index.k-9rUdPI.js:19
[13863930ms] [ERROR] Is Streamlit still running? If you accidentally stopped Streamlit, just restart it in your terminal: @ http://localhost:18501/static/js/index.k-9rUdPI.js:24
[13863930ms] [ERROR] Failed to load resource: net::ERR_CONNECTION_REFUSED @ http://localhost:18501/_stcore/host-config:0
[13868258ms] [ERROR] Failed to load resource: net::ERR_CONNECTION_REFUSED @ http://localhost:18501/_stcore/health:0
[13868258ms] [ERROR] Client Error in reaching server endpoint - No response received when attempting to reach /_stcore/health @ http://localhost:18501/static/js/index.k-9rUdPI.js:19
[13868258ms] [ERROR] Is Streamlit still running? If you accidentally stopped Streamlit, just restart it in your terminal: @ http://localhost:18501/static/js/index.k-9rUdPI.js:24
[13868259ms] [ERROR] Failed to load resource: net::ERR_CONNECTION_REFUSED @ http://localhost:18501/_stcore/host-config:0
[13872602ms] [ERROR] Failed to load resource: net::ERR_CONNECTION_REFUSED @ http://localhost:18501/_stcore/health:0
[13872602ms] [ERROR] Client Error in reaching server endpoint - No response received when attempting to reach /_stcore/health @ http://localhost:18501/static/js/index.k-9rUdPI.js:19
[13872602ms] [ERROR] Is Streamlit still running? If you accidentally stopped Streamlit, just restart it in your terminal: @ http://localhost:18501/static/js/index.k-9rUdPI.js:24
[13872602ms] [ERROR] Failed to load resource: net::ERR_CONNECTION_REFUSED @ http://localhost:18501/_stcore/host-config:0
[13876932ms] [ERROR] Failed to load resource: net::ERR_CONNECTION_REFUSED @ http://localhost:18501/_stcore/health:0
[13876932ms] [ERROR] Client Error in reaching server endpoint - No response received when attempting to reach /_stcore/health @ http://localhost:18501/static/js/index.k-9rUdPI.js:19
[13876933ms] [ERROR] Is Streamlit still running? If you accidentally stopped Streamlit, just restart it in your terminal: @ http://localhost:18501/static/js/index.k-9rUdPI.js:24
[13876933ms] [ERROR] Failed to load resource: net::ERR_CONNECTION_REFUSED @ http://localhost:18501/_stcore/host-config:0
[13881275ms] [ERROR] Failed to load resource: net::ERR_CONNECTION_REFUSED @ http://localhost:18501/_stcore/health:0
[13881275ms] [ERROR] Client Error in reaching server endpoint - No response received when attempting to reach /_stcore/health @ http://localhost:18501/static/js/index.k-9rUdPI.js:19
[13881275ms] [ERROR] Is Streamlit still running? If you accidentally stopped Streamlit, just restart it in your terminal: @ http://localhost:18501/static/js/index.k-9rUdPI.js:24
[13881275ms] [ERROR] Failed to load resource: net::ERR_CONNECTION_REFUSED @ http://localhost:18501/_stcore/host-config:0
[13885602ms] [ERROR] Failed to load resource: net::ERR_CONNECTION_REFUSED @ http://localhost:18501/_stcore/health:0
[13885602ms] [ERROR] Client Error in reaching server endpoint - No response received when attempting to reach /_stcore/health @ http://localhost:18501/static/js/index.k-9rUdPI.js:19
[13885602ms] [ERROR] Is Streamlit still running? If you accidentally stopped Streamlit, just restart it in your terminal: @ http://localhost:18501/static/js/index.k-9rUdPI.js:24
[13885602ms] [ERROR] Failed to load resource: net::ERR_CONNECTION_REFUSED @ http://localhost:18501/_stcore/host-config:0
[13889942ms] [ERROR] Failed to load resource: net::ERR_CONNECTION_REFUSED @ http://localhost:18501/_stcore/health:0
[13889942ms] [ERROR] Client Error in reaching server endpoint - No response received when attempting to reach /_stcore/health @ http://localhost:18501/static/js/index.k-9rUdPI.js:19
[13889942ms] [ERROR] Is Streamlit still running? If you accidentally stopped Streamlit, just restart it in your terminal: @ http://localhost:18501/static/js/index.k-9rUdPI.js:24
[13889963ms] [ERROR] Failed to load resource: net::ERR_CONNECTION_REFUSED @ http://localhost:18501/_stcore/host-config:0
[13894272ms] [ERROR] Failed to load resource: net::ERR_CONNECTION_REFUSED @ http://localhost:18501/_stcore/health:0
[13894273ms] [ERROR] Client Error in reaching server endpoint - No response received when attempting to reach /_stcore/health @ http://localhost:18501/static/js/index.k-9rUdPI.js:19
[13894273ms] [ERROR] Is Streamlit still running? If you accidentally stopped Streamlit, just restart it in your terminal: @ http://localhost:18501/static/js/index.k-9rUdPI.js:24
[13894273ms] [ERROR] Failed to load resource: net::ERR_CONNECTION_REFUSED @ http://localhost:18501/_stcore/host-config:0
[13898608ms] [ERROR] Failed to load resource: net::ERR_CONNECTION_REFUSED @ http://localhost:18501/_stcore/health:0
[13898608ms] [ERROR] Client Error in reaching server endpoint - No response received when attempting to reach /_stcore/health @ http://localhost:18501/static/js/index.k-9rUdPI.js:19
[13898608ms] [ERROR] Is Streamlit still running? If you accidentally stopped Streamlit, just restart it in your terminal: @ http://localhost:18501/static/js/index.k-9rUdPI.js:24
[13898608ms] [ERROR] Failed to load resource: net::ERR_CONNECTION_REFUSED @ http://localhost:18501/_stcore/host-config:0
[13902946ms] [ERROR] Failed to load resource: net::ERR_CONNECTION_REFUSED @ http://localhost:18501/_stcore/health:0
[13902946ms] [ERROR] Client Error in reaching server endpoint - No response received when attempting to reach /_stcore/health @ http://localhost:18501/static/js/index.k-9rUdPI.js:19
[13902947ms] [ERROR] Is Streamlit still running? If you accidentally stopped Streamlit, just restart it in your terminal: @ http://localhost:18501/static/js/index.k-9rUdPI.js:24
[13902947ms] [ERROR] Failed to load resource: net::ERR_CONNECTION_REFUSED @ http://localhost:18501/_stcore/host-config:0
[13907288ms] [ERROR] Failed to load resource: net::ERR_CONNECTION_REFUSED @ http://localhost:18501/_stcore/health:0
[13907288ms] [ERROR] Client Error in reaching server endpoint - No response received when attempting to reach /_stcore/health @ http://localhost:18501/static/js/index.k-9rUdPI.js:19
[13907288ms] [ERROR] Is Streamlit still running? If you accidentally stopped Streamlit, just restart it in your terminal: @ http://localhost:18501/static/js/index.k-9rUdPI.js:24
[13907288ms] [ERROR] Failed to load resource: net::ERR_CONNECTION_REFUSED @ http://localhost:18501/_stcore/host-config:0
[13911625ms] [ERROR] Failed to load resource: net::ERR_CONNECTION_REFUSED @ http://localhost:18501/_stcore/health:0
[13911625ms] [ERROR] Client Error in reaching server endpoint - No response received when attempting to reach /_stcore/health @ http://localhost:18501/static/js/index.k-9rUdPI.js:19
[13911625ms] [ERROR] Is Streamlit still running? If you accidentally stopped Streamlit, just restart it in your terminal: @ http://localhost:18501/static/js/index.k-9rUdPI.js:24
[13911625ms] [ERROR] Failed to load resource: net::ERR_CONNECTION_REFUSED @ http://localhost:18501/_stcore/host-config:0
[13915967ms] [ERROR] Failed to load resource: net::ERR_CONNECTION_REFUSED @ http://localhost:18501/_stcore/health:0
[13915967ms] [ERROR] Client Error in reaching server endpoint - No response received when attempting to reach /_stcore/health @ http://localhost:18501/static/js/index.k-9rUdPI.js:19
[13915967ms] [ERROR] Is Streamlit still running? If you accidentally stopped Streamlit, just restart it in your terminal: @ http://localhost:18501/static/js/index.k-9rUdPI.js:24
[13915997ms] [ERROR] Failed to load resource: net::ERR_CONNECTION_REFUSED @ http://localhost:18501/_stcore/host-config:0
[13920319ms] [ERROR] Failed to load resource: net::ERR_CONNECTION_REFUSED @ http://localhost:18501/_stcore/health:0
[13920320ms] [ERROR] Client Error in reaching server endpoint - No response received when attempting to reach /_stcore/health @ http://localhost:18501/static/js/index.k-9rUdPI.js:19
[13920320ms] [ERROR] Is Streamlit still running? If you accidentally stopped Streamlit, just restart it in your terminal: @ http://localhost:18501/static/js/index.k-9rUdPI.js:24
[13920320ms] [ERROR] Failed to load resource: net::ERR_CONNECTION_REFUSED @ http://localhost:18501/_stcore/host-config:0
[13924645ms] [ERROR] Failed to load resource: net::ERR_CONNECTION_REFUSED @ http://localhost:18501/_stcore/health:0
[13924646ms] [ERROR] Client Error in reaching server endpoint - No response received when attempting to reach /_stcore/health @ http://localhost:18501/static/js/index.k-9rUdPI.js:19
[13924646ms] [ERROR] Is Streamlit still running? If you accidentally stopped Streamlit, just restart it in your terminal: @ http://localhost:18501/static/js/index.k-9rUdPI.js:24
[13924646ms] [ERROR] Failed to load resource: net::ERR_CONNECTION_REFUSED @ http://localhost:18501/_stcore/host-config:0
[13928980ms] [ERROR] Failed to load resource: net::ERR_CONNECTION_REFUSED @ http://localhost:18501/_stcore/health:0
[13928980ms] [ERROR] Client Error in reaching server endpoint - No response received when attempting to reach /_stcore/health @ http://localhost:18501/static/js/index.k-9rUdPI.js:19
[13928980ms] [ERROR] Is Streamlit still running? If you accidentally stopped Streamlit, just restart it in your terminal: @ http://localhost:18501/static/js/index.k-9rUdPI.js:24
[13928980ms] [ERROR] Failed to load resource: net::ERR_CONNECTION_REFUSED @ http://localhost:18501/_stcore/host-config:0
[13933312ms] [ERROR] Failed to load resource: net::ERR_CONNECTION_REFUSED @ http://localhost:18501/_stcore/health:0
[13933312ms] [ERROR] Client Error in reaching server endpoint - No response received when attempting to reach /_stcore/health @ http://localhost:18501/static/js/index.k-9rUdPI.js:19
[13933313ms] [ERROR] Is Streamlit still running? If you accidentally stopped Streamlit, just restart it in your terminal: @ http://localhost:18501/static/js/index.k-9rUdPI.js:24
[13933313ms] [ERROR] Failed to load resource: net::ERR_CONNECTION_REFUSED @ http://localhost:18501/_stcore/host-config:0
[13937652ms] [ERROR] Failed to load resource: net::ERR_CONNECTION_REFUSED @ http://localhost:18501/_stcore/health:0
[13937652ms] [ERROR] Client Error in reaching server endpoint - No response received when attempting to reach /_stcore/health @ http://localhost:18501/static/js/index.k-9rUdPI.js:19
[13937652ms] [ERROR] Is Streamlit still running? If you accidentally stopped Streamlit, just restart it in your terminal: @ http://localhost:18501/static/js/index.k-9rUdPI.js:24
[13937652ms] [ERROR] Failed to load resource: net::ERR_CONNECTION_REFUSED @ http://localhost:18501/_stcore/host-config:0
[13941973ms] [ERROR] Failed to load resource: net::ERR_CONNECTION_REFUSED @ http://localhost:18501/_stcore/health:0
[13941973ms] [ERROR] Client Error in reaching server endpoint - No response received when attempting to reach /_stcore/health @ http://localhost:18501/static/js/index.k-9rUdPI.js:19
[13941973ms] [ERROR] Is Streamlit still running? If you accidentally stopped Streamlit, just restart it in your terminal: @ http://localhost:18501/static/js/index.k-9rUdPI.js:24
[13942000ms] [ERROR] Failed to load resource: net::ERR_CONNECTION_REFUSED @ http://localhost:18501/_stcore/host-config:0
[13946309ms] [ERROR] Failed to load resource: net::ERR_CONNECTION_REFUSED @ http://localhost:18501/_stcore/health:0
[13946309ms] [ERROR] Client Error in reaching server endpoint - No response received when attempting to reach /_stcore/health @ http://localhost:18501/static/js/index.k-9rUdPI.js:19
[13946309ms] [ERROR] Is Streamlit still running? If you accidentally stopped Streamlit, just restart it in your terminal: @ http://localhost:18501/static/js/index.k-9rUdPI.js:24
[13946309ms] [ERROR] Failed to load resource: net::ERR_CONNECTION_REFUSED @ http://localhost:18501/_stcore/host-config:0
[13950634ms] [ERROR] Failed to load resource: net::ERR_CONNECTION_REFUSED @ http://localhost:18501/_stcore/health:0
[13950634ms] [ERROR] Client Error in reaching server endpoint - No response received when attempting to reach /_stcore/health @ http://localhost:18501/static/js/index.k-9rUdPI.js:19
[13950634ms] [ERROR] Is Streamlit still running? If you accidentally stopped Streamlit, just restart it in your terminal: @ http://localhost:18501/static/js/index.k-9rUdPI.js:24
[13950635ms] [ERROR] Failed to load resource: net::ERR_CONNECTION_REFUSED @ http://localhost:18501/_stcore/host-config:0
[13954973ms] [ERROR] Failed to load resource: net::ERR_CONNECTION_REFUSED @ http://localhost:18501/_stcore/health:0
[13954973ms] [ERROR] Client Error in reaching server endpoint - No response received when attempting to reach /_stcore/health @ http://localhost:18501/static/js/index.k-9rUdPI.js:19
[13954973ms] [ERROR] Is Streamlit still running? If you accidentally stopped Streamlit, just restart it in your terminal: @ http://localhost:18501/static/js/index.k-9rUdPI.js:24
[13954999ms] [ERROR] Failed to load resource: net::ERR_CONNECTION_REFUSED @ http://localhost:18501/_stcore/host-config:0
[13959289ms] [ERROR] Failed to load resource: net::ERR_CONNECTION_REFUSED @ http://localhost:18501/_stcore/health:0
[13959289ms] [ERROR] Client Error in reaching server endpoint - No response received when attempting to reach /_stcore/health @ http://localhost:18501/static/js/index.k-9rUdPI.js:19
[13959289ms] [ERROR] Is Streamlit still running? If you accidentally stopped Streamlit, just restart it in your terminal: @ http://localhost:18501/static/js/index.k-9rUdPI.js:24
[13959290ms] [ERROR] Failed to load resource: net::ERR_CONNECTION_REFUSED @ http://localhost:18501/_stcore/host-config:0
[13963623ms] [ERROR] Failed to load resource: net::ERR_CONNECTION_REFUSED @ http://localhost:18501/_stcore/health:0
[13963623ms] [ERROR] Client Error in reaching server endpoint - No response received when attempting to reach /_stcore/health @ http://localhost:18501/static/js/index.k-9rUdPI.js:19
[13963623ms] [ERROR] Is Streamlit still running? If you accidentally stopped Streamlit, just restart it in your terminal: @ http://localhost:18501/static/js/index.k-9rUdPI.js:24
[13963623ms] [ERROR] Failed to load resource: net::ERR_CONNECTION_REFUSED @ http://localhost:18501/_stcore/host-config:0
[13967952ms] [ERROR] Failed to load resource: net::ERR_CONNECTION_REFUSED @ http://localhost:18501/_stcore/health:0
[13967952ms] [ERROR] Client Error in reaching server endpoint - No response received when attempting to reach /_stcore/health @ http://localhost:18501/static/js/index.k-9rUdPI.js:19
[13967952ms] [ERROR] Is Streamlit still running? If you accidentally stopped Streamlit, just restart it in your terminal: @ http://localhost:18501/static/js/index.k-9rUdPI.js:24
[13967975ms] [ERROR] Failed to load resource: net::ERR_CONNECTION_REFUSED @ http://localhost:18501/_stcore/host-config:0
[13972278ms] [ERROR] Failed to load resource: net::ERR_CONNECTION_REFUSED @ http://localhost:18501/_stcore/health:0
[13972278ms] [ERROR] Client Error in reaching server endpoint - No response received when attempting to reach /_stcore/health @ http://localhost:18501/static/js/index.k-9rUdPI.js:19
[13972278ms] [ERROR] Is Streamlit still running? If you accidentally stopped Streamlit, just restart it in your terminal: @ http://localhost:18501/static/js/index.k-9rUdPI.js:24
[13972279ms] [ERROR] Failed to load resource: net::ERR_CONNECTION_REFUSED @ http://localhost:18501/_stcore/host-config:0
[13976603ms] [ERROR] Failed to load resource: net::ERR_CONNECTION_REFUSED @ http://localhost:18501/_stcore/health:0
[13976603ms] [ERROR] Client Error in reaching server endpoint - No response received when attempting to reach /_stcore/health @ http://localhost:18501/static/js/index.k-9rUdPI.js:19
[13976604ms] [ERROR] Is Streamlit still running? If you accidentally stopped Streamlit, just restart it in your terminal: @ http://localhost:18501/static/js/index.k-9rUdPI.js:24
[13976626ms] [ERROR] Failed to load resource: net::ERR_CONNECTION_REFUSED @ http://localhost:18501/_stcore/host-config:0
[13980926ms] [ERROR] Failed to load resource: net::ERR_CONNECTION_REFUSED @ http://localhost:18501/_stcore/health:0
[13980926ms] [ERROR] Client Error in reaching server endpoint - No response received when attempting to reach /_stcore/health @ http://localhost:18501/static/js/index.k-9rUdPI.js:19
[13980926ms] [ERROR] Is Streamlit still running? If you accidentally stopped Streamlit, just restart it in your terminal: @ http://localhost:18501/static/js/index.k-9rUdPI.js:24
[13980928ms] [ERROR] Failed to load resource: net::ERR_CONNECTION_REFUSED @ http://localhost:18501/_stcore/host-config:0
[13985252ms] [ERROR] Failed to load resource: net::ERR_CONNECTION_REFUSED @ http://localhost:18501/_stcore/health:0
[13985252ms] [ERROR] Client Error in reaching server endpoint - No response received when attempting to reach /_stcore/health @ http://localhost:18501/static/js/index.k-9rUdPI.js:19
[13985253ms] [ERROR] Is Streamlit still running? If you accidentally stopped Streamlit, just restart it in your terminal: @ http://localhost:18501/static/js/index.k-9rUdPI.js:24
[13985253ms] [ERROR] Failed to load resource: net::ERR_CONNECTION_REFUSED @ http://localhost:18501/_stcore/host-config:0
[13989587ms] [ERROR] Failed to load resource: net::ERR_CONNECTION_REFUSED @ http://localhost:18501/_stcore/health:0
[13989587ms] [ERROR] Client Error in reaching server endpoint - No response received when attempting to reach /_stcore/health @ http://localhost:18501/static/js/index.k-9rUdPI.js:19
[13989587ms] [ERROR] Is Streamlit still running? If you accidentally stopped Streamlit, just restart it in your terminal: @ http://localhost:18501/static/js/index.k-9rUdPI.js:24
[13989587ms] [ERROR] Failed to load resource: net::ERR_CONNECTION_REFUSED @ http://localhost:18501/_stcore/host-config:0
[13993914ms] [ERROR] Failed to load resource: net::ERR_CONNECTION_REFUSED @ http://localhost:18501/_stcore/health:0
[13993914ms] [ERROR] Client Error in reaching server endpoint - No response received when attempting to reach /_stcore/health @ http://localhost:18501/static/js/index.k-9rUdPI.js:19
[13993914ms] [ERROR] Is Streamlit still running? If you accidentally stopped Streamlit, just restart it in your terminal: @ http://localhost:18501/static/js/index.k-9rUdPI.js:24
[13993938ms] [ERROR] Failed to load resource: net::ERR_CONNECTION_REFUSED @ http://localhost:18501/_stcore/host-config:0
[13998241ms] [ERROR] Failed to load resource: net::ERR_CONNECTION_REFUSED @ http://localhost:18501/_stcore/health:0
[13998241ms] [ERROR] Client Error in reaching server endpoint - No response received when attempting to reach /_stcore/health @ http://localhost:18501/static/js/index.k-9rUdPI.js:19
[13998241ms] [ERROR] Is Streamlit still running? If you accidentally stopped Streamlit, just restart it in your terminal: @ http://localhost:18501/static/js/index.k-9rUdPI.js:24
[13998267ms] [ERROR] Failed to load resource: net::ERR_CONNECTION_REFUSED @ http://localhost:18501/_stcore/host-config:0
[14002561ms] [ERROR] Failed to load resource: net::ERR_CONNECTION_REFUSED @ http://localhost:18501/_stcore/health:0
[14002562ms] [ERROR] Client Error in reaching server endpoint - No response received when attempting to reach /_stcore/health @ http://localhost:18501/static/js/index.k-9rUdPI.js:19
[14002562ms] [ERROR] Is Streamlit still running? If you accidentally stopped Streamlit, just restart it in your terminal: @ http://localhost:18501/static/js/index.k-9rUdPI.js:24
[14002562ms] [ERROR] Failed to load resource: net::ERR_CONNECTION_REFUSED @ http://localhost:18501/_stcore/host-config:0
[14006894ms] [ERROR] Failed to load resource: net::ERR_CONNECTION_REFUSED @ http://localhost:18501/_stcore/health:0
[14006895ms] [ERROR] Client Error in reaching server endpoint - No response received when attempting to reach /_stcore/health @ http://localhost:18501/static/js/index.k-9rUdPI.js:19
[14006895ms] [ERROR] Is Streamlit still running? If you accidentally stopped Streamlit, just restart it in your terminal: @ http://localhost:18501/static/js/index.k-9rUdPI.js:24
[14006895ms] [ERROR] Failed to load resource: net::ERR_CONNECTION_REFUSED @ http://localhost:18501/_stcore/host-config:0
[14011234ms] [ERROR] Failed to load resource: net::ERR_CONNECTION_REFUSED @ http://localhost:18501/_stcore/health:0
[14011234ms] [ERROR] Client Error in reaching server endpoint - No response received when attempting to reach /_stcore/health @ http://localhost:18501/static/js/index.k-9rUdPI.js:19
[14011234ms] [ERROR] Is Streamlit still running? If you accidentally stopped Streamlit, just restart it in your terminal: @ http://localhost:18501/static/js/index.k-9rUdPI.js:24
[14011234ms] [ERROR] Failed to load resource: net::ERR_CONNECTION_REFUSED @ http://localhost:18501/_stcore/host-config:0
[14015549ms] [ERROR] Failed to load resource: net::ERR_CONNECTION_REFUSED @ http://localhost:18501/_stcore/health:0
[14015549ms] [ERROR] Client Error in reaching server endpoint - No response received when attempting to reach /_stcore/health @ http://localhost:18501/static/js/index.k-9rUdPI.js:19
[14015550ms] [ERROR] Is Streamlit still running? If you accidentally stopped Streamlit, just restart it in your terminal: @ http://localhost:18501/static/js/index.k-9rUdPI.js:24
[14015550ms] [ERROR] Failed to load resource: net::ERR_CONNECTION_REFUSED @ http://localhost:18501/_stcore/host-config:0
[14019877ms] [ERROR] Failed to load resource: net::ERR_CONNECTION_REFUSED @ http://localhost:18501/_stcore/health:0
[14019877ms] [ERROR] Client Error in reaching server endpoint - No response received when attempting to reach /_stcore/health @ http://localhost:18501/static/js/index.k-9rUdPI.js:19
[14019877ms] [ERROR] Is Streamlit still running? If you accidentally stopped Streamlit, just restart it in your terminal: @ http://localhost:18501/static/js/index.k-9rUdPI.js:24
[14019878ms] [ERROR] Failed to load resource: net::ERR_CONNECTION_REFUSED @ http://localhost:18501/_stcore/host-config:0
[14024208ms] [ERROR] Failed to load resource: net::ERR_CONNECTION_REFUSED @ http://localhost:18501/_stcore/health:0
[14024209ms] [ERROR] Client Error in reaching server endpoint - No response received when attempting to reach /_stcore/health @ http://localhost:18501/static/js/index.k-9rUdPI.js:19
[14024209ms] [ERROR] Is Streamlit still running? If you accidentally stopped Streamlit, just restart it in your terminal: @ http://localhost:18501/static/js/index.k-9rUdPI.js:24
[14024209ms] [ERROR] Failed to load resource: net::ERR_CONNECTION_REFUSED @ http://localhost:18501/_stcore/host-config:0
[14028537ms] [ERROR] Failed to load resource: net::ERR_CONNECTION_REFUSED @ http://localhost:18501/_stcore/health:0
[14028538ms] [ERROR] Client Error in reaching server endpoint - No response received when attempting to reach /_stcore/health @ http://localhost:18501/static/js/index.k-9rUdPI.js:19
[14028538ms] [ERROR] Is Streamlit still running? If you accidentally stopped Streamlit, just restart it in your terminal: @ http://localhost:18501/static/js/index.k-9rUdPI.js:24
[14028538ms] [ERROR] Failed to load resource: net::ERR_CONNECTION_REFUSED @ http://localhost:18501/_stcore/host-config:0
[14032875ms] [ERROR] Failed to load resource: net::ERR_CONNECTION_REFUSED @ http://localhost:18501/_stcore/health:0
[14032875ms] [ERROR] Client Error in reaching server endpoint - No response received when attempting to reach /_stcore/health @ http://localhost:18501/static/js/index.k-9rUdPI.js:19
[14032875ms] [ERROR] Is Streamlit still running? If you accidentally stopped Streamlit, just restart it in your terminal: @ http://localhost:18501/static/js/index.k-9rUdPI.js:24
[14032875ms] [ERROR] Failed to load resource: net::ERR_CONNECTION_REFUSED @ http://localhost:18501/_stcore/host-config:0
[14037204ms] [ERROR] Failed to load resource: net::ERR_CONNECTION_REFUSED @ http://localhost:18501/_stcore/health:0
[14037205ms] [ERROR] Client Error in reaching server endpoint - No response received when attempting to reach /_stcore/health @ http://localhost:18501/static/js/index.k-9rUdPI.js:19
[14037205ms] [ERROR] Is Streamlit still running? If you accidentally stopped Streamlit, just restart it in your terminal: @ http://localhost:18501/static/js/index.k-9rUdPI.js:24
[14037205ms] [ERROR] Failed to load resource: net::ERR_CONNECTION_REFUSED @ http://localhost:18501/_stcore/host-config:0
[14041526ms] [ERROR] Failed to load resource: net::ERR_CONNECTION_REFUSED @ http://localhost:18501/_stcore/health:0
[14041526ms] [ERROR] Client Error in reaching server endpoint - No response received when attempting to reach /_stcore/health @ http://localhost:18501/static/js/index.k-9rUdPI.js:19
[14041526ms] [ERROR] Is Streamlit still running? If you accidentally stopped Streamlit, just restart it in your terminal: @ http://localhost:18501/static/js/index.k-9rUdPI.js:24
[14041526ms] [ERROR] Failed to load resource: net::ERR_CONNECTION_REFUSED @ http://localhost:18501/_stcore/host-config:0
[14045858ms] [ERROR] Failed to load resource: net::ERR_CONNECTION_REFUSED @ http://localhost:18501/_stcore/health:0
[14045858ms] [ERROR] Client Error in reaching server endpoint - No response received when attempting to reach /_stcore/health @ http://localhost:18501/static/js/index.k-9rUdPI.js:19
[14045858ms] [ERROR] Is Streamlit still running? If you accidentally stopped Streamlit, just restart it in your terminal: @ http://localhost:18501/static/js/index.k-9rUdPI.js:24
[14045859ms] [ERROR] Failed to load resource: net::ERR_CONNECTION_REFUSED @ http://localhost:18501/_stcore/host-config:0
[14050180ms] [ERROR] Failed to load resource: net::ERR_CONNECTION_REFUSED @ http://localhost:18501/_stcore/health:0
[14050180ms] [ERROR] Client Error in reaching server endpoint - No response received when attempting to reach /_stcore/health @ http://localhost:18501/static/js/index.k-9rUdPI.js:19
[14050181ms] [ERROR] Is Streamlit still running? If you accidentally stopped Streamlit, just restart it in your terminal: @ http://localhost:18501/static/js/index.k-9rUdPI.js:24
[14050208ms] [ERROR] Failed to load resource: net::ERR_CONNECTION_REFUSED @ http://localhost:18501/_stcore/host-config:0
[14054501ms] [ERROR] Failed to load resource: net::ERR_CONNECTION_REFUSED @ http://localhost:18501/_stcore/health:0
[14054501ms] [ERROR] Client Error in reaching server endpoint - No response received when attempting to reach /_stcore/health @ http://localhost:18501/static/js/index.k-9rUdPI.js:19
[14054502ms] [ERROR] Is Streamlit still running? If you accidentally stopped Streamlit, just restart it in your terminal: @ http://localhost:18501/static/js/index.k-9rUdPI.js:24
[14054528ms] [ERROR] Failed to load resource: net::ERR_CONNECTION_REFUSED @ http://localhost:18501/_stcore/host-config:0
[14058834ms] [ERROR] Failed to load resource: net::ERR_CONNECTION_REFUSED @ http://localhost:18501/_stcore/health:0
[14058834ms] [ERROR] Client Error in reaching server endpoint - No response received when attempting to reach /_stcore/health @ http://localhost:18501/static/js/index.k-9rUdPI.js:19
[14058834ms] [ERROR] Is Streamlit still running? If you accidentally stopped Streamlit, just restart it in your terminal: @ http://localhost:18501/static/js/index.k-9rUdPI.js:24
[14058835ms] [ERROR] Failed to load resource: net::ERR_CONNECTION_REFUSED @ http://localhost:18501/_stcore/host-config:0
[14063155ms] [ERROR] Failed to load resource: net::ERR_CONNECTION_REFUSED @ http://localhost:18501/_stcore/health:0
[14063155ms] [ERROR] Client Error in reaching server endpoint - No response received when attempting to reach /_stcore/health @ http://localhost:18501/static/js/index.k-9rUdPI.js:19
[14063155ms] [ERROR] Is Streamlit still running? If you accidentally stopped Streamlit, just restart it in your terminal: @ http://localhost:18501/static/js/index.k-9rUdPI.js:24
[14063155ms] [ERROR] Failed to load resource: net::ERR_CONNECTION_REFUSED @ http://localhost:18501/_stcore/host-config:0
[14067490ms] [ERROR] Failed to load resource: net::ERR_CONNECTION_REFUSED @ http://localhost:18501/_stcore/health:0
[14067490ms] [ERROR] Client Error in reaching server endpoint - No response received when attempting to reach /_stcore/health @ http://localhost:18501/static/js/index.k-9rUdPI.js:19
[14067490ms] [ERROR] Is Streamlit still running? If you accidentally stopped Streamlit, just restart it in your terminal: @ http://localhost:18501/static/js/index.k-9rUdPI.js:24
[14067490ms] [ERROR] Failed to load resource: net::ERR_CONNECTION_REFUSED @ http://localhost:18501/_stcore/host-config:0
[14071821ms] [ERROR] Failed to load resource: net::ERR_CONNECTION_REFUSED @ http://localhost:18501/_stcore/health:0
[14071821ms] [ERROR] Client Error in reaching server endpoint - No response received when attempting to reach /_stcore/health @ http://localhost:18501/static/js/index.k-9rUdPI.js:19
[14071821ms] [ERROR] Is Streamlit still running? If you accidentally stopped Streamlit, just restart it in your terminal: @ http://localhost:18501/static/js/index.k-9rUdPI.js:24
[14071821ms] [ERROR] Failed to load resource: net::ERR_CONNECTION_REFUSED @ http://localhost:18501/_stcore/host-config:0
[14076143ms] [ERROR] Failed to load resource: net::ERR_CONNECTION_REFUSED @ http://localhost:18501/_stcore/health:0
[14076143ms] [ERROR] Client Error in reaching server endpoint - No response received when attempting to reach /_stcore/health @ http://localhost:18501/static/js/index.k-9rUdPI.js:19
[14076144ms] [ERROR] Is Streamlit still running? If you accidentally stopped Streamlit, just restart it in your terminal: @ http://localhost:18501/static/js/index.k-9rUdPI.js:24
[14076144ms] [ERROR] Failed to load resource: net::ERR_CONNECTION_REFUSED @ http://localhost:18501/_stcore/host-config:0
[14080462ms] [ERROR] Failed to load resource: net::ERR_CONNECTION_REFUSED @ http://localhost:18501/_stcore/health:0
[14080462ms] [ERROR] Client Error in reaching server endpoint - No response received when attempting to reach /_stcore/health @ http://localhost:18501/static/js/index.k-9rUdPI.js:19
[14080462ms] [ERROR] Is Streamlit still running? If you accidentally stopped Streamlit, just restart it in your terminal: @ http://localhost:18501/static/js/index.k-9rUdPI.js:24
[14080463ms] [ERROR] Failed to load resource: net::ERR_CONNECTION_REFUSED @ http://localhost:18501/_stcore/host-config:0
[14084788ms] [ERROR] Failed to load resource: net::ERR_CONNECTION_REFUSED @ http://localhost:18501/_stcore/health:0
[14084788ms] [ERROR] Client Error in reaching server endpoint - No response received when attempting to reach /_stcore/health @ http://localhost:18501/static/js/index.k-9rUdPI.js:19
[14084788ms] [ERROR] Is Streamlit still running? If you accidentally stopped Streamlit, just restart it in your terminal: @ http://localhost:18501/static/js/index.k-9rUdPI.js:24
[14084788ms] [ERROR] Failed to load resource: net::ERR_CONNECTION_REFUSED @ http://localhost:18501/_stcore/host-config:0
[14089107ms] [ERROR] Failed to load resource: net::ERR_CONNECTION_REFUSED @ http://localhost:18501/_stcore/health:0
[14089107ms] [ERROR] Client Error in reaching server endpoint - No response received when attempting to reach /_stcore/health @ http://localhost:18501/static/js/index.k-9rUdPI.js:19
[14089107ms] [ERROR] Is Streamlit still running? If you accidentally stopped Streamlit, just restart it in your terminal: @ http://localhost:18501/static/js/index.k-9rUdPI.js:24
[14089108ms] [ERROR] Failed to load resource: net::ERR_CONNECTION_REFUSED @ http://localhost:18501/_stcore/host-config:0
[14093448ms] [ERROR] Failed to load resource: net::ERR_CONNECTION_REFUSED @ http://localhost:18501/_stcore/health:0
[14093448ms] [ERROR] Client Error in reaching server endpoint - No response received when attempting to reach /_stcore/health @ http://localhost:18501/static/js/index.k-9rUdPI.js:19
[14093449ms] [ERROR] Is Streamlit still running? If you accidentally stopped Streamlit, just restart it in your terminal: @ http://localhost:18501/static/js/index.k-9rUdPI.js:24
[14093449ms] [ERROR] Failed to load resource: net::ERR_CONNECTION_REFUSED @ http://localhost:18501/_stcore/host-config:0
[14097786ms] [ERROR] Failed to load resource: net::ERR_CONNECTION_REFUSED @ http://localhost:18501/_stcore/health:0
[14097786ms] [ERROR] Client Error in reaching server endpoint - No response received when attempting to reach /_stcore/health @ http://localhost:18501/static/js/index.k-9rUdPI.js:19
[14097786ms] [ERROR] Is Streamlit still running? If you accidentally stopped Streamlit, just restart it in your terminal: @ http://localhost:18501/static/js/index.k-9rUdPI.js:24
[14097787ms] [ERROR] Failed to load resource: net::ERR_CONNECTION_REFUSED @ http://localhost:18501/_stcore/host-config:0
[14102107ms] [ERROR] Failed to load resource: net::ERR_CONNECTION_REFUSED @ http://localhost:18501/_stcore/health:0
[14102107ms] [ERROR] Client Error in reaching server endpoint - No response received when attempting to reach /_stcore/health @ http://localhost:18501/static/js/index.k-9rUdPI.js:19
[14102107ms] [ERROR] Is Streamlit still running? If you accidentally stopped Streamlit, just restart it in your terminal: @ http://localhost:18501/static/js/index.k-9rUdPI.js:24
[14102108ms] [ERROR] Failed to load resource: net::ERR_CONNECTION_REFUSED @ http://localhost:18501/_stcore/host-config:0
[14106430ms] [ERROR] Failed to load resource: net::ERR_CONNECTION_REFUSED @ http://localhost:18501/_stcore/health:0
[14106430ms] [ERROR] Client Error in reaching server endpoint - No response received when attempting to reach /_stcore/health @ http://localhost:18501/static/js/index.k-9rUdPI.js:19
[14106430ms] [ERROR] Is Streamlit still running? If you accidentally stopped Streamlit, just restart it in your terminal: @ http://localhost:18501/static/js/index.k-9rUdPI.js:24
[14106430ms] [ERROR] Failed to load resource: net::ERR_CONNECTION_REFUSED @ http://localhost:18501/_stcore/host-config:0
[14110755ms] [ERROR] Failed to load resource: net::ERR_CONNECTION_REFUSED @ http://localhost:18501/_stcore/health:0
[14110756ms] [ERROR] Client Error in reaching server endpoint - No response received when attempting to reach /_stcore/health @ http://localhost:18501/static/js/index.k-9rUdPI.js:19
[14110756ms] [ERROR] Is Streamlit still running? If you accidentally stopped Streamlit, just restart it in your terminal: @ http://localhost:18501/static/js/index.k-9rUdPI.js:24
[14110782ms] [ERROR] Failed to load resource: net::ERR_CONNECTION_REFUSED @ http://localhost:18501/_stcore/host-config:0
[14115071ms] [ERROR] Failed to load resource: net::ERR_CONNECTION_REFUSED @ http://localhost:18501/_stcore/health:0
[14115072ms] [ERROR] Client Error in reaching server endpoint - No response received when attempting to reach /_stcore/health @ http://localhost:18501/static/js/index.k-9rUdPI.js:19
[14115072ms] [ERROR] Is Streamlit still running? If you accidentally stopped Streamlit, just restart it in your terminal: @ http://localhost:18501/static/js/index.k-9rUdPI.js:24
[14115094ms] [ERROR] Failed to load resource: net::ERR_CONNECTION_REFUSED @ http://localhost:18501/_stcore/host-config:0
[14119393ms] [ERROR] Failed to load resource: net::ERR_CONNECTION_REFUSED @ http://localhost:18501/_stcore/health:0
[14119393ms] [ERROR] Client Error in reaching server endpoint - No response received when attempting to reach /_stcore/health @ http://localhost:18501/static/js/index.k-9rUdPI.js:19
[14119393ms] [ERROR] Is Streamlit still running? If you accidentally stopped Streamlit, just restart it in your terminal: @ http://localhost:18501/static/js/index.k-9rUdPI.js:24
[14119393ms] [ERROR] Failed to load resource: net::ERR_CONNECTION_REFUSED @ http://localhost:18501/_stcore/host-config:0
[14123717ms] [ERROR] Failed to load resource: net::ERR_CONNECTION_REFUSED @ http://localhost:18501/_stcore/health:0
[14123718ms] [ERROR] Client Error in reaching server endpoint - No response received when attempting to reach /_stcore/health @ http://localhost:18501/static/js/index.k-9rUdPI.js:19
[14123718ms] [ERROR] Is Streamlit still running? If you accidentally stopped Streamlit, just restart it in your terminal: @ http://localhost:18501/static/js/index.k-9rUdPI.js:24
[14123742ms] [ERROR] Failed to load resource: net::ERR_CONNECTION_REFUSED @ http://localhost:18501/_stcore/host-config:0
[14128032ms] [ERROR] Failed to load resource: net::ERR_CONNECTION_REFUSED @ http://localhost:18501/_stcore/health:0
[14128032ms] [ERROR] Client Error in reaching server endpoint - No response received when attempting to reach /_stcore/health @ http://localhost:18501/static/js/index.k-9rUdPI.js:19
[14128033ms] [ERROR] Is Streamlit still running? If you accidentally stopped Streamlit, just restart it in your terminal: @ http://localhost:18501/static/js/index.k-9rUdPI.js:24
[14128033ms] [ERROR] Failed to load resource: net::ERR_CONNECTION_REFUSED @ http://localhost:18501/_stcore/host-config:0
[14132352ms] [ERROR] Failed to load resource: net::ERR_CONNECTION_REFUSED @ http://localhost:18501/_stcore/health:0
[14132352ms] [ERROR] Client Error in reaching server endpoint - No response received when attempting to reach /_stcore/health @ http://localhost:18501/static/js/index.k-9rUdPI.js:19
[14132352ms] [ERROR] Is Streamlit still running? If you accidentally stopped Streamlit, just restart it in your terminal: @ http://localhost:18501/static/js/index.k-9rUdPI.js:24
[14132354ms] [ERROR] Failed to load resource: net::ERR_CONNECTION_REFUSED @ http://localhost:18501/_stcore/host-config:0
[14136687ms] [ERROR] Failed to load resource: net::ERR_CONNECTION_REFUSED @ http://localhost:18501/_stcore/health:0
[14136687ms] [ERROR] Client Error in reaching server endpoint - No response received when attempting to reach /_stcore/health @ http://localhost:18501/static/js/index.k-9rUdPI.js:19
[14136688ms] [ERROR] Is Streamlit still running? If you accidentally stopped Streamlit, just restart it in your terminal: @ http://localhost:18501/static/js/index.k-9rUdPI.js:24
[14136712ms] [ERROR] Failed to load resource: net::ERR_CONNECTION_REFUSED @ http://localhost:18501/_stcore/host-config:0
[14141000ms] [ERROR] Failed to load resource: net::ERR_CONNECTION_REFUSED @ http://localhost:18501/_stcore/health:0
[14141001ms] [ERROR] Client Error in reaching server endpoint - No response received when attempting to reach /_stcore/health @ http://localhost:18501/static/js/index.k-9rUdPI.js:19
[14141001ms] [ERROR] Is Streamlit still running? If you accidentally stopped Streamlit, just restart it in your terminal: @ http://localhost:18501/static/js/index.k-9rUdPI.js:24
[14141028ms] [ERROR] Failed to load resource: net::ERR_CONNECTION_REFUSED @ http://localhost:18501/_stcore/host-config:0
[14145338ms] [ERROR] Failed to load resource: net::ERR_CONNECTION_REFUSED @ http://localhost:18501/_stcore/health:0
[14145338ms] [ERROR] Client Error in reaching server endpoint - No response received when attempting to reach /_stcore/health @ http://localhost:18501/static/js/index.k-9rUdPI.js:19
[14145338ms] [ERROR] Is Streamlit still running? If you accidentally stopped Streamlit, just restart it in your terminal: @ http://localhost:18501/static/js/index.k-9rUdPI.js:24
[14145338ms] [ERROR] Failed to load resource: net::ERR_CONNECTION_REFUSED @ http://localhost:18501/_stcore/host-config:0
[14149666ms] [ERROR] Failed to load resource: net::ERR_CONNECTION_REFUSED @ http://localhost:18501/_stcore/health:0
[14149666ms] [ERROR] Client Error in reaching server endpoint - No response received when attempting to reach /_stcore/health @ http://localhost:18501/static/js/index.k-9rUdPI.js:19
[14149666ms] [ERROR] Is Streamlit still running? If you accidentally stopped Streamlit, just restart it in your terminal: @ http://localhost:18501/static/js/index.k-9rUdPI.js:24
[14149666ms] [ERROR] Failed to load resource: net::ERR_CONNECTION_REFUSED @ http://localhost:18501/_stcore/host-config:0
[14153997ms] [ERROR] Failed to load resource: net::ERR_CONNECTION_REFUSED @ http://localhost:18501/_stcore/health:0
[14153997ms] [ERROR] Client Error in reaching server endpoint - No response received when attempting to reach /_stcore/health @ http://localhost:18501/static/js/index.k-9rUdPI.js:19
[14153997ms] [ERROR] Is Streamlit still running? If you accidentally stopped Streamlit, just restart it in your terminal: @ http://localhost:18501/static/js/index.k-9rUdPI.js:24
[14153997ms] [ERROR] Failed to load resource: net::ERR_CONNECTION_REFUSED @ http://localhost:18501/_stcore/host-config:0
[14158333ms] [ERROR] Failed to load resource: net::ERR_CONNECTION_REFUSED @ http://localhost:18501/_stcore/health:0
[14158333ms] [ERROR] Client Error in reaching server endpoint - No response received when attempting to reach /_stcore/health @ http://localhost:18501/static/js/index.k-9rUdPI.js:19
[14158333ms] [ERROR] Is Streamlit still running? If you accidentally stopped Streamlit, just restart it in your terminal: @ http://localhost:18501/static/js/index.k-9rUdPI.js:24
[14158334ms] [ERROR] Failed to load resource: net::ERR_CONNECTION_REFUSED @ http://localhost:18501/_stcore/host-config:0
[14162665ms] [ERROR] Failed to load resource: net::ERR_CONNECTION_REFUSED @ http://localhost:18501/_stcore/health:0
[14162665ms] [ERROR] Client Error in reaching server endpoint - No response received when attempting to reach /_stcore/health @ http://localhost:18501/static/js/index.k-9rUdPI.js:19
[14162666ms] [ERROR] Is Streamlit still running? If you accidentally stopped Streamlit, just restart it in your terminal: @ http://localhost:18501/static/js/index.k-9rUdPI.js:24
[14162687ms] [ERROR] Failed to load resource: net::ERR_CONNECTION_REFUSED @ http://localhost:18501/_stcore/host-config:0
[14166986ms] [ERROR] Failed to load resource: net::ERR_CONNECTION_REFUSED @ http://localhost:18501/_stcore/health:0
[14166987ms] [ERROR] Client Error in reaching server endpoint - No response received when attempting to reach /_stcore/health @ http://localhost:18501/static/js/index.k-9rUdPI.js:19
[14166987ms] [ERROR] Is Streamlit still running? If you accidentally stopped Streamlit, just restart it in your terminal: @ http://localhost:18501/static/js/index.k-9rUdPI.js:24
[14166987ms] [ERROR] Failed to load resource: net::ERR_CONNECTION_REFUSED @ http://localhost:18501/_stcore/host-config:0
[14171320ms] [ERROR] Failed to load resource: net::ERR_CONNECTION_REFUSED @ http://localhost:18501/_stcore/health:0
[14171320ms] [ERROR] Client Error in reaching server endpoint - No response received when attempting to reach /_stcore/health @ http://localhost:18501/static/js/index.k-9rUdPI.js:19
[14171321ms] [ERROR] Is Streamlit still running? If you accidentally stopped Streamlit, just restart it in your terminal: @ http://localhost:18501/static/js/index.k-9rUdPI.js:24
[14171350ms] [ERROR] Failed to load resource: net::ERR_CONNECTION_REFUSED @ http://localhost:18501/_stcore/host-config:0
[14175643ms] [ERROR] Failed to load resource: net::ERR_CONNECTION_REFUSED @ http://localhost:18501/_stcore/health:0
[14175643ms] [ERROR] Client Error in reaching server endpoint - No response received when attempting to reach /_stcore/health @ http://localhost:18501/static/js/index.k-9rUdPI.js:19
[14175643ms] [ERROR] Is Streamlit still running? If you accidentally stopped Streamlit, just restart it in your terminal: @ http://localhost:18501/static/js/index.k-9rUdPI.js:24
[14175643ms] [ERROR] Failed to load resource: net::ERR_CONNECTION_REFUSED @ http://localhost:18501/_stcore/host-config:0
[14179966ms] [ERROR] Failed to load resource: net::ERR_CONNECTION_REFUSED @ http://localhost:18501/_stcore/health:0
[14179966ms] [ERROR] Client Error in reaching server endpoint - No response received when attempting to reach /_stcore/health @ http://localhost:18501/static/js/index.k-9rUdPI.js:19
[14179966ms] [ERROR] Is Streamlit still running? If you accidentally stopped Streamlit, just restart it in your terminal: @ http://localhost:18501/static/js/index.k-9rUdPI.js:24
[14179992ms] [ERROR] Failed to load resource: net::ERR_CONNECTION_REFUSED @ http://localhost:18501/_stcore/host-config:0
[14184302ms] [ERROR] Failed to load resource: net::ERR_CONNECTION_REFUSED @ http://localhost:18501/_stcore/health:0
[14184302ms] [ERROR] Client Error in reaching server endpoint - No response received when attempting to reach /_stcore/health @ http://localhost:18501/static/js/index.k-9rUdPI.js:19
[14184302ms] [ERROR] Is Streamlit still running? If you accidentally stopped Streamlit, just restart it in your terminal: @ http://localhost:18501/static/js/index.k-9rUdPI.js:24
[14184302ms] [ERROR] Failed to load resource: net::ERR_CONNECTION_REFUSED @ http://localhost:18501/_stcore/host-config:0
[14188626ms] [ERROR] Failed to load resource: net::ERR_CONNECTION_REFUSED @ http://localhost:18501/_stcore/health:0
[14188626ms] [ERROR] Client Error in reaching server endpoint - No response received when attempting to reach /_stcore/health @ http://localhost:18501/static/js/index.k-9rUdPI.js:19
[14188626ms] [ERROR] Is Streamlit still running? If you accidentally stopped Streamlit, just restart it in your terminal: @ http://localhost:18501/static/js/index.k-9rUdPI.js:24
[14188626ms] [ERROR] Failed to load resource: net::ERR_CONNECTION_REFUSED @ http://localhost:18501/_stcore/host-config:0
[14192952ms] [ERROR] Failed to load resource: net::ERR_CONNECTION_REFUSED @ http://localhost:18501/_stcore/health:0
[14192952ms] [ERROR] Client Error in reaching server endpoint - No response received when attempting to reach /_stcore/health @ http://localhost:18501/static/js/index.k-9rUdPI.js:19
[14192953ms] [ERROR] Is Streamlit still running? If you accidentally stopped Streamlit, just restart it in your terminal: @ http://localhost:18501/static/js/index.k-9rUdPI.js:24
[14192953ms] [ERROR] Failed to load resource: net::ERR_CONNECTION_REFUSED @ http://localhost:18501/_stcore/host-config:0
[14197290ms] [ERROR] Failed to load resource: net::ERR_CONNECTION_REFUSED @ http://localhost:18501/_stcore/health:0
[14197290ms] [ERROR] Client Error in reaching server endpoint - No response received when attempting to reach /_stcore/health @ http://localhost:18501/static/js/index.k-9rUdPI.js:19
[14197290ms] [ERROR] Is Streamlit still running? If you accidentally stopped Streamlit, just restart it in your terminal: @ http://localhost:18501/static/js/index.k-9rUdPI.js:24
[14197291ms] [ERROR] Failed to load resource: net::ERR_CONNECTION_REFUSED @ http://localhost:18501/_stcore/host-config:0
[14201610ms] [ERROR] Failed to load resource: net::ERR_CONNECTION_REFUSED @ http://localhost:18501/_stcore/health:0
[14201611ms] [ERROR] Client Error in reaching server endpoint - No response received when attempting to reach /_stcore/health @ http://localhost:18501/static/js/index.k-9rUdPI.js:19
[14201611ms] [ERROR] Is Streamlit still running? If you accidentally stopped Streamlit, just restart it in your terminal: @ http://localhost:18501/static/js/index.k-9rUdPI.js:24
[14201611ms] [ERROR] Failed to load resource: net::ERR_CONNECTION_REFUSED @ http://localhost:18501/_stcore/host-config:0
[14205939ms] [ERROR] Failed to load resource: net::ERR_CONNECTION_REFUSED @ http://localhost:18501/_stcore/health:0
[14205939ms] [ERROR] Client Error in reaching server endpoint - No response received when attempting to reach /_stcore/health @ http://localhost:18501/static/js/index.k-9rUdPI.js:19
[14205939ms] [ERROR] Is Streamlit still running? If you accidentally stopped Streamlit, just restart it in your terminal: @ http://localhost:18501/static/js/index.k-9rUdPI.js:24
[14205939ms] [ERROR] Failed to load resource: net::ERR_CONNECTION_REFUSED @ http://localhost:18501/_stcore/host-config:0
[14210273ms] [ERROR] Failed to load resource: net::ERR_CONNECTION_REFUSED @ http://localhost:18501/_stcore/health:0
[14210273ms] [ERROR] Client Error in reaching server endpoint - No response received when attempting to reach /_stcore/health @ http://localhost:18501/static/js/index.k-9rUdPI.js:19
[14210273ms] [ERROR] Is Streamlit still running? If you accidentally stopped Streamlit, just restart it in your terminal: @ http://localhost:18501/static/js/index.k-9rUdPI.js:24
[14210300ms] [ERROR] Failed to load resource: net::ERR_CONNECTION_REFUSED @ http://localhost:18501/_stcore/host-config:0
[14214592ms] [ERROR] Failed to load resource: net::ERR_CONNECTION_REFUSED @ http://localhost:18501/_stcore/health:0
[14214592ms] [ERROR] Client Error in reaching server endpoint - No response received when attempting to reach /_stcore/health @ http://localhost:18501/static/js/index.k-9rUdPI.js:19
[14214593ms] [ERROR] Is Streamlit still running? If you accidentally stopped Streamlit, just restart it in your terminal: @ http://localhost:18501/static/js/index.k-9rUdPI.js:24
[14214593ms] [ERROR] Failed to load resource: net::ERR_CONNECTION_REFUSED @ http://localhost:18501/_stcore/host-config:0
[14218926ms] [ERROR] Failed to load resource: net::ERR_CONNECTION_REFUSED @ http://localhost:18501/_stcore/health:0
[14218926ms] [ERROR] Client Error in reaching server endpoint - No response received when attempting to reach /_stcore/health @ http://localhost:18501/static/js/index.k-9rUdPI.js:19
[14218926ms] [ERROR] Is Streamlit still running? If you accidentally stopped Streamlit, just restart it in your terminal: @ http://localhost:18501/static/js/index.k-9rUdPI.js:24
[14218926ms] [ERROR] Failed to load resource: net::ERR_CONNECTION_REFUSED @ http://localhost:18501/_stcore/host-config:0
[14223252ms] [ERROR] Failed to load resource: net::ERR_CONNECTION_REFUSED @ http://localhost:18501/_stcore/health:0
[14223252ms] [ERROR] Client Error in reaching server endpoint - No response received when attempting to reach /_stcore/health @ http://localhost:18501/static/js/index.k-9rUdPI.js:19
[14223252ms] [ERROR] Is Streamlit still running? If you accidentally stopped Streamlit, just restart it in your terminal: @ http://localhost:18501/static/js/index.k-9rUdPI.js:24
[14223253ms] [ERROR] Failed to load resource: net::ERR_CONNECTION_REFUSED @ http://localhost:18501/_stcore/host-config:0
[14227573ms] [ERROR] Failed to load resource: net::ERR_CONNECTION_REFUSED @ http://localhost:18501/_stcore/health:0
[14227573ms] [ERROR] Client Error in reaching server endpoint - No response received when attempting to reach /_stcore/health @ http://localhost:18501/static/js/index.k-9rUdPI.js:19
[14227573ms] [ERROR] Is Streamlit still running? If you accidentally stopped Streamlit, just restart it in your terminal: @ http://localhost:18501/static/js/index.k-9rUdPI.js:24
[14227574ms] [ERROR] Failed to load resource: net::ERR_CONNECTION_REFUSED @ http://localhost:18501/_stcore/host-config:0
[14231900ms] [ERROR] Failed to load resource: net::ERR_CONNECTION_REFUSED @ http://localhost:18501/_stcore/health:0
[14231900ms] [ERROR] Client Error in reaching server endpoint - No response received when attempting to reach /_stcore/health @ http://localhost:18501/static/js/index.k-9rUdPI.js:19
[14231900ms] [ERROR] Is Streamlit still running? If you accidentally stopped Streamlit, just restart it in your terminal: @ http://localhost:18501/static/js/index.k-9rUdPI.js:24
[14231926ms] [ERROR] Failed to load resource: net::ERR_CONNECTION_REFUSED @ http://localhost:18501/_stcore/host-config:0
[14236224ms] [ERROR] Failed to load resource: net::ERR_CONNECTION_REFUSED @ http://localhost:18501/_stcore/health:0
[14236225ms] [ERROR] Client Error in reaching server endpoint - No response received when attempting to reach /_stcore/health @ http://localhost:18501/static/js/index.k-9rUdPI.js:19
[14236225ms] [ERROR] Is Streamlit still running? If you accidentally stopped Streamlit, just restart it in your terminal: @ http://localhost:18501/static/js/index.k-9rUdPI.js:24
[14236225ms] [ERROR] Failed to load resource: net::ERR_CONNECTION_REFUSED @ http://localhost:18501/_stcore/host-config:0
[14240544ms] [ERROR] Failed to load resource: net::ERR_CONNECTION_REFUSED @ http://localhost:18501/_stcore/health:0
[14240545ms] [ERROR] Client Error in reaching server endpoint - No response received when attempting to reach /_stcore/health @ http://localhost:18501/static/js/index.k-9rUdPI.js:19
[14240545ms] [ERROR] Is Streamlit still running? If you accidentally stopped Streamlit, just restart it in your terminal: @ http://localhost:18501/static/js/index.k-9rUdPI.js:24
[14240545ms] [ERROR] Failed to load resource: net::ERR_CONNECTION_REFUSED @ http://localhost:18501/_stcore/host-config:0
[14244872ms] [ERROR] Failed to load resource: net::ERR_CONNECTION_REFUSED @ http://localhost:18501/_stcore/health:0
[14244872ms] [ERROR] Client Error in reaching server endpoint - No response received when attempting to reach /_stcore/health @ http://localhost:18501/static/js/index.k-9rUdPI.js:19
[14244872ms] [ERROR] Is Streamlit still running? If you accidentally stopped Streamlit, just restart it in your terminal: @ http://localhost:18501/static/js/index.k-9rUdPI.js:24
[14244873ms] [ERROR] Failed to load resource: net::ERR_CONNECTION_REFUSED @ http://localhost:18501/_stcore/host-config:0
[14249186ms] [ERROR] Failed to load resource: net::ERR_CONNECTION_REFUSED @ http://localhost:18501/_stcore/health:0
[14249186ms] [ERROR] Client Error in reaching server endpoint - No response received when attempting to reach /_stcore/health @ http://localhost:18501/static/js/index.k-9rUdPI.js:19
[14249187ms] [ERROR] Is Streamlit still running? If you accidentally stopped Streamlit, just restart it in your terminal: @ http://localhost:18501/static/js/index.k-9rUdPI.js:24
[14249213ms] [ERROR] Failed to load resource: net::ERR_CONNECTION_REFUSED @ http://localhost:18501/_stcore/host-config:0
[14253526ms] [ERROR] Failed to load resource: net::ERR_CONNECTION_REFUSED @ http://localhost:18501/_stcore/health:0
[14253526ms] [ERROR] Client Error in reaching server endpoint - No response received when attempting to reach /_stcore/health @ http://localhost:18501/static/js/index.k-9rUdPI.js:19
[14253526ms] [ERROR] Is Streamlit still running? If you accidentally stopped Streamlit, just restart it in your terminal: @ http://localhost:18501/static/js/index.k-9rUdPI.js:24
[14253528ms] [ERROR] Failed to load resource: net::ERR_CONNECTION_REFUSED @ http://localhost:18501/_stcore/host-config:0
[14257860ms] [ERROR] Failed to load resource: net::ERR_CONNECTION_REFUSED @ http://localhost:18501/_stcore/health:0
[14257860ms] [ERROR] Client Error in reaching server endpoint - No response received when attempting to reach /_stcore/health @ http://localhost:18501/static/js/index.k-9rUdPI.js:19
[14257860ms] [ERROR] Is Streamlit still running? If you accidentally stopped Streamlit, just restart it in your terminal: @ http://localhost:18501/static/js/index.k-9rUdPI.js:24
[14257860ms] [ERROR] Failed to load resource: net::ERR_CONNECTION_REFUSED @ http://localhost:18501/_stcore/host-config:0
[14262190ms] [ERROR] Failed to load resource: net::ERR_CONNECTION_REFUSED @ http://localhost:18501/_stcore/health:0
[14262190ms] [ERROR] Client Error in reaching server endpoint - No response received when attempting to reach /_stcore/health @ http://localhost:18501/static/js/index.k-9rUdPI.js:19
[14262190ms] [ERROR] Is Streamlit still running? If you accidentally stopped Streamlit, just restart it in your terminal: @ http://localhost:18501/static/js/index.k-9rUdPI.js:24
[14262190ms] [ERROR] Failed to load resource: net::ERR_CONNECTION_REFUSED @ http://localhost:18501/_stcore/host-config:0
[14266526ms] [ERROR] Failed to load resource: net::ERR_CONNECTION_REFUSED @ http://localhost:18501/_stcore/health:0
[14266526ms] [ERROR] Client Error in reaching server endpoint - No response received when attempting to reach /_stcore/health @ http://localhost:18501/static/js/index.k-9rUdPI.js:19
[14266527ms] [ERROR] Is Streamlit still running? If you accidentally stopped Streamlit, just restart it in your terminal: @ http://localhost:18501/static/js/index.k-9rUdPI.js:24
[14266554ms] [ERROR] Failed to load resource: net::ERR_CONNECTION_REFUSED @ http://localhost:18501/_stcore/host-config:0
[14270874ms] [ERROR] Failed to load resource: net::ERR_CONNECTION_REFUSED @ http://localhost:18501/_stcore/health:0
[14270874ms] [ERROR] Client Error in reaching server endpoint - No response received when attempting to reach /_stcore/health @ http://localhost:18501/static/js/index.k-9rUdPI.js:19
[14270874ms] [ERROR] Is Streamlit still running? If you accidentally stopped Streamlit, just restart it in your terminal: @ http://localhost:18501/static/js/index.k-9rUdPI.js:24
[14270902ms] [ERROR] Failed to load resource: net::ERR_CONNECTION_REFUSED @ http://localhost:18501/_stcore/host-config:0
[14275206ms] [ERROR] Failed to load resource: net::ERR_CONNECTION_REFUSED @ http://localhost:18501/_stcore/health:0
[14275206ms] [ERROR] Client Error in reaching server endpoint - No response received when attempting to reach /_stcore/health @ http://localhost:18501/static/js/index.k-9rUdPI.js:19
[14275206ms] [ERROR] Is Streamlit still running? If you accidentally stopped Streamlit, just restart it in your terminal: @ http://localhost:18501/static/js/index.k-9rUdPI.js:24
[14275206ms] [ERROR] Failed to load resource: net::ERR_CONNECTION_REFUSED @ http://localhost:18501/_stcore/host-config:0
[14279538ms] [ERROR] Failed to load resource: net::ERR_CONNECTION_REFUSED @ http://localhost:18501/_stcore/health:0
[14279538ms] [ERROR] Client Error in reaching server endpoint - No response received when attempting to reach /_stcore/health @ http://localhost:18501/static/js/index.k-9rUdPI.js:19
[14279538ms] [ERROR] Is Streamlit still running? If you accidentally stopped Streamlit, just restart it in your terminal: @ http://localhost:18501/static/js/index.k-9rUdPI.js:24
[14279538ms] [ERROR] Failed to load resource: net::ERR_CONNECTION_REFUSED @ http://localhost:18501/_stcore/host-config:0
[14283865ms] [ERROR] Failed to load resource: net::ERR_CONNECTION_REFUSED @ http://localhost:18501/_stcore/health:0
[14283865ms] [ERROR] Client Error in reaching server endpoint - No response received when attempting to reach /_stcore/health @ http://localhost:18501/static/js/index.k-9rUdPI.js:19
[14283866ms] [ERROR] Is Streamlit still running? If you accidentally stopped Streamlit, just restart it in your terminal: @ http://localhost:18501/static/js/index.k-9rUdPI.js:24
[14283866ms] [ERROR] Failed to load resource: net::ERR_CONNECTION_REFUSED @ http://localhost:18501/_stcore/host-config:0
[14288200ms] [ERROR] Failed to load resource: net::ERR_CONNECTION_REFUSED @ http://localhost:18501/_stcore/health:0
[14288200ms] [ERROR] Client Error in reaching server endpoint - No response received when attempting to reach /_stcore/health @ http://localhost:18501/static/js/index.k-9rUdPI.js:19
[14288200ms] [ERROR] Is Streamlit still running? If you accidentally stopped Streamlit, just restart it in your terminal: @ http://localhost:18501/static/js/index.k-9rUdPI.js:24
[14288200ms] [ERROR] Failed to load resource: net::ERR_CONNECTION_REFUSED @ http://localhost:18501/_stcore/host-config:0
[14292526ms] [ERROR] Failed to load resource: net::ERR_CONNECTION_REFUSED @ http://localhost:18501/_stcore/health:0
[14292526ms] [ERROR] Client Error in reaching server endpoint - No response received when attempting to reach /_stcore/health @ http://localhost:18501/static/js/index.k-9rUdPI.js:19
[14292526ms] [ERROR] Is Streamlit still running? If you accidentally stopped Streamlit, just restart it in your terminal: @ http://localhost:18501/static/js/index.k-9rUdPI.js:24
[14292526ms] [ERROR] Failed to load resource: net::ERR_CONNECTION_REFUSED @ http://localhost:18501/_stcore/host-config:0
[14296847ms] [ERROR] Failed to load resource: net::ERR_CONNECTION_REFUSED @ http://localhost:18501/_stcore/health:0
[14296848ms] [ERROR] Client Error in reaching server endpoint - No response received when attempting to reach /_stcore/health @ http://localhost:18501/static/js/index.k-9rUdPI.js:19
[14296848ms] [ERROR] Is Streamlit still running? If you accidentally stopped Streamlit, just restart it in your terminal: @ http://localhost:18501/static/js/index.k-9rUdPI.js:24
[14296848ms] [ERROR] Failed to load resource: net::ERR_CONNECTION_REFUSED @ http://localhost:18501/_stcore/host-config:0
[14301168ms] [ERROR] Failed to load resource: net::ERR_CONNECTION_REFUSED @ http://localhost:18501/_stcore/health:0
[14301169ms] [ERROR] Client Error in reaching server endpoint - No response received when attempting to reach /_stcore/health @ http://localhost:18501/static/js/index.k-9rUdPI.js:19
[14301169ms] [ERROR] Is Streamlit still running? If you accidentally stopped Streamlit, just restart it in your terminal: @ http://localhost:18501/static/js/index.k-9rUdPI.js:24
[14301169ms] [ERROR] Failed to load resource: net::ERR_CONNECTION_REFUSED @ http://localhost:18501/_stcore/host-config:0
[14305484ms] [ERROR] Failed to load resource: net::ERR_CONNECTION_REFUSED @ http://localhost:18501/_stcore/health:0
[14305484ms] [ERROR] Client Error in reaching server endpoint - No response received when attempting to reach /_stcore/health @ http://localhost:18501/static/js/index.k-9rUdPI.js:19
[14305484ms] [ERROR] Is Streamlit still running? If you accidentally stopped Streamlit, just restart it in your terminal: @ http://localhost:18501/static/js/index.k-9rUdPI.js:24
[14305484ms] [ERROR] Failed to load resource: net::ERR_CONNECTION_REFUSED @ http://localhost:18501/_stcore/host-config:0
[14309805ms] [ERROR] Failed to load resource: net::ERR_CONNECTION_REFUSED @ http://localhost:18501/_stcore/health:0
[14309805ms] [ERROR] Client Error in reaching server endpoint - No response received when attempting to reach /_stcore/health @ http://localhost:18501/static/js/index.k-9rUdPI.js:19
[14309805ms] [ERROR] Is Streamlit still running? If you accidentally stopped Streamlit, just restart it in your terminal: @ http://localhost:18501/static/js/index.k-9rUdPI.js:24
[14309822ms] [ERROR] Failed to load resource: net::ERR_CONNECTION_REFUSED @ http://localhost:18501/_stcore/host-config:0
[14314138ms] [ERROR] Failed to load resource: net::ERR_CONNECTION_REFUSED @ http://localhost:18501/_stcore/health:0
[14314138ms] [ERROR] Client Error in reaching server endpoint - No response received when attempting to reach /_stcore/health @ http://localhost:18501/static/js/index.k-9rUdPI.js:19
[14314138ms] [ERROR] Is Streamlit still running? If you accidentally stopped Streamlit, just restart it in your terminal: @ http://localhost:18501/static/js/index.k-9rUdPI.js:24
[14314139ms] [ERROR] Failed to load resource: net::ERR_CONNECTION_REFUSED @ http://localhost:18501/_stcore/host-config:0
[14318478ms] [ERROR] Failed to load resource: net::ERR_CONNECTION_REFUSED @ http://localhost:18501/_stcore/health:0
[14318478ms] [ERROR] Client Error in reaching server endpoint - No response received when attempting to reach /_stcore/health @ http://localhost:18501/static/js/index.k-9rUdPI.js:19
[14318478ms] [ERROR] Is Streamlit still running? If you accidentally stopped Streamlit, just restart it in your terminal: @ http://localhost:18501/static/js/index.k-9rUdPI.js:24
[14318478ms] [ERROR] Failed to load resource: net::ERR_CONNECTION_REFUSED @ http://localhost:18501/_stcore/host-config:0
[14322806ms] [ERROR] Failed to load resource: net::ERR_CONNECTION_REFUSED @ http://localhost:18501/_stcore/health:0
[14322806ms] [ERROR] Client Error in reaching server endpoint - No response received when attempting to reach /_stcore/health @ http://localhost:18501/static/js/index.k-9rUdPI.js:19
[14322806ms] [ERROR] Is Streamlit still running? If you accidentally stopped Streamlit, just restart it in your terminal: @ http://localhost:18501/static/js/index.k-9rUdPI.js:24
[14322826ms] [ERROR] Failed to load resource: net::ERR_CONNECTION_REFUSED @ http://localhost:18501/_stcore/host-config:0
[14327135ms] [ERROR] Failed to load resource: net::ERR_CONNECTION_REFUSED @ http://localhost:18501/_stcore/health:0
[14327135ms] [ERROR] Client Error in reaching server endpoint - No response received when attempting to reach /_stcore/health @ http://localhost:18501/static/js/index.k-9rUdPI.js:19
[14327135ms] [ERROR] Is Streamlit still running? If you accidentally stopped Streamlit, just restart it in your terminal: @ http://localhost:18501/static/js/index.k-9rUdPI.js:24
[14327161ms] [ERROR] Failed to load resource: net::ERR_CONNECTION_REFUSED @ http://localhost:18501/_stcore/host-config:0
[14331461ms] [ERROR] Failed to load resource: net::ERR_CONNECTION_REFUSED @ http://localhost:18501/_stcore/health:0
[14331461ms] [ERROR] Client Error in reaching server endpoint - No response received when attempting to reach /_stcore/health @ http://localhost:18501/static/js/index.k-9rUdPI.js:19
[14331461ms] [ERROR] Is Streamlit still running? If you accidentally stopped Streamlit, just restart it in your terminal: @ http://localhost:18501/static/js/index.k-9rUdPI.js:24
[14331462ms] [ERROR] Failed to load resource: net::ERR_CONNECTION_REFUSED @ http://localhost:18501/_stcore/host-config:0
[14335781ms] [ERROR] Failed to load resource: net::ERR_CONNECTION_REFUSED @ http://localhost:18501/_stcore/health:0
[14335781ms] [ERROR] Client Error in reaching server endpoint - No response received when attempting to reach /_stcore/health @ http://localhost:18501/static/js/index.k-9rUdPI.js:19
[14335781ms] [ERROR] Is Streamlit still running? If you accidentally stopped Streamlit, just restart it in your terminal: @ http://localhost:18501/static/js/index.k-9rUdPI.js:24
[14335782ms] [ERROR] Failed to load resource: net::ERR_CONNECTION_REFUSED @ http://localhost:18501/_stcore/host-config:0
[14340102ms] [ERROR] Failed to load resource: net::ERR_CONNECTION_REFUSED @ http://localhost:18501/_stcore/health:0
[14340102ms] [ERROR] Client Error in reaching server endpoint - No response received when attempting to reach /_stcore/health @ http://localhost:18501/static/js/index.k-9rUdPI.js:19
[14340102ms] [ERROR] Is Streamlit still running? If you accidentally stopped Streamlit, just restart it in your terminal: @ http://localhost:18501/static/js/index.k-9rUdPI.js:24
[14340118ms] [ERROR] Failed to load resource: net::ERR_CONNECTION_REFUSED @ http://localhost:18501/_stcore/host-config:0
[14344418ms] [ERROR] Failed to load resource: net::ERR_CONNECTION_REFUSED @ http://localhost:18501/_stcore/health:0
[14344418ms] [ERROR] Client Error in reaching server endpoint - No response received when attempting to reach /_stcore/health @ http://localhost:18501/static/js/index.k-9rUdPI.js:19
[14344418ms] [ERROR] Is Streamlit still running? If you accidentally stopped Streamlit, just restart it in your terminal: @ http://localhost:18501/static/js/index.k-9rUdPI.js:24
[14344418ms] [ERROR] Failed to load resource: net::ERR_CONNECTION_REFUSED @ http://localhost:18501/_stcore/host-config:0
[14348741ms] [ERROR] Failed to load resource: net::ERR_CONNECTION_REFUSED @ http://localhost:18501/_stcore/health:0
[14348741ms] [ERROR] Client Error in reaching server endpoint - No response received when attempting to reach /_stcore/health @ http://localhost:18501/static/js/index.k-9rUdPI.js:19
[14348741ms] [ERROR] Is Streamlit still running? If you accidentally stopped Streamlit, just restart it in your terminal: @ http://localhost:18501/static/js/index.k-9rUdPI.js:24
[14348741ms] [ERROR] Failed to load resource: net::ERR_CONNECTION_REFUSED @ http://localhost:18501/_stcore/host-config:0
[14353061ms] [ERROR] Failed to load resource: net::ERR_CONNECTION_REFUSED @ http://localhost:18501/_stcore/health:0
[14353061ms] [ERROR] Client Error in reaching server endpoint - No response received when attempting to reach /_stcore/health @ http://localhost:18501/static/js/index.k-9rUdPI.js:19
[14353061ms] [ERROR] Is Streamlit still running? If you accidentally stopped Streamlit, just restart it in your terminal: @ http://localhost:18501/static/js/index.k-9rUdPI.js:24
[14353061ms] [ERROR] Failed to load resource: net::ERR_CONNECTION_REFUSED @ http://localhost:18501/_stcore/host-config:0
[14357397ms] [ERROR] Failed to load resource: net::ERR_CONNECTION_REFUSED @ http://localhost:18501/_stcore/health:0
[14357397ms] [ERROR] Client Error in reaching server endpoint - No response received when attempting to reach /_stcore/health @ http://localhost:18501/static/js/index.k-9rUdPI.js:19
[14357397ms] [ERROR] Is Streamlit still running? If you accidentally stopped Streamlit, just restart it in your terminal: @ http://localhost:18501/static/js/index.k-9rUdPI.js:24
[14357397ms] [ERROR] Failed to load resource: net::ERR_CONNECTION_REFUSED @ http://localhost:18501/_stcore/host-config:0
[14361721ms] [ERROR] Failed to load resource: net::ERR_CONNECTION_REFUSED @ http://localhost:18501/_stcore/health:0
[14361721ms] [ERROR] Client Error in reaching server endpoint - No response received when attempting to reach /_stcore/health @ http://localhost:18501/static/js/index.k-9rUdPI.js:19
[14361721ms] [ERROR] Is Streamlit still running? If you accidentally stopped Streamlit, just restart it in your terminal: @ http://localhost:18501/static/js/index.k-9rUdPI.js:24
[14361722ms] [ERROR] Failed to load resource: net::ERR_CONNECTION_REFUSED @ http://localhost:18501/_stcore/host-config:0
[14366043ms] [ERROR] Failed to load resource: net::ERR_CONNECTION_REFUSED @ http://localhost:18501/_stcore/health:0
[14366043ms] [ERROR] Client Error in reaching server endpoint - No response received when attempting to reach /_stcore/health @ http://localhost:18501/static/js/index.k-9rUdPI.js:19
[14366043ms] [ERROR] Is Streamlit still running? If you accidentally stopped Streamlit, just restart it in your terminal: @ http://localhost:18501/static/js/index.k-9rUdPI.js:24
[14366043ms] [ERROR] Failed to load resource: net::ERR_CONNECTION_REFUSED @ http://localhost:18501/_stcore/host-config:0
[14370385ms] [ERROR] Failed to load resource: net::ERR_CONNECTION_REFUSED @ http://localhost:18501/_stcore/health:0
[14370385ms] [ERROR] Client Error in reaching server endpoint - No response received when attempting to reach /_stcore/health @ http://localhost:18501/static/js/index.k-9rUdPI.js:19
[14370385ms] [ERROR] Is Streamlit still running? If you accidentally stopped Streamlit, just restart it in your terminal: @ http://localhost:18501/static/js/index.k-9rUdPI.js:24
[14370403ms] [ERROR] Failed to load resource: net::ERR_CONNECTION_REFUSED @ http://localhost:18501/_stcore/host-config:0
[14374720ms] [ERROR] Failed to load resource: net::ERR_CONNECTION_REFUSED @ http://localhost:18501/_stcore/health:0
[14374721ms] [ERROR] Client Error in reaching server endpoint - No response received when attempting to reach /_stcore/health @ http://localhost:18501/static/js/index.k-9rUdPI.js:19
[14374721ms] [ERROR] Is Streamlit still running? If you accidentally stopped Streamlit, just restart it in your terminal: @ http://localhost:18501/static/js/index.k-9rUdPI.js:24
[14374721ms] [ERROR] Failed to load resource: net::ERR_CONNECTION_REFUSED @ http://localhost:18501/_stcore/host-config:0
[14379055ms] [ERROR] Failed to load resource: net::ERR_CONNECTION_REFUSED @ http://localhost:18501/_stcore/health:0
[14379055ms] [ERROR] Client Error in reaching server endpoint - No response received when attempting to reach /_stcore/health @ http://localhost:18501/static/js/index.k-9rUdPI.js:19
[14379055ms] [ERROR] Is Streamlit still running? If you accidentally stopped Streamlit, just restart it in your terminal: @ http://localhost:18501/static/js/index.k-9rUdPI.js:24
[14379056ms] [ERROR] Failed to load resource: net::ERR_CONNECTION_REFUSED @ http://localhost:18501/_stcore/host-config:0
[14383387ms] [ERROR] Failed to load resource: net::ERR_CONNECTION_REFUSED @ http://localhost:18501/_stcore/health:0
[14383387ms] [ERROR] Client Error in reaching server endpoint - No response received when attempting to reach /_stcore/health @ http://localhost:18501/static/js/index.k-9rUdPI.js:19
[14383387ms] [ERROR] Is Streamlit still running? If you accidentally stopped Streamlit, just restart it in your terminal: @ http://localhost:18501/static/js/index.k-9rUdPI.js:24
[14383407ms] [ERROR] Failed to load resource: net::ERR_CONNECTION_REFUSED @ http://localhost:18501/_stcore/host-config:0
[14387726ms] [ERROR] Failed to load resource: net::ERR_CONNECTION_REFUSED @ http://localhost:18501/_stcore/health:0
[14387727ms] [ERROR] Client Error in reaching server endpoint - No response received when attempting to reach /_stcore/health @ http://localhost:18501/static/js/index.k-9rUdPI.js:19
[14387727ms] [ERROR] Is Streamlit still running? If you accidentally stopped Streamlit, just restart it in your terminal: @ http://localhost:18501/static/js/index.k-9rUdPI.js:24
[14387727ms] [ERROR] Failed to load resource: net::ERR_CONNECTION_REFUSED @ http://localhost:18501/_stcore/host-config:0
[14392048ms] [ERROR] Failed to load resource: net::ERR_CONNECTION_REFUSED @ http://localhost:18501/_stcore/health:0
[14392048ms] [ERROR] Client Error in reaching server endpoint - No response received when attempting to reach /_stcore/health @ http://localhost:18501/static/js/index.k-9rUdPI.js:19
[14392048ms] [ERROR] Is Streamlit still running? If you accidentally stopped Streamlit, just restart it in your terminal: @ http://localhost:18501/static/js/index.k-9rUdPI.js:24
[14392048ms] [ERROR] Failed to load resource: net::ERR_CONNECTION_REFUSED @ http://localhost:18501/_stcore/host-config:0
[14396377ms] [ERROR] Failed to load resource: net::ERR_CONNECTION_REFUSED @ http://localhost:18501/_stcore/health:0
[14396377ms] [ERROR] Client Error in reaching server endpoint - No response received when attempting to reach /_stcore/health @ http://localhost:18501/static/js/index.k-9rUdPI.js:19
[14396377ms] [ERROR] Is Streamlit still running? If you accidentally stopped Streamlit, just restart it in your terminal: @ http://localhost:18501/static/js/index.k-9rUdPI.js:24
[14396377ms] [ERROR] Failed to load resource: net::ERR_CONNECTION_REFUSED @ http://localhost:18501/_stcore/host-config:0
[14400690ms] [ERROR] Failed to load resource: net::ERR_CONNECTION_REFUSED @ http://localhost:18501/_stcore/health:0
[14400690ms] [ERROR] Client Error in reaching server endpoint - No response received when attempting to reach /_stcore/health @ http://localhost:18501/static/js/index.k-9rUdPI.js:19
[14400690ms] [ERROR] Is Streamlit still running? If you accidentally stopped Streamlit, just restart it in your terminal: @ http://localhost:18501/static/js/index.k-9rUdPI.js:24
[14400708ms] [ERROR] Failed to load resource: net::ERR_CONNECTION_REFUSED @ http://localhost:18501/_stcore/host-config:0
[14405030ms] [ERROR] Failed to load resource: net::ERR_CONNECTION_REFUSED @ http://localhost:18501/_stcore/health:0
[14405030ms] [ERROR] Client Error in reaching server endpoint - No response received when attempting to reach /_stcore/health @ http://localhost:18501/static/js/index.k-9rUdPI.js:19
[14405030ms] [ERROR] Is Streamlit still running? If you accidentally stopped Streamlit, just restart it in your terminal: @ http://localhost:18501/static/js/index.k-9rUdPI.js:24
[14405030ms] [ERROR] Failed to load resource: net::ERR_CONNECTION_REFUSED @ http://localhost:18501/_stcore/host-config:0
[14409363ms] [ERROR] Failed to load resource: net::ERR_CONNECTION_REFUSED @ http://localhost:18501/_stcore/health:0
[14409363ms] [ERROR] Client Error in reaching server endpoint - No response received when attempting to reach /_stcore/health @ http://localhost:18501/static/js/index.k-9rUdPI.js:19
[14409363ms] [ERROR] Is Streamlit still running? If you accidentally stopped Streamlit, just restart it in your terminal: @ http://localhost:18501/static/js/index.k-9rUdPI.js:24
[14409380ms] [ERROR] Failed to load resource: net::ERR_CONNECTION_REFUSED @ http://localhost:18501/_stcore/host-config:0
[14413690ms] [ERROR] Failed to load resource: net::ERR_CONNECTION_REFUSED @ http://localhost:18501/_stcore/health:0
[14413691ms] [ERROR] Client Error in reaching server endpoint - No response received when attempting to reach /_stcore/health @ http://localhost:18501/static/js/index.k-9rUdPI.js:19
[14413691ms] [ERROR] Is Streamlit still running? If you accidentally stopped Streamlit, just restart it in your terminal: @ http://localhost:18501/static/js/index.k-9rUdPI.js:24
[14413691ms] [ERROR] Failed to load resource: net::ERR_CONNECTION_REFUSED @ http://localhost:18501/_stcore/host-config:0
[14418030ms] [ERROR] Failed to load resource: net::ERR_CONNECTION_REFUSED @ http://localhost:18501/_stcore/health:0
[14418030ms] [ERROR] Client Error in reaching server endpoint - No response received when attempting to reach /_stcore/health @ http://localhost:18501/static/js/index.k-9rUdPI.js:19
[14418030ms] [ERROR] Is Streamlit still running? If you accidentally stopped Streamlit, just restart it in your terminal: @ http://localhost:18501/static/js/index.k-9rUdPI.js:24
[14418031ms] [ERROR] Failed to load resource: net::ERR_CONNECTION_REFUSED @ http://localhost:18501/_stcore/host-config:0
[14422376ms] [ERROR] Failed to load resource: net::ERR_CONNECTION_REFUSED @ http://localhost:18501/_stcore/health:0
[14422376ms] [ERROR] Client Error in reaching server endpoint - No response received when attempting to reach /_stcore/health @ http://localhost:18501/static/js/index.k-9rUdPI.js:19
[14422376ms] [ERROR] Is Streamlit still running? If you accidentally stopped Streamlit, just restart it in your terminal: @ http://localhost:18501/static/js/index.k-9rUdPI.js:24
[14422376ms] [ERROR] Failed to load resource: net::ERR_CONNECTION_REFUSED @ http://localhost:18501/_stcore/host-config:0
[14426712ms] [ERROR] Failed to load resource: net::ERR_CONNECTION_REFUSED @ http://localhost:18501/_stcore/health:0
[14426712ms] [ERROR] Client Error in reaching server endpoint - No response received when attempting to reach /_stcore/health @ http://localhost:18501/static/js/index.k-9rUdPI.js:19
[14426712ms] [ERROR] Is Streamlit still running? If you accidentally stopped Streamlit, just restart it in your terminal: @ http://localhost:18501/static/js/index.k-9rUdPI.js:24
[14426712ms] [ERROR] Failed to load resource: net::ERR_CONNECTION_REFUSED @ http://localhost:18501/_stcore/host-config:0
[14431058ms] [ERROR] Failed to load resource: net::ERR_CONNECTION_REFUSED @ http://localhost:18501/_stcore/health:0
[14431058ms] [ERROR] Client Error in reaching server endpoint - No response received when attempting to reach /_stcore/health @ http://localhost:18501/static/js/index.k-9rUdPI.js:19
[14431058ms] [ERROR] Is Streamlit still running? If you accidentally stopped Streamlit, just restart it in your terminal: @ http://localhost:18501/static/js/index.k-9rUdPI.js:24
[14431080ms] [ERROR] Failed to load resource: net::ERR_CONNECTION_REFUSED @ http://localhost:18501/_stcore/host-config:0
[14435391ms] [ERROR] Failed to load resource: net::ERR_CONNECTION_REFUSED @ http://localhost:18501/_stcore/health:0
[14435391ms] [ERROR] Client Error in reaching server endpoint - No response received when attempting to reach /_stcore/health @ http://localhost:18501/static/js/index.k-9rUdPI.js:19
[14435391ms] [ERROR] Is Streamlit still running? If you accidentally stopped Streamlit, just restart it in your terminal: @ http://localhost:18501/static/js/index.k-9rUdPI.js:24
[14435391ms] [ERROR] Failed to load resource: net::ERR_CONNECTION_REFUSED @ http://localhost:18501/_stcore/host-config:0
[14439729ms] [ERROR] Failed to load resource: net::ERR_CONNECTION_REFUSED @ http://localhost:18501/_stcore/health:0
[14439729ms] [ERROR] Client Error in reaching server endpoint - No response received when attempting to reach /_stcore/health @ http://localhost:18501/static/js/index.k-9rUdPI.js:19
[14439730ms] [ERROR] Is Streamlit still running? If you accidentally stopped Streamlit, just restart it in your terminal: @ http://localhost:18501/static/js/index.k-9rUdPI.js:24
[14439756ms] [ERROR] Failed to load resource: net::ERR_CONNECTION_REFUSED @ http://localhost:18501/_stcore/host-config:0
[14444073ms] [ERROR] Failed to load resource: net::ERR_CONNECTION_REFUSED @ http://localhost:18501/_stcore/health:0
[14444074ms] [ERROR] Client Error in reaching server endpoint - No response received when attempting to reach /_stcore/health @ http://localhost:18501/static/js/index.k-9rUdPI.js:19
[14444074ms] [ERROR] Is Streamlit still running? If you accidentally stopped Streamlit, just restart it in your terminal: @ http://localhost:18501/static/js/index.k-9rUdPI.js:24
[14444096ms] [ERROR] Failed to load resource: net::ERR_CONNECTION_REFUSED @ http://localhost:18501/_stcore/host-config:0
[14448396ms] [ERROR] Failed to load resource: net::ERR_CONNECTION_REFUSED @ http://localhost:18501/_stcore/health:0
[14448397ms] [ERROR] Client Error in reaching server endpoint - No response received when attempting to reach /_stcore/health @ http://localhost:18501/static/js/index.k-9rUdPI.js:19
[14448397ms] [ERROR] Is Streamlit still running? If you accidentally stopped Streamlit, just restart it in your terminal: @ http://localhost:18501/static/js/index.k-9rUdPI.js:24
[14448397ms] [ERROR] Failed to load resource: net::ERR_CONNECTION_REFUSED @ http://localhost:18501/_stcore/host-config:0
[14452723ms] [ERROR] Failed to load resource: net::ERR_CONNECTION_REFUSED @ http://localhost:18501/_stcore/health:0
[14452723ms] [ERROR] Client Error in reaching server endpoint - No response received when attempting to reach /_stcore/health @ http://localhost:18501/static/js/index.k-9rUdPI.js:19
[14452723ms] [ERROR] Is Streamlit still running? If you accidentally stopped Streamlit, just restart it in your terminal: @ http://localhost:18501/static/js/index.k-9rUdPI.js:24
[14452724ms] [ERROR] Failed to load resource: net::ERR_CONNECTION_REFUSED @ http://localhost:18501/_stcore/host-config:0
[14457038ms] [ERROR] Failed to load resource: net::ERR_CONNECTION_REFUSED @ http://localhost:18501/_stcore/health:0
[14457038ms] [ERROR] Client Error in reaching server endpoint - No response received when attempting to reach /_stcore/health @ http://localhost:18501/static/js/index.k-9rUdPI.js:19
[14457038ms] [ERROR] Is Streamlit still running? If you accidentally stopped Streamlit, just restart it in your terminal: @ http://localhost:18501/static/js/index.k-9rUdPI.js:24
[14457053ms] [ERROR] Failed to load resource: net::ERR_CONNECTION_REFUSED @ http://localhost:18501/_stcore/host-config:0
[14461363ms] [ERROR] Failed to load resource: net::ERR_CONNECTION_REFUSED @ http://localhost:18501/_stcore/health:0
[14461363ms] [ERROR] Client Error in reaching server endpoint - No response received when attempting to reach /_stcore/health @ http://localhost:18501/static/js/index.k-9rUdPI.js:19
[14461364ms] [ERROR] Is Streamlit still running? If you accidentally stopped Streamlit, just restart it in your terminal: @ http://localhost:18501/static/js/index.k-9rUdPI.js:24
[14461364ms] [ERROR] Failed to load resource: net::ERR_CONNECTION_REFUSED @ http://localhost:18501/_stcore/host-config:0
[14465679ms] [ERROR] Failed to load resource: net::ERR_CONNECTION_REFUSED @ http://localhost:18501/_stcore/health:0
[14465679ms] [ERROR] Client Error in reaching server endpoint - No response received when attempting to reach /_stcore/health @ http://localhost:18501/static/js/index.k-9rUdPI.js:19
[14465679ms] [ERROR] Is Streamlit still running? If you accidentally stopped Streamlit, just restart it in your terminal: @ http://localhost:18501/static/js/index.k-9rUdPI.js:24
[14465680ms] [ERROR] Failed to load resource: net::ERR_CONNECTION_REFUSED @ http://localhost:18501/_stcore/host-config:0
[14470000ms] [ERROR] Failed to load resource: net::ERR_CONNECTION_REFUSED @ http://localhost:18501/_stcore/health:0
[14470000ms] [ERROR] Client Error in reaching server endpoint - No response received when attempting to reach /_stcore/health @ http://localhost:18501/static/js/index.k-9rUdPI.js:19
[14470000ms] [ERROR] Is Streamlit still running? If you accidentally stopped Streamlit, just restart it in your terminal: @ http://localhost:18501/static/js/index.k-9rUdPI.js:24
[14470000ms] [ERROR] Failed to load resource: net::ERR_CONNECTION_REFUSED @ http://localhost:18501/_stcore/host-config:0
[14474333ms] [ERROR] Failed to load resource: net::ERR_CONNECTION_REFUSED @ http://localhost:18501/_stcore/health:0
[14474333ms] [ERROR] Client Error in reaching server endpoint - No response received when attempting to reach /_stcore/health @ http://localhost:18501/static/js/index.k-9rUdPI.js:19
[14474333ms] [ERROR] Is Streamlit still running? If you accidentally stopped Streamlit, just restart it in your terminal: @ http://localhost:18501/static/js/index.k-9rUdPI.js:24
[14474334ms] [ERROR] Failed to load resource: net::ERR_CONNECTION_REFUSED @ http://localhost:18501/_stcore/host-config:0
[14478660ms] [ERROR] Failed to load resource: net::ERR_CONNECTION_REFUSED @ http://localhost:18501/_stcore/health:0
[14478661ms] [ERROR] Client Error in reaching server endpoint - No response received when attempting to reach /_stcore/health @ http://localhost:18501/static/js/index.k-9rUdPI.js:19
[14478661ms] [ERROR] Is Streamlit still running? If you accidentally stopped Streamlit, just restart it in your terminal: @ http://localhost:18501/static/js/index.k-9rUdPI.js:24
[14478661ms] [ERROR] Failed to load resource: net::ERR_CONNECTION_REFUSED @ http://localhost:18501/_stcore/host-config:0
[14482983ms] [ERROR] Failed to load resource: net::ERR_CONNECTION_REFUSED @ http://localhost:18501/_stcore/health:0
[14482983ms] [ERROR] Client Error in reaching server endpoint - No response received when attempting to reach /_stcore/health @ http://localhost:18501/static/js/index.k-9rUdPI.js:19
[14482983ms] [ERROR] Is Streamlit still running? If you accidentally stopped Streamlit, just restart it in your terminal: @ http://localhost:18501/static/js/index.k-9rUdPI.js:24
[14482983ms] [ERROR] Failed to load resource: net::ERR_CONNECTION_REFUSED @ http://localhost:18501/_stcore/host-config:0
[14487305ms] [ERROR] Failed to load resource: net::ERR_CONNECTION_REFUSED @ http://localhost:18501/_stcore/health:0
[14487306ms] [ERROR] Client Error in reaching server endpoint - No response received when attempting to reach /_stcore/health @ http://localhost:18501/static/js/index.k-9rUdPI.js:19
[14487306ms] [ERROR] Is Streamlit still running? If you accidentally stopped Streamlit, just restart it in your terminal: @ http://localhost:18501/static/js/index.k-9rUdPI.js:24
[14487322ms] [ERROR] Failed to load resource: net::ERR_CONNECTION_REFUSED @ http://localhost:18501/_stcore/host-config:0
[14491624ms] [ERROR] Failed to load resource: net::ERR_CONNECTION_REFUSED @ http://localhost:18501/_stcore/health:0
[14491624ms] [ERROR] Client Error in reaching server endpoint - No response received when attempting to reach /_stcore/health @ http://localhost:18501/static/js/index.k-9rUdPI.js:19
[14491624ms] [ERROR] Is Streamlit still running? If you accidentally stopped Streamlit, just restart it in your terminal: @ http://localhost:18501/static/js/index.k-9rUdPI.js:24
[14491625ms] [ERROR] Failed to load resource: net::ERR_CONNECTION_REFUSED @ http://localhost:18501/_stcore/host-config:0
[14495949ms] [ERROR] Failed to load resource: net::ERR_CONNECTION_REFUSED @ http://localhost:18501/_stcore/health:0
[14495949ms] [ERROR] Client Error in reaching server endpoint - No response received when attempting to reach /_stcore/health @ http://localhost:18501/static/js/index.k-9rUdPI.js:19
[14495949ms] [ERROR] Is Streamlit still running? If you accidentally stopped Streamlit, just restart it in your terminal: @ http://localhost:18501/static/js/index.k-9rUdPI.js:24
[14495966ms] [ERROR] Failed to load resource: net::ERR_CONNECTION_REFUSED @ http://localhost:18501/_stcore/host-config:0
[14500273ms] [ERROR] Failed to load resource: net::ERR_CONNECTION_REFUSED @ http://localhost:18501/_stcore/health:0
[14500273ms] [ERROR] Client Error in reaching server endpoint - No response received when attempting to reach /_stcore/health @ http://localhost:18501/static/js/index.k-9rUdPI.js:19
[14500273ms] [ERROR] Is Streamlit still running? If you accidentally stopped Streamlit, just restart it in your terminal: @ http://localhost:18501/static/js/index.k-9rUdPI.js:24
[14500273ms] [ERROR] Failed to load resource: net::ERR_CONNECTION_REFUSED @ http://localhost:18501/_stcore/host-config:0
[14504618ms] [ERROR] Failed to load resource: net::ERR_CONNECTION_REFUSED @ http://localhost:18501/_stcore/health:0
[14504618ms] [ERROR] Client Error in reaching server endpoint - No response received when attempting to reach /_stcore/health @ http://localhost:18501/static/js/index.k-9rUdPI.js:19
[14504618ms] [ERROR] Is Streamlit still running? If you accidentally stopped Streamlit, just restart it in your terminal: @ http://localhost:18501/static/js/index.k-9rUdPI.js:24
[14504619ms] [ERROR] Failed to load resource: net::ERR_CONNECTION_REFUSED @ http://localhost:18501/_stcore/host-config:0
[14508947ms] [ERROR] Failed to load resource: net::ERR_CONNECTION_REFUSED @ http://localhost:18501/_stcore/health:0
[14508947ms] [ERROR] Client Error in reaching server endpoint - No response received when attempting to reach /_stcore/health @ http://localhost:18501/static/js/index.k-9rUdPI.js:19
[14508947ms] [ERROR] Is Streamlit still running? If you accidentally stopped Streamlit, just restart it in your terminal: @ http://localhost:18501/static/js/index.k-9rUdPI.js:24
[14508947ms] [ERROR] Failed to load resource: net::ERR_CONNECTION_REFUSED @ http://localhost:18501/_stcore/host-config:0
[14513267ms] [ERROR] Failed to load resource: net::ERR_CONNECTION_REFUSED @ http://localhost:18501/_stcore/health:0
[14513267ms] [ERROR] Client Error in reaching server endpoint - No response received when attempting to reach /_stcore/health @ http://localhost:18501/static/js/index.k-9rUdPI.js:19
[14513267ms] [ERROR] Is Streamlit still running? If you accidentally stopped Streamlit, just restart it in your terminal: @ http://localhost:18501/static/js/index.k-9rUdPI.js:24
[14513286ms] [ERROR] Failed to load resource: net::ERR_CONNECTION_REFUSED @ http://localhost:18501/_stcore/host-config:0
[14517587ms] [ERROR] Failed to load resource: net::ERR_CONNECTION_REFUSED @ http://localhost:18501/_stcore/health:0
[14517587ms] [ERROR] Client Error in reaching server endpoint - No response received when attempting to reach /_stcore/health @ http://localhost:18501/static/js/index.k-9rUdPI.js:19
[14517587ms] [ERROR] Is Streamlit still running? If you accidentally stopped Streamlit, just restart it in your terminal: @ http://localhost:18501/static/js/index.k-9rUdPI.js:24
[14517587ms] [ERROR] Failed to load resource: net::ERR_CONNECTION_REFUSED @ http://localhost:18501/_stcore/host-config:0
[14521931ms] [ERROR] Failed to load resource: net::ERR_CONNECTION_REFUSED @ http://localhost:18501/_stcore/health:0
[14521932ms] [ERROR] Client Error in reaching server endpoint - No response received when attempting to reach /_stcore/health @ http://localhost:18501/static/js/index.k-9rUdPI.js:19
[14521932ms] [ERROR] Is Streamlit still running? If you accidentally stopped Streamlit, just restart it in your terminal: @ http://localhost:18501/static/js/index.k-9rUdPI.js:24
[14521932ms] [ERROR] Failed to load resource: net::ERR_CONNECTION_REFUSED @ http://localhost:18501/_stcore/host-config:0
[14526267ms] [ERROR] Failed to load resource: net::ERR_CONNECTION_REFUSED @ http://localhost:18501/_stcore/health:0
[14526267ms] [ERROR] Client Error in reaching server endpoint - No response received when attempting to reach /_stcore/health @ http://localhost:18501/static/js/index.k-9rUdPI.js:19
[14526267ms] [ERROR] Is Streamlit still running? If you accidentally stopped Streamlit, just restart it in your terminal: @ http://localhost:18501/static/js/index.k-9rUdPI.js:24
[14526267ms] [ERROR] Failed to load resource: net::ERR_CONNECTION_REFUSED @ http://localhost:18501/_stcore/host-config:0
[14530586ms] [ERROR] Failed to load resource: net::ERR_CONNECTION_REFUSED @ http://localhost:18501/_stcore/health:0
[14530586ms] [ERROR] Client Error in reaching server endpoint - No response received when attempting to reach /_stcore/health @ http://localhost:18501/static/js/index.k-9rUdPI.js:19
[14530586ms] [ERROR] Is Streamlit still running? If you accidentally stopped Streamlit, just restart it in your terminal: @ http://localhost:18501/static/js/index.k-9rUdPI.js:24
[14530603ms] [ERROR] Failed to load resource: net::ERR_CONNECTION_REFUSED @ http://localhost:18501/_stcore/host-config:0
[14534907ms] [ERROR] Failed to load resource: net::ERR_CONNECTION_REFUSED @ http://localhost:18501/_stcore/health:0
[14534907ms] [ERROR] Client Error in reaching server endpoint - No response received when attempting to reach /_stcore/health @ http://localhost:18501/static/js/index.k-9rUdPI.js:19
[14534907ms] [ERROR] Is Streamlit still running? If you accidentally stopped Streamlit, just restart it in your terminal: @ http://localhost:18501/static/js/index.k-9rUdPI.js:24
[14534907ms] [ERROR] Failed to load resource: net::ERR_CONNECTION_REFUSED @ http://localhost:18501/_stcore/host-config:0
[14539224ms] [ERROR] Failed to load resource: net::ERR_CONNECTION_REFUSED @ http://localhost:18501/_stcore/health:0
[14539225ms] [ERROR] Client Error in reaching server endpoint - No response received when attempting to reach /_stcore/health @ http://localhost:18501/static/js/index.k-9rUdPI.js:19
[14539225ms] [ERROR] Is Streamlit still running? If you accidentally stopped Streamlit, just restart it in your terminal: @ http://localhost:18501/static/js/index.k-9rUdPI.js:24
[14539225ms] [ERROR] Failed to load resource: net::ERR_CONNECTION_REFUSED @ http://localhost:18501/_stcore/host-config:0
[14543546ms] [ERROR] Failed to load resource: net::ERR_CONNECTION_REFUSED @ http://localhost:18501/_stcore/health:0
[14543546ms] [ERROR] Client Error in reaching server endpoint - No response received when attempting to reach /_stcore/health @ http://localhost:18501/static/js/index.k-9rUdPI.js:19
[14543546ms] [ERROR] Is Streamlit still running? If you accidentally stopped Streamlit, just restart it in your terminal: @ http://localhost:18501/static/js/index.k-9rUdPI.js:24
[14543564ms] [ERROR] Failed to load resource: net::ERR_CONNECTION_REFUSED @ http://localhost:18501/_stcore/host-config:0
[14547864ms] [ERROR] Failed to load resource: net::ERR_CONNECTION_REFUSED @ http://localhost:18501/_stcore/health:0
[14547864ms] [ERROR] Client Error in reaching server endpoint - No response received when attempting to reach /_stcore/health @ http://localhost:18501/static/js/index.k-9rUdPI.js:19
[14547865ms] [ERROR] Is Streamlit still running? If you accidentally stopped Streamlit, just restart it in your terminal: @ http://localhost:18501/static/js/index.k-9rUdPI.js:24
[14547865ms] [ERROR] Failed to load resource: net::ERR_CONNECTION_REFUSED @ http://localhost:18501/_stcore/host-config:0
[14552201ms] [ERROR] Failed to load resource: net::ERR_CONNECTION_REFUSED @ http://localhost:18501/_stcore/health:0
[14552202ms] [ERROR] Client Error in reaching server endpoint - No response received when attempting to reach /_stcore/health @ http://localhost:18501/static/js/index.k-9rUdPI.js:19
[14552202ms] [ERROR] Is Streamlit still running? If you accidentally stopped Streamlit, just restart it in your terminal: @ http://localhost:18501/static/js/index.k-9rUdPI.js:24
[14552202ms] [ERROR] Failed to load resource: net::ERR_CONNECTION_REFUSED @ http://localhost:18501/_stcore/host-config:0
[14556521ms] [ERROR] Failed to load resource: net::ERR_CONNECTION_REFUSED @ http://localhost:18501/_stcore/health:0
[14556521ms] [ERROR] Client Error in reaching server endpoint - No response received when attempting to reach /_stcore/health @ http://localhost:18501/static/js/index.k-9rUdPI.js:19
[14556522ms] [ERROR] Is Streamlit still running? If you accidentally stopped Streamlit, just restart it in your terminal: @ http://localhost:18501/static/js/index.k-9rUdPI.js:24
[14556522ms] [ERROR] Failed to load resource: net::ERR_CONNECTION_REFUSED @ http://localhost:18501/_stcore/host-config:0
[14560843ms] [ERROR] Failed to load resource: net::ERR_CONNECTION_REFUSED @ http://localhost:18501/_stcore/health:0
[14560844ms] [ERROR] Client Error in reaching server endpoint - No response received when attempting to reach /_stcore/health @ http://localhost:18501/static/js/index.k-9rUdPI.js:19
[14560844ms] [ERROR] Is Streamlit still running? If you accidentally stopped Streamlit, just restart it in your terminal: @ http://localhost:18501/static/js/index.k-9rUdPI.js:24
[14560844ms] [ERROR] Failed to load resource: net::ERR_CONNECTION_REFUSED @ http://localhost:18501/_stcore/host-config:0
[14565158ms] [ERROR] Failed to load resource: net::ERR_CONNECTION_REFUSED @ http://localhost:18501/_stcore/health:0
[14565158ms] [ERROR] Client Error in reaching server endpoint - No response received when attempting to reach /_stcore/health @ http://localhost:18501/static/js/index.k-9rUdPI.js:19
[14565158ms] [ERROR] Is Streamlit still running? If you accidentally stopped Streamlit, just restart it in your terminal: @ http://localhost:18501/static/js/index.k-9rUdPI.js:24
[14565181ms] [ERROR] Failed to load resource: net::ERR_CONNECTION_REFUSED @ http://localhost:18501/_stcore/host-config:0
[14569473ms] [ERROR] Failed to load resource: net::ERR_CONNECTION_REFUSED @ http://localhost:18501/_stcore/health:0
[14569474ms] [ERROR] Client Error in reaching server endpoint - No response received when attempting to reach /_stcore/health @ http://localhost:18501/static/js/index.k-9rUdPI.js:19
[14569474ms] [ERROR] Is Streamlit still running? If you accidentally stopped Streamlit, just restart it in your terminal: @ http://localhost:18501/static/js/index.k-9rUdPI.js:24
[14569491ms] [ERROR] Failed to load resource: net::ERR_CONNECTION_REFUSED @ http://localhost:18501/_stcore/host-config:0
[14573789ms] [ERROR] Failed to load resource: net::ERR_CONNECTION_REFUSED @ http://localhost:18501/_stcore/health:0
[14573789ms] [ERROR] Client Error in reaching server endpoint - No response received when attempting to reach /_stcore/health @ http://localhost:18501/static/js/index.k-9rUdPI.js:19
[14573789ms] [ERROR] Is Streamlit still running? If you accidentally stopped Streamlit, just restart it in your terminal: @ http://localhost:18501/static/js/index.k-9rUdPI.js:24
[14573789ms] [ERROR] Failed to load resource: net::ERR_CONNECTION_REFUSED @ http://localhost:18501/_stcore/host-config:0
[14578115ms] [ERROR] Failed to load resource: net::ERR_CONNECTION_REFUSED @ http://localhost:18501/_stcore/health:0
[14578116ms] [ERROR] Client Error in reaching server endpoint - No response received when attempting to reach /_stcore/health @ http://localhost:18501/static/js/index.k-9rUdPI.js:19
[14578116ms] [ERROR] Is Streamlit still running? If you accidentally stopped Streamlit, just restart it in your terminal: @ http://localhost:18501/static/js/index.k-9rUdPI.js:24
[14578116ms] [ERROR] Failed to load resource: net::ERR_CONNECTION_REFUSED @ http://localhost:18501/_stcore/host-config:0
[14582443ms] [ERROR] Failed to load resource: net::ERR_CONNECTION_REFUSED @ http://localhost:18501/_stcore/health:0
[14582443ms] [ERROR] Client Error in reaching server endpoint - No response received when attempting to reach /_stcore/health @ http://localhost:18501/static/js/index.k-9rUdPI.js:19
[14582443ms] [ERROR] Is Streamlit still running? If you accidentally stopped Streamlit, just restart it in your terminal: @ http://localhost:18501/static/js/index.k-9rUdPI.js:24
[14582444ms] [ERROR] Failed to load resource: net::ERR_CONNECTION_REFUSED @ http://localhost:18501/_stcore/host-config:0
[14586770ms] [ERROR] Failed to load resource: net::ERR_CONNECTION_REFUSED @ http://localhost:18501/_stcore/health:0
[14586770ms] [ERROR] Client Error in reaching server endpoint - No response received when attempting to reach /_stcore/health @ http://localhost:18501/static/js/index.k-9rUdPI.js:19
[14586770ms] [ERROR] Is Streamlit still running? If you accidentally stopped Streamlit, just restart it in your terminal: @ http://localhost:18501/static/js/index.k-9rUdPI.js:24
[14586789ms] [ERROR] Failed to load resource: net::ERR_CONNECTION_REFUSED @ http://localhost:18501/_stcore/host-config:0
[14591104ms] [ERROR] Failed to load resource: net::ERR_CONNECTION_REFUSED @ http://localhost:18501/_stcore/health:0
[14591104ms] [ERROR] Client Error in reaching server endpoint - No response received when attempting to reach /_stcore/health @ http://localhost:18501/static/js/index.k-9rUdPI.js:19
[14591105ms] [ERROR] Is Streamlit still running? If you accidentally stopped Streamlit, just restart it in your terminal: @ http://localhost:18501/static/js/index.k-9rUdPI.js:24
[14591105ms] [ERROR] Failed to load resource: net::ERR_CONNECTION_REFUSED @ http://localhost:18501/_stcore/host-config:0
[14595437ms] [ERROR] Failed to load resource: net::ERR_CONNECTION_REFUSED @ http://localhost:18501/_stcore/health:0
[14595438ms] [ERROR] Client Error in reaching server endpoint - No response received when attempting to reach /_stcore/health @ http://localhost:18501/static/js/index.k-9rUdPI.js:19
[14595438ms] [ERROR] Is Streamlit still running? If you accidentally stopped Streamlit, just restart it in your terminal: @ http://localhost:18501/static/js/index.k-9rUdPI.js:24
[14595439ms] [ERROR] Failed to load resource: net::ERR_CONNECTION_REFUSED @ http://localhost:18501/_stcore/host-config:0
[14599770ms] [ERROR] Failed to load resource: net::ERR_CONNECTION_REFUSED @ http://localhost:18501/_stcore/health:0
[14599771ms] [ERROR] Client Error in reaching server endpoint - No response received when attempting to reach /_stcore/health @ http://localhost:18501/static/js/index.k-9rUdPI.js:19
[14599771ms] [ERROR] Is Streamlit still running? If you accidentally stopped Streamlit, just restart it in your terminal: @ http://localhost:18501/static/js/index.k-9rUdPI.js:24
[14599772ms] [ERROR] Failed to load resource: net::ERR_CONNECTION_REFUSED @ http://localhost:18501/_stcore/host-config:0
[14604087ms] [ERROR] Failed to load resource: net::ERR_CONNECTION_REFUSED @ http://localhost:18501/_stcore/health:0
[14604087ms] [ERROR] Client Error in reaching server endpoint - No response received when attempting to reach /_stcore/health @ http://localhost:18501/static/js/index.k-9rUdPI.js:19
[14604087ms] [ERROR] Is Streamlit still running? If you accidentally stopped Streamlit, just restart it in your terminal: @ http://localhost:18501/static/js/index.k-9rUdPI.js:24
[14604087ms] [ERROR] Failed to load resource: net::ERR_CONNECTION_REFUSED @ http://localhost:18501/_stcore/host-config:0
[14608426ms] [ERROR] Failed to load resource: net::ERR_CONNECTION_REFUSED @ http://localhost:18501/_stcore/health:0
[14608426ms] [ERROR] Client Error in reaching server endpoint - No response received when attempting to reach /_stcore/health @ http://localhost:18501/static/js/index.k-9rUdPI.js:19
[14608426ms] [ERROR] Is Streamlit still running? If you accidentally stopped Streamlit, just restart it in your terminal: @ http://localhost:18501/static/js/index.k-9rUdPI.js:24
[14608426ms] [ERROR] Failed to load resource: net::ERR_CONNECTION_REFUSED @ http://localhost:18501/_stcore/host-config:0
[14612765ms] [ERROR] Failed to load resource: net::ERR_CONNECTION_REFUSED @ http://localhost:18501/_stcore/health:0
[14612766ms] [ERROR] Client Error in reaching server endpoint - No response received when attempting to reach /_stcore/health @ http://localhost:18501/static/js/index.k-9rUdPI.js:19
[14612766ms] [ERROR] Is Streamlit still running? If you accidentally stopped Streamlit, just restart it in your terminal: @ http://localhost:18501/static/js/index.k-9rUdPI.js:24
[14612766ms] [ERROR] Failed to load resource: net::ERR_CONNECTION_REFUSED @ http://localhost:18501/_stcore/host-config:0
[14617093ms] [ERROR] Failed to load resource: net::ERR_CONNECTION_REFUSED @ http://localhost:18501/_stcore/health:0
[14617093ms] [ERROR] Client Error in reaching server endpoint - No response received when attempting to reach /_stcore/health @ http://localhost:18501/static/js/index.k-9rUdPI.js:19
[14617093ms] [ERROR] Is Streamlit still running? If you accidentally stopped Streamlit, just restart it in your terminal: @ http://localhost:18501/static/js/index.k-9rUdPI.js:24
[14617094ms] [ERROR] Failed to load resource: net::ERR_CONNECTION_REFUSED @ http://localhost:18501/_stcore/host-config:0
[14621427ms] [ERROR] Failed to load resource: net::ERR_CONNECTION_REFUSED @ http://localhost:18501/_stcore/health:0
[14621427ms] [ERROR] Client Error in reaching server endpoint - No response received when attempting to reach /_stcore/health @ http://localhost:18501/static/js/index.k-9rUdPI.js:19
[14621427ms] [ERROR] Is Streamlit still running? If you accidentally stopped Streamlit, just restart it in your terminal: @ http://localhost:18501/static/js/index.k-9rUdPI.js:24
[14621427ms] [ERROR] Failed to load resource: net::ERR_CONNECTION_REFUSED @ http://localhost:18501/_stcore/host-config:0
[14625770ms] [ERROR] Failed to load resource: net::ERR_CONNECTION_REFUSED @ http://localhost:18501/_stcore/health:0
[14625770ms] [ERROR] Client Error in reaching server endpoint - No response received when attempting to reach /_stcore/health @ http://localhost:18501/static/js/index.k-9rUdPI.js:19
[14625771ms] [ERROR] Is Streamlit still running? If you accidentally stopped Streamlit, just restart it in your terminal: @ http://localhost:18501/static/js/index.k-9rUdPI.js:24
[14625788ms] [ERROR] Failed to load resource: net::ERR_CONNECTION_REFUSED @ http://localhost:18501/_stcore/host-config:0
[14630085ms] [ERROR] Failed to load resource: net::ERR_CONNECTION_REFUSED @ http://localhost:18501/_stcore/health:0
[14630086ms] [ERROR] Client Error in reaching server endpoint - No response received when attempting to reach /_stcore/health @ http://localhost:18501/static/js/index.k-9rUdPI.js:19
[14630086ms] [ERROR] Is Streamlit still running? If you accidentally stopped Streamlit, just restart it in your terminal: @ http://localhost:18501/static/js/index.k-9rUdPI.js:24
[14630086ms] [ERROR] Failed to load resource: net::ERR_CONNECTION_REFUSED @ http://localhost:18501/_stcore/host-config:0
[14634407ms] [ERROR] Failed to load resource: net::ERR_CONNECTION_REFUSED @ http://localhost:18501/_stcore/health:0
[14634407ms] [ERROR] Client Error in reaching server endpoint - No response received when attempting to reach /_stcore/health @ http://localhost:18501/static/js/index.k-9rUdPI.js:19
[14634407ms] [ERROR] Is Streamlit still running? If you accidentally stopped Streamlit, just restart it in your terminal: @ http://localhost:18501/static/js/index.k-9rUdPI.js:24
[14634408ms] [ERROR] Failed to load resource: net::ERR_CONNECTION_REFUSED @ http://localhost:18501/_stcore/host-config:0
[14638730ms] [ERROR] Failed to load resource: net::ERR_CONNECTION_REFUSED @ http://localhost:18501/_stcore/health:0
[14638730ms] [ERROR] Client Error in reaching server endpoint - No response received when attempting to reach /_stcore/health @ http://localhost:18501/static/js/index.k-9rUdPI.js:19
[14638730ms] [ERROR] Is Streamlit still running? If you accidentally stopped Streamlit, just restart it in your terminal: @ http://localhost:18501/static/js/index.k-9rUdPI.js:24
[14638730ms] [ERROR] Failed to load resource: net::ERR_CONNECTION_REFUSED @ http://localhost:18501/_stcore/host-config:0
[14643046ms] [ERROR] Failed to load resource: net::ERR_CONNECTION_REFUSED @ http://localhost:18501/_stcore/health:0
[14643046ms] [ERROR] Client Error in reaching server endpoint - No response received when attempting to reach /_stcore/health @ http://localhost:18501/static/js/index.k-9rUdPI.js:19
[14643046ms] [ERROR] Is Streamlit still running? If you accidentally stopped Streamlit, just restart it in your terminal: @ http://localhost:18501/static/js/index.k-9rUdPI.js:24
[14643047ms] [ERROR] Failed to load resource: net::ERR_CONNECTION_REFUSED @ http://localhost:18501/_stcore/host-config:0
[14647377ms] [ERROR] Failed to load resource: net::ERR_CONNECTION_REFUSED @ http://localhost:18501/_stcore/health:0
[14647377ms] [ERROR] Client Error in reaching server endpoint - No response received when attempting to reach /_stcore/health @ http://localhost:18501/static/js/index.k-9rUdPI.js:19
[14647377ms] [ERROR] Is Streamlit still running? If you accidentally stopped Streamlit, just restart it in your terminal: @ http://localhost:18501/static/js/index.k-9rUdPI.js:24
[14647378ms] [ERROR] Failed to load resource: net::ERR_CONNECTION_REFUSED @ http://localhost:18501/_stcore/host-config:0
[14651698ms] [ERROR] Failed to load resource: net::ERR_CONNECTION_REFUSED @ http://localhost:18501/_stcore/health:0
[14651698ms] [ERROR] Client Error in reaching server endpoint - No response received when attempting to reach /_stcore/health @ http://localhost:18501/static/js/index.k-9rUdPI.js:19
[14651698ms] [ERROR] Is Streamlit still running? If you accidentally stopped Streamlit, just restart it in your terminal: @ http://localhost:18501/static/js/index.k-9rUdPI.js:24
[14651714ms] [ERROR] Failed to load resource: net::ERR_CONNECTION_REFUSED @ http://localhost:18501/_stcore/host-config:0
[14656026ms] [ERROR] Failed to load resource: net::ERR_CONNECTION_REFUSED @ http://localhost:18501/_stcore/health:0
[14656026ms] [ERROR] Client Error in reaching server endpoint - No response received when attempting to reach /_stcore/health @ http://localhost:18501/static/js/index.k-9rUdPI.js:19
[14656026ms] [ERROR] Is Streamlit still running? If you accidentally stopped Streamlit, just restart it in your terminal: @ http://localhost:18501/static/js/index.k-9rUdPI.js:24
[14656026ms] [ERROR] Failed to load resource: net::ERR_CONNECTION_REFUSED @ http://localhost:18501/_stcore/host-config:0
[14660349ms] [ERROR] Failed to load resource: net::ERR_CONNECTION_REFUSED @ http://localhost:18501/_stcore/health:0
[14660350ms] [ERROR] Client Error in reaching server endpoint - No response received when attempting to reach /_stcore/health @ http://localhost:18501/static/js/index.k-9rUdPI.js:19
[14660350ms] [ERROR] Is Streamlit still running? If you accidentally stopped Streamlit, just restart it in your terminal: @ http://localhost:18501/static/js/index.k-9rUdPI.js:24
[14660350ms] [ERROR] Failed to load resource: net::ERR_CONNECTION_REFUSED @ http://localhost:18501/_stcore/host-config:0
[14664674ms] [ERROR] Failed to load resource: net::ERR_CONNECTION_REFUSED @ http://localhost:18501/_stcore/health:0
[14664674ms] [ERROR] Client Error in reaching server endpoint - No response received when attempting to reach /_stcore/health @ http://localhost:18501/static/js/index.k-9rUdPI.js:19
[14664674ms] [ERROR] Is Streamlit still running? If you accidentally stopped Streamlit, just restart it in your terminal: @ http://localhost:18501/static/js/index.k-9rUdPI.js:24
[14664674ms] [ERROR] Failed to load resource: net::ERR_CONNECTION_REFUSED @ http://localhost:18501/_stcore/host-config:0
[14668995ms] [ERROR] Failed to load resource: net::ERR_CONNECTION_REFUSED @ http://localhost:18501/_stcore/health:0
[14668995ms] [ERROR] Client Error in reaching server endpoint - No response received when attempting to reach /_stcore/health @ http://localhost:18501/static/js/index.k-9rUdPI.js:19
[14668995ms] [ERROR] Is Streamlit still running? If you accidentally stopped Streamlit, just restart it in your terminal: @ http://localhost:18501/static/js/index.k-9rUdPI.js:24
[14668995ms] [ERROR] Failed to load resource: net::ERR_CONNECTION_REFUSED @ http://localhost:18501/_stcore/host-config:0
[14673325ms] [ERROR] Failed to load resource: net::ERR_CONNECTION_REFUSED @ http://localhost:18501/_stcore/health:0
[14673325ms] [ERROR] Client Error in reaching server endpoint - No response received when attempting to reach /_stcore/health @ http://localhost:18501/static/js/index.k-9rUdPI.js:19
[14673325ms] [ERROR] Is Streamlit still running? If you accidentally stopped Streamlit, just restart it in your terminal: @ http://localhost:18501/static/js/index.k-9rUdPI.js:24
[14673325ms] [ERROR] Failed to load resource: net::ERR_CONNECTION_REFUSED @ http://localhost:18501/_stcore/host-config:0
[14677668ms] [ERROR] Failed to load resource: net::ERR_CONNECTION_REFUSED @ http://localhost:18501/_stcore/health:0
[14677668ms] [ERROR] Client Error in reaching server endpoint - No response received when attempting to reach /_stcore/health @ http://localhost:18501/static/js/index.k-9rUdPI.js:19
[14677668ms] [ERROR] Is Streamlit still running? If you accidentally stopped Streamlit, just restart it in your terminal: @ http://localhost:18501/static/js/index.k-9rUdPI.js:24
[14677669ms] [ERROR] Failed to load resource: net::ERR_CONNECTION_REFUSED @ http://localhost:18501/_stcore/host-config:0
[14681999ms] [ERROR] Failed to load resource: net::ERR_CONNECTION_REFUSED @ http://localhost:18501/_stcore/health:0
[14681999ms] [ERROR] Client Error in reaching server endpoint - No response received when attempting to reach /_stcore/health @ http://localhost:18501/static/js/index.k-9rUdPI.js:19
[14681999ms] [ERROR] Is Streamlit still running? If you accidentally stopped Streamlit, just restart it in your terminal: @ http://localhost:18501/static/js/index.k-9rUdPI.js:24
[14681999ms] [ERROR] Failed to load resource: net::ERR_CONNECTION_REFUSED @ http://localhost:18501/_stcore/host-config:0
[14686314ms] [ERROR] Failed to load resource: net::ERR_CONNECTION_REFUSED @ http://localhost:18501/_stcore/health:0
[14686314ms] [ERROR] Client Error in reaching server endpoint - No response received when attempting to reach /_stcore/health @ http://localhost:18501/static/js/index.k-9rUdPI.js:19
[14686315ms] [ERROR] Is Streamlit still running? If you accidentally stopped Streamlit, just restart it in your terminal: @ http://localhost:18501/static/js/index.k-9rUdPI.js:24
[14686336ms] [ERROR] Failed to load resource: net::ERR_CONNECTION_REFUSED @ http://localhost:18501/_stcore/host-config:0
[14690648ms] [ERROR] Failed to load resource: net::ERR_CONNECTION_REFUSED @ http://localhost:18501/_stcore/health:0
[14690648ms] [ERROR] Client Error in reaching server endpoint - No response received when attempting to reach /_stcore/health @ http://localhost:18501/static/js/index.k-9rUdPI.js:19
[14690648ms] [ERROR] Is Streamlit still running? If you accidentally stopped Streamlit, just restart it in your terminal: @ http://localhost:18501/static/js/index.k-9rUdPI.js:24
[14690648ms] [ERROR] Failed to load resource: net::ERR_CONNECTION_REFUSED @ http://localhost:18501/_stcore/host-config:0
[14694971ms] [ERROR] Failed to load resource: net::ERR_CONNECTION_REFUSED @ http://localhost:18501/_stcore/health:0
[14694972ms] [ERROR] Client Error in reaching server endpoint - No response received when attempting to reach /_stcore/health @ http://localhost:18501/static/js/index.k-9rUdPI.js:19
[14694972ms] [ERROR] Is Streamlit still running? If you accidentally stopped Streamlit, just restart it in your terminal: @ http://localhost:18501/static/js/index.k-9rUdPI.js:24
[14694972ms] [ERROR] Failed to load resource: net::ERR_CONNECTION_REFUSED @ http://localhost:18501/_stcore/host-config:0
[14699292ms] [ERROR] Failed to load resource: net::ERR_CONNECTION_REFUSED @ http://localhost:18501/_stcore/health:0
[14699292ms] [ERROR] Client Error in reaching server endpoint - No response received when attempting to reach /_stcore/health @ http://localhost:18501/static/js/index.k-9rUdPI.js:19
[14699292ms] [ERROR] Is Streamlit still running? If you accidentally stopped Streamlit, just restart it in your terminal: @ http://localhost:18501/static/js/index.k-9rUdPI.js:24
[14699311ms] [ERROR] Failed to load resource: net::ERR_CONNECTION_REFUSED @ http://localhost:18501/_stcore/host-config:0
[14703608ms] [ERROR] Failed to load resource: net::ERR_CONNECTION_REFUSED @ http://localhost:18501/_stcore/health:0
[14703608ms] [ERROR] Client Error in reaching server endpoint - No response received when attempting to reach /_stcore/health @ http://localhost:18501/static/js/index.k-9rUdPI.js:19
[14703608ms] [ERROR] Is Streamlit still running? If you accidentally stopped Streamlit, just restart it in your terminal: @ http://localhost:18501/static/js/index.k-9rUdPI.js:24
[14703626ms] [ERROR] Failed to load resource: net::ERR_CONNECTION_REFUSED @ http://localhost:18501/_stcore/host-config:0
[14707936ms] [ERROR] Failed to load resource: net::ERR_CONNECTION_REFUSED @ http://localhost:18501/_stcore/health:0
[14707936ms] [ERROR] Client Error in reaching server endpoint - No response received when attempting to reach /_stcore/health @ http://localhost:18501/static/js/index.k-9rUdPI.js:19
[14707936ms] [ERROR] Is Streamlit still running? If you accidentally stopped Streamlit, just restart it in your terminal: @ http://localhost:18501/static/js/index.k-9rUdPI.js:24
[14707937ms] [ERROR] Failed to load resource: net::ERR_CONNECTION_REFUSED @ http://localhost:18501/_stcore/host-config:0
[14712256ms] [ERROR] Failed to load resource: net::ERR_CONNECTION_REFUSED @ http://localhost:18501/_stcore/health:0
[14712256ms] [ERROR] Client Error in reaching server endpoint - No response received when attempting to reach /_stcore/health @ http://localhost:18501/static/js/index.k-9rUdPI.js:19
[14712256ms] [ERROR] Is Streamlit still running? If you accidentally stopped Streamlit, just restart it in your terminal: @ http://localhost:18501/static/js/index.k-9rUdPI.js:24
[14712256ms] [ERROR] Failed to load resource: net::ERR_CONNECTION_REFUSED @ http://localhost:18501/_stcore/host-config:0
[14716571ms] [ERROR] Failed to load resource: net::ERR_CONNECTION_REFUSED @ http://localhost:18501/_stcore/health:0
[14716571ms] [ERROR] Client Error in reaching server endpoint - No response received when attempting to reach /_stcore/health @ http://localhost:18501/static/js/index.k-9rUdPI.js:19
[14716571ms] [ERROR] Is Streamlit still running? If you accidentally stopped Streamlit, just restart it in your terminal: @ http://localhost:18501/static/js/index.k-9rUdPI.js:24
[14716595ms] [ERROR] Failed to load resource: net::ERR_CONNECTION_REFUSED @ http://localhost:18501/_stcore/host-config:0
[14720895ms] [ERROR] Failed to load resource: net::ERR_CONNECTION_REFUSED @ http://localhost:18501/_stcore/health:0
[14720895ms] [ERROR] Client Error in reaching server endpoint - No response received when attempting to reach /_stcore/health @ http://localhost:18501/static/js/index.k-9rUdPI.js:19
[14720895ms] [ERROR] Is Streamlit still running? If you accidentally stopped Streamlit, just restart it in your terminal: @ http://localhost:18501/static/js/index.k-9rUdPI.js:24
[14720908ms] [ERROR] Failed to load resource: net::ERR_CONNECTION_REFUSED @ http://localhost:18501/_stcore/host-config:0
[14725216ms] [ERROR] Failed to load resource: net::ERR_CONNECTION_REFUSED @ http://localhost:18501/_stcore/health:0
[14725216ms] [ERROR] Client Error in reaching server endpoint - No response received when attempting to reach /_stcore/health @ http://localhost:18501/static/js/index.k-9rUdPI.js:19
[14725216ms] [ERROR] Is Streamlit still running? If you accidentally stopped Streamlit, just restart it in your terminal: @ http://localhost:18501/static/js/index.k-9rUdPI.js:24
[14725216ms] [ERROR] Failed to load resource: net::ERR_CONNECTION_REFUSED @ http://localhost:18501/_stcore/host-config:0
[14729535ms] [ERROR] Failed to load resource: net::ERR_CONNECTION_REFUSED @ http://localhost:18501/_stcore/health:0
[14729535ms] [ERROR] Client Error in reaching server endpoint - No response received when attempting to reach /_stcore/health @ http://localhost:18501/static/js/index.k-9rUdPI.js:19
[14729535ms] [ERROR] Is Streamlit still running? If you accidentally stopped Streamlit, just restart it in your terminal: @ http://localhost:18501/static/js/index.k-9rUdPI.js:24
[14729535ms] [ERROR] Failed to load resource: net::ERR_CONNECTION_REFUSED @ http://localhost:18501/_stcore/host-config:0
[14733862ms] [ERROR] Failed to load resource: net::ERR_CONNECTION_REFUSED @ http://localhost:18501/_stcore/health:0
[14733862ms] [ERROR] Client Error in reaching server endpoint - No response received when attempting to reach /_stcore/health @ http://localhost:18501/static/js/index.k-9rUdPI.js:19
[14733862ms] [ERROR] Is Streamlit still running? If you accidentally stopped Streamlit, just restart it in your terminal: @ http://localhost:18501/static/js/index.k-9rUdPI.js:24
[14733863ms] [ERROR] Failed to load resource: net::ERR_CONNECTION_REFUSED @ http://localhost:18501/_stcore/host-config:0
[14738190ms] [ERROR] Failed to load resource: net::ERR_CONNECTION_REFUSED @ http://localhost:18501/_stcore/health:0
[14738190ms] [ERROR] Client Error in reaching server endpoint - No response received when attempting to reach /_stcore/health @ http://localhost:18501/static/js/index.k-9rUdPI.js:19
[14738190ms] [ERROR] Is Streamlit still running? If you accidentally stopped Streamlit, just restart it in your terminal: @ http://localhost:18501/static/js/index.k-9rUdPI.js:24
[14738206ms] [ERROR] Failed to load resource: net::ERR_CONNECTION_REFUSED @ http://localhost:18501/_stcore/host-config:0
[14742516ms] [ERROR] Failed to load resource: net::ERR_CONNECTION_REFUSED @ http://localhost:18501/_stcore/health:0
[14742516ms] [ERROR] Client Error in reaching server endpoint - No response received when attempting to reach /_stcore/health @ http://localhost:18501/static/js/index.k-9rUdPI.js:19
[14742517ms] [ERROR] Is Streamlit still running? If you accidentally stopped Streamlit, just restart it in your terminal: @ http://localhost:18501/static/js/index.k-9rUdPI.js:24
[14742530ms] [ERROR] Failed to load resource: net::ERR_CONNECTION_REFUSED @ http://localhost:18501/_stcore/host-config:0
[14746837ms] [ERROR] Failed to load resource: net::ERR_CONNECTION_REFUSED @ http://localhost:18501/_stcore/health:0
[14746838ms] [ERROR] Client Error in reaching server endpoint - No response received when attempting to reach /_stcore/health @ http://localhost:18501/static/js/index.k-9rUdPI.js:19
[14746838ms] [ERROR] Is Streamlit still running? If you accidentally stopped Streamlit, just restart it in your terminal: @ http://localhost:18501/static/js/index.k-9rUdPI.js:24
[14746839ms] [ERROR] Failed to load resource: net::ERR_CONNECTION_REFUSED @ http://localhost:18501/_stcore/host-config:0
[14751159ms] [ERROR] Failed to load resource: net::ERR_CONNECTION_REFUSED @ http://localhost:18501/_stcore/health:0
[14751159ms] [ERROR] Client Error in reaching server endpoint - No response received when attempting to reach /_stcore/health @ http://localhost:18501/static/js/index.k-9rUdPI.js:19
[14751159ms] [ERROR] Is Streamlit still running? If you accidentally stopped Streamlit, just restart it in your terminal: @ http://localhost:18501/static/js/index.k-9rUdPI.js:24
[14751159ms] [ERROR] Failed to load resource: net::ERR_CONNECTION_REFUSED @ http://localhost:18501/_stcore/host-config:0
[14755481ms] [ERROR] Failed to load resource: net::ERR_CONNECTION_REFUSED @ http://localhost:18501/_stcore/health:0
[14755481ms] [ERROR] Client Error in reaching server endpoint - No response received when attempting to reach /_stcore/health @ http://localhost:18501/static/js/index.k-9rUdPI.js:19
[14755481ms] [ERROR] Is Streamlit still running? If you accidentally stopped Streamlit, just restart it in your terminal: @ http://localhost:18501/static/js/index.k-9rUdPI.js:24
[14755481ms] [ERROR] Failed to load resource: net::ERR_CONNECTION_REFUSED @ http://localhost:18501/_stcore/host-config:0
[14759795ms] [ERROR] Failed to load resource: net::ERR_CONNECTION_REFUSED @ http://localhost:18501/_stcore/health:0
[14759795ms] [ERROR] Client Error in reaching server endpoint - No response received when attempting to reach /_stcore/health @ http://localhost:18501/static/js/index.k-9rUdPI.js:19
[14759796ms] [ERROR] Is Streamlit still running? If you accidentally stopped Streamlit, just restart it in your terminal: @ http://localhost:18501/static/js/index.k-9rUdPI.js:24
[14759814ms] [ERROR] Failed to load resource: net::ERR_CONNECTION_REFUSED @ http://localhost:18501/_stcore/host-config:0
[14764118ms] [ERROR] Failed to load resource: net::ERR_CONNECTION_REFUSED @ http://localhost:18501/_stcore/health:0
[14764118ms] [ERROR] Client Error in reaching server endpoint - No response received when attempting to reach /_stcore/health @ http://localhost:18501/static/js/index.k-9rUdPI.js:19
[14764118ms] [ERROR] Is Streamlit still running? If you accidentally stopped Streamlit, just restart it in your terminal: @ http://localhost:18501/static/js/index.k-9rUdPI.js:24
[14764119ms] [ERROR] Failed to load resource: net::ERR_CONNECTION_REFUSED @ http://localhost:18501/_stcore/host-config:0
[14768444ms] [ERROR] Failed to load resource: net::ERR_CONNECTION_REFUSED @ http://localhost:18501/_stcore/health:0
[14768444ms] [ERROR] Client Error in reaching server endpoint - No response received when attempting to reach /_stcore/health @ http://localhost:18501/static/js/index.k-9rUdPI.js:19
[14768444ms] [ERROR] Is Streamlit still running? If you accidentally stopped Streamlit, just restart it in your terminal: @ http://localhost:18501/static/js/index.k-9rUdPI.js:24
[14768461ms] [ERROR] Failed to load resource: net::ERR_CONNECTION_REFUSED @ http://localhost:18501/_stcore/host-config:0
[14772763ms] [ERROR] Failed to load resource: net::ERR_CONNECTION_REFUSED @ http://localhost:18501/_stcore/health:0
[14772763ms] [ERROR] Client Error in reaching server endpoint - No response received when attempting to reach /_stcore/health @ http://localhost:18501/static/js/index.k-9rUdPI.js:19
[14772763ms] [ERROR] Is Streamlit still running? If you accidentally stopped Streamlit, just restart it in your terminal: @ http://localhost:18501/static/js/index.k-9rUdPI.js:24
[14772763ms] [ERROR] Failed to load resource: net::ERR_CONNECTION_REFUSED @ http://localhost:18501/_stcore/host-config:0
[14777091ms] [ERROR] Failed to load resource: net::ERR_CONNECTION_REFUSED @ http://localhost:18501/_stcore/health:0
[14777091ms] [ERROR] Client Error in reaching server endpoint - No response received when attempting to reach /_stcore/health @ http://localhost:18501/static/js/index.k-9rUdPI.js:19
[14777091ms] [ERROR] Is Streamlit still running? If you accidentally stopped Streamlit, just restart it in your terminal: @ http://localhost:18501/static/js/index.k-9rUdPI.js:24
[14777092ms] [ERROR] Failed to load resource: net::ERR_CONNECTION_REFUSED @ http://localhost:18501/_stcore/host-config:0
[14781414ms] [ERROR] Failed to load resource: net::ERR_CONNECTION_REFUSED @ http://localhost:18501/_stcore/health:0
[14781414ms] [ERROR] Client Error in reaching server endpoint - No response received when attempting to reach /_stcore/health @ http://localhost:18501/static/js/index.k-9rUdPI.js:19
[14781414ms] [ERROR] Is Streamlit still running? If you accidentally stopped Streamlit, just restart it in your terminal: @ http://localhost:18501/static/js/index.k-9rUdPI.js:24
[14781414ms] [ERROR] Failed to load resource: net::ERR_CONNECTION_REFUSED @ http://localhost:18501/_stcore/host-config:0
[14785720ms] [ERROR] Failed to load resource: net::ERR_CONNECTION_REFUSED @ http://localhost:18501/_stcore/health:0
[14785720ms] [ERROR] Client Error in reaching server endpoint - No response received when attempting to reach /_stcore/health @ http://localhost:18501/static/js/index.k-9rUdPI.js:19
[14785720ms] [ERROR] Is Streamlit still running? If you accidentally stopped Streamlit, just restart it in your terminal: @ http://localhost:18501/static/js/index.k-9rUdPI.js:24
[14785744ms] [ERROR] Failed to load resource: net::ERR_CONNECTION_REFUSED @ http://localhost:18501/_stcore/host-config:0
[14790038ms] [ERROR] Failed to load resource: net::ERR_CONNECTION_REFUSED @ http://localhost:18501/_stcore/health:0
[14790038ms] [ERROR] Client Error in reaching server endpoint - No response received when attempting to reach /_stcore/health @ http://localhost:18501/static/js/index.k-9rUdPI.js:19
[14790038ms] [ERROR] Is Streamlit still running? If you accidentally stopped Streamlit, just restart it in your terminal: @ http://localhost:18501/static/js/index.k-9rUdPI.js:24
[14790038ms] [ERROR] Failed to load resource: net::ERR_CONNECTION_REFUSED @ http://localhost:18501/_stcore/host-config:0
[14794365ms] [ERROR] Failed to load resource: net::ERR_CONNECTION_REFUSED @ http://localhost:18501/_stcore/health:0
[14794365ms] [ERROR] Client Error in reaching server endpoint - No response received when attempting to reach /_stcore/health @ http://localhost:18501/static/js/index.k-9rUdPI.js:19
[14794366ms] [ERROR] Is Streamlit still running? If you accidentally stopped Streamlit, just restart it in your terminal: @ http://localhost:18501/static/js/index.k-9rUdPI.js:24
[14794366ms] [ERROR] Failed to load resource: net::ERR_CONNECTION_REFUSED @ http://localhost:18501/_stcore/host-config:0
[14798692ms] [ERROR] Failed to load resource: net::ERR_CONNECTION_REFUSED @ http://localhost:18501/_stcore/health:0
[14798692ms] [ERROR] Client Error in reaching server endpoint - No response received when attempting to reach /_stcore/health @ http://localhost:18501/static/js/index.k-9rUdPI.js:19
[14798693ms] [ERROR] Is Streamlit still running? If you accidentally stopped Streamlit, just restart it in your terminal: @ http://localhost:18501/static/js/index.k-9rUdPI.js:24
[14798693ms] [ERROR] Failed to load resource: net::ERR_CONNECTION_REFUSED @ http://localhost:18501/_stcore/host-config:0
[14803017ms] [ERROR] Failed to load resource: net::ERR_CONNECTION_REFUSED @ http://localhost:18501/_stcore/health:0
[14803017ms] [ERROR] Client Error in reaching server endpoint - No response received when attempting to reach /_stcore/health @ http://localhost:18501/static/js/index.k-9rUdPI.js:19
[14803017ms] [ERROR] Is Streamlit still running? If you accidentally stopped Streamlit, just restart it in your terminal: @ http://localhost:18501/static/js/index.k-9rUdPI.js:24
[14803017ms] [ERROR] Failed to load resource: net::ERR_CONNECTION_REFUSED @ http://localhost:18501/_stcore/host-config:0
[14807341ms] [ERROR] Failed to load resource: net::ERR_CONNECTION_REFUSED @ http://localhost:18501/_stcore/health:0
[14807341ms] [ERROR] Client Error in reaching server endpoint - No response received when attempting to reach /_stcore/health @ http://localhost:18501/static/js/index.k-9rUdPI.js:19
[14807341ms] [ERROR] Is Streamlit still running? If you accidentally stopped Streamlit, just restart it in your terminal: @ http://localhost:18501/static/js/index.k-9rUdPI.js:24
[14807342ms] [ERROR] Failed to load resource: net::ERR_CONNECTION_REFUSED @ http://localhost:18501/_stcore/host-config:0
[14811662ms] [ERROR] Failed to load resource: net::ERR_CONNECTION_REFUSED @ http://localhost:18501/_stcore/health:0
[14811662ms] [ERROR] Client Error in reaching server endpoint - No response received when attempting to reach /_stcore/health @ http://localhost:18501/static/js/index.k-9rUdPI.js:19
[14811662ms] [ERROR] Is Streamlit still running? If you accidentally stopped Streamlit, just restart it in your terminal: @ http://localhost:18501/static/js/index.k-9rUdPI.js:24
[14811663ms] [ERROR] Failed to load resource: net::ERR_CONNECTION_REFUSED @ http://localhost:18501/_stcore/host-config:0
[14815983ms] [ERROR] Failed to load resource: net::ERR_CONNECTION_REFUSED @ http://localhost:18501/_stcore/health:0
[14815984ms] [ERROR] Client Error in reaching server endpoint - No response received when attempting to reach /_stcore/health @ http://localhost:18501/static/js/index.k-9rUdPI.js:19
[14815984ms] [ERROR] Is Streamlit still running? If you accidentally stopped Streamlit, just restart it in your terminal: @ http://localhost:18501/static/js/index.k-9rUdPI.js:24
[14815984ms] [ERROR] Failed to load resource: net::ERR_CONNECTION_REFUSED @ http://localhost:18501/_stcore/host-config:0
[14820305ms] [ERROR] Failed to load resource: net::ERR_CONNECTION_REFUSED @ http://localhost:18501/_stcore/health:0
[14820305ms] [ERROR] Client Error in reaching server endpoint - No response received when attempting to reach /_stcore/health @ http://localhost:18501/static/js/index.k-9rUdPI.js:19
[14820305ms] [ERROR] Is Streamlit still running? If you accidentally stopped Streamlit, just restart it in your terminal: @ http://localhost:18501/static/js/index.k-9rUdPI.js:24
[14820322ms] [ERROR] Failed to load resource: net::ERR_CONNECTION_REFUSED @ http://localhost:18501/_stcore/host-config:0
[14824626ms] [ERROR] Failed to load resource: net::ERR_CONNECTION_REFUSED @ http://localhost:18501/_stcore/health:0
[14824626ms] [ERROR] Client Error in reaching server endpoint - No response received when attempting to reach /_stcore/health @ http://localhost:18501/static/js/index.k-9rUdPI.js:19
[14824626ms] [ERROR] Is Streamlit still running? If you accidentally stopped Streamlit, just restart it in your terminal: @ http://localhost:18501/static/js/index.k-9rUdPI.js:24
[14824626ms] [ERROR] Failed to load resource: net::ERR_CONNECTION_REFUSED @ http://localhost:18501/_stcore/host-config:0
[14828947ms] [ERROR] Failed to load resource: net::ERR_CONNECTION_REFUSED @ http://localhost:18501/_stcore/health:0
[14828947ms] [ERROR] Client Error in reaching server endpoint - No response received when attempting to reach /_stcore/health @ http://localhost:18501/static/js/index.k-9rUdPI.js:19
[14828948ms] [ERROR] Is Streamlit still running? If you accidentally stopped Streamlit, just restart it in your terminal: @ http://localhost:18501/static/js/index.k-9rUdPI.js:24
[14828970ms] [ERROR] Failed to load resource: net::ERR_CONNECTION_REFUSED @ http://localhost:18501/_stcore/host-config:0
[14833277ms] [ERROR] Failed to load resource: net::ERR_CONNECTION_REFUSED @ http://localhost:18501/_stcore/health:0
[14833277ms] [ERROR] Client Error in reaching server endpoint - No response received when attempting to reach /_stcore/health @ http://localhost:18501/static/js/index.k-9rUdPI.js:19
[14833278ms] [ERROR] Is Streamlit still running? If you accidentally stopped Streamlit, just restart it in your terminal: @ http://localhost:18501/static/js/index.k-9rUdPI.js:24
[14833278ms] [ERROR] Failed to load resource: net::ERR_CONNECTION_REFUSED @ http://localhost:18501/_stcore/host-config:0
[14837603ms] [ERROR] Failed to load resource: net::ERR_CONNECTION_REFUSED @ http://localhost:18501/_stcore/health:0
[14837603ms] [ERROR] Client Error in reaching server endpoint - No response received when attempting to reach /_stcore/health @ http://localhost:18501/static/js/index.k-9rUdPI.js:19
[14837603ms] [ERROR] Is Streamlit still running? If you accidentally stopped Streamlit, just restart it in your terminal: @ http://localhost:18501/static/js/index.k-9rUdPI.js:24
[14837603ms] [ERROR] Failed to load resource: net::ERR_CONNECTION_REFUSED @ http://localhost:18501/_stcore/host-config:0
[14841923ms] [ERROR] Failed to load resource: net::ERR_CONNECTION_REFUSED @ http://localhost:18501/_stcore/health:0
[14841923ms] [ERROR] Client Error in reaching server endpoint - No response received when attempting to reach /_stcore/health @ http://localhost:18501/static/js/index.k-9rUdPI.js:19
[14841923ms] [ERROR] Is Streamlit still running? If you accidentally stopped Streamlit, just restart it in your terminal: @ http://localhost:18501/static/js/index.k-9rUdPI.js:24
[14841923ms] [ERROR] Failed to load resource: net::ERR_CONNECTION_REFUSED @ http://localhost:18501/_stcore/host-config:0
[14846243ms] [ERROR] Failed to load resource: net::ERR_CONNECTION_REFUSED @ http://localhost:18501/_stcore/health:0
[14846243ms] [ERROR] Client Error in reaching server endpoint - No response received when attempting to reach /_stcore/health @ http://localhost:18501/static/js/index.k-9rUdPI.js:19
[14846243ms] [ERROR] Is Streamlit still running? If you accidentally stopped Streamlit, just restart it in your terminal: @ http://localhost:18501/static/js/index.k-9rUdPI.js:24
[14846266ms] [ERROR] Failed to load resource: net::ERR_CONNECTION_REFUSED @ http://localhost:18501/_stcore/host-config:0
[14850554ms] [ERROR] Failed to load resource: net::ERR_CONNECTION_REFUSED @ http://localhost:18501/_stcore/health:0
[14850554ms] [ERROR] Client Error in reaching server endpoint - No response received when attempting to reach /_stcore/health @ http://localhost:18501/static/js/index.k-9rUdPI.js:19
[14850554ms] [ERROR] Is Streamlit still running? If you accidentally stopped Streamlit, just restart it in your terminal: @ http://localhost:18501/static/js/index.k-9rUdPI.js:24
[14850554ms] [ERROR] Failed to load resource: net::ERR_CONNECTION_REFUSED @ http://localhost:18501/_stcore/host-config:0
[14854876ms] [ERROR] Failed to load resource: net::ERR_CONNECTION_REFUSED @ http://localhost:18501/_stcore/health:0
[14854876ms] [ERROR] Client Error in reaching server endpoint - No response received when attempting to reach /_stcore/health @ http://localhost:18501/static/js/index.k-9rUdPI.js:19
[14854876ms] [ERROR] Is Streamlit still running? If you accidentally stopped Streamlit, just restart it in your terminal: @ http://localhost:18501/static/js/index.k-9rUdPI.js:24
[14854876ms] [ERROR] Failed to load resource: net::ERR_CONNECTION_REFUSED @ http://localhost:18501/_stcore/host-config:0
[14859190ms] [ERROR] Failed to load resource: net::ERR_CONNECTION_REFUSED @ http://localhost:18501/_stcore/health:0
[14859190ms] [ERROR] Client Error in reaching server endpoint - No response received when attempting to reach /_stcore/health @ http://localhost:18501/static/js/index.k-9rUdPI.js:19
[14859190ms] [ERROR] Is Streamlit still running? If you accidentally stopped Streamlit, just restart it in your terminal: @ http://localhost:18501/static/js/index.k-9rUdPI.js:24
[14859190ms] [ERROR] Failed to load resource: net::ERR_CONNECTION_REFUSED @ http://localhost:18501/_stcore/host-config:0
[14863514ms] [ERROR] Failed to load resource: net::ERR_CONNECTION_REFUSED @ http://localhost:18501/_stcore/health:0
[14863514ms] [ERROR] Client Error in reaching server endpoint - No response received when attempting to reach /_stcore/health @ http://localhost:18501/static/js/index.k-9rUdPI.js:19
[14863514ms] [ERROR] Is Streamlit still running? If you accidentally stopped Streamlit, just restart it in your terminal: @ http://localhost:18501/static/js/index.k-9rUdPI.js:24
[14863514ms] [ERROR] Failed to load resource: net::ERR_CONNECTION_REFUSED @ http://localhost:18501/_stcore/host-config:0
[14867841ms] [ERROR] Failed to load resource: net::ERR_CONNECTION_REFUSED @ http://localhost:18501/_stcore/health:0
[14867842ms] [ERROR] Client Error in reaching server endpoint - No response received when attempting to reach /_stcore/health @ http://localhost:18501/static/js/index.k-9rUdPI.js:19
[14867842ms] [ERROR] Is Streamlit still running? If you accidentally stopped Streamlit, just restart it in your terminal: @ http://localhost:18501/static/js/index.k-9rUdPI.js:24
[14867861ms] [ERROR] Failed to load resource: net::ERR_CONNECTION_REFUSED @ http://localhost:18501/_stcore/host-config:0
[14872166ms] [ERROR] Failed to load resource: net::ERR_CONNECTION_REFUSED @ http://localhost:18501/_stcore/health:0
[14872166ms] [ERROR] Client Error in reaching server endpoint - No response received when attempting to reach /_stcore/health @ http://localhost:18501/static/js/index.k-9rUdPI.js:19
[14872167ms] [ERROR] Is Streamlit still running? If you accidentally stopped Streamlit, just restart it in your terminal: @ http://localhost:18501/static/js/index.k-9rUdPI.js:24
[14872167ms] [ERROR] Failed to load resource: net::ERR_CONNECTION_REFUSED @ http://localhost:18501/_stcore/host-config:0
[14876488ms] [ERROR] Failed to load resource: net::ERR_CONNECTION_REFUSED @ http://localhost:18501/_stcore/health:0
[14876488ms] [ERROR] Client Error in reaching server endpoint - No response received when attempting to reach /_stcore/health @ http://localhost:18501/static/js/index.k-9rUdPI.js:19
[14876488ms] [ERROR] Is Streamlit still running? If you accidentally stopped Streamlit, just restart it in your terminal: @ http://localhost:18501/static/js/index.k-9rUdPI.js:24
[14876488ms] [ERROR] Failed to load resource: net::ERR_CONNECTION_REFUSED @ http://localhost:18501/_stcore/host-config:0
[14880817ms] [ERROR] Failed to load resource: net::ERR_CONNECTION_REFUSED @ http://localhost:18501/_stcore/health:0
[14880818ms] [ERROR] Client Error in reaching server endpoint - No response received when attempting to reach /_stcore/health @ http://localhost:18501/static/js/index.k-9rUdPI.js:19
[14880818ms] [ERROR] Is Streamlit still running? If you accidentally stopped Streamlit, just restart it in your terminal: @ http://localhost:18501/static/js/index.k-9rUdPI.js:24
[14880835ms] [ERROR] Failed to load resource: net::ERR_CONNECTION_REFUSED @ http://localhost:18501/_stcore/host-config:0
[14885148ms] [ERROR] Failed to load resource: net::ERR_CONNECTION_REFUSED @ http://localhost:18501/_stcore/health:0
[14885148ms] [ERROR] Client Error in reaching server endpoint - No response received when attempting to reach /_stcore/health @ http://localhost:18501/static/js/index.k-9rUdPI.js:19
[14885148ms] [ERROR] Is Streamlit still running? If you accidentally stopped Streamlit, just restart it in your terminal: @ http://localhost:18501/static/js/index.k-9rUdPI.js:24
[14885148ms] [ERROR] Failed to load resource: net::ERR_CONNECTION_REFUSED @ http://localhost:18501/_stcore/host-config:0
[14889469ms] [ERROR] Failed to load resource: net::ERR_CONNECTION_REFUSED @ http://localhost:18501/_stcore/health:0
[14889469ms] [ERROR] Client Error in reaching server endpoint - No response received when attempting to reach /_stcore/health @ http://localhost:18501/static/js/index.k-9rUdPI.js:19
[14889469ms] [ERROR] Is Streamlit still running? If you accidentally stopped Streamlit, just restart it in your terminal: @ http://localhost:18501/static/js/index.k-9rUdPI.js:24
[14889483ms] [ERROR] Failed to load resource: net::ERR_CONNECTION_REFUSED @ http://localhost:18501/_stcore/host-config:0
[14893796ms] [ERROR] Failed to load resource: net::ERR_CONNECTION_REFUSED @ http://localhost:18501/_stcore/health:0
[14893796ms] [ERROR] Client Error in reaching server endpoint - No response received when attempting to reach /_stcore/health @ http://localhost:18501/static/js/index.k-9rUdPI.js:19
[14893796ms] [ERROR] Is Streamlit still running? If you accidentally stopped Streamlit, just restart it in your terminal: @ http://localhost:18501/static/js/index.k-9rUdPI.js:24
[14893796ms] [ERROR] Failed to load resource: net::ERR_CONNECTION_REFUSED @ http://localhost:18501/_stcore/host-config:0
[14898126ms] [ERROR] Failed to load resource: net::ERR_CONNECTION_REFUSED @ http://localhost:18501/_stcore/health:0
[14898126ms] [ERROR] Client Error in reaching server endpoint - No response received when attempting to reach /_stcore/health @ http://localhost:18501/static/js/index.k-9rUdPI.js:19
[14898127ms] [ERROR] Is Streamlit still running? If you accidentally stopped Streamlit, just restart it in your terminal: @ http://localhost:18501/static/js/index.k-9rUdPI.js:24
[14898151ms] [ERROR] Failed to load resource: net::ERR_CONNECTION_REFUSED @ http://localhost:18501/_stcore/host-config:0
[14902454ms] [ERROR] Failed to load resource: net::ERR_CONNECTION_REFUSED @ http://localhost:18501/_stcore/health:0
[14902454ms] [ERROR] Client Error in reaching server endpoint - No response received when attempting to reach /_stcore/health @ http://localhost:18501/static/js/index.k-9rUdPI.js:19
[14902454ms] [ERROR] Is Streamlit still running? If you accidentally stopped Streamlit, just restart it in your terminal: @ http://localhost:18501/static/js/index.k-9rUdPI.js:24
[14902454ms] [ERROR] Failed to load resource: net::ERR_CONNECTION_REFUSED @ http://localhost:18501/_stcore/host-config:0
[14906794ms] [ERROR] Failed to load resource: net::ERR_CONNECTION_REFUSED @ http://localhost:18501/_stcore/health:0
[14906794ms] [ERROR] Client Error in reaching server endpoint - No response received when attempting to reach /_stcore/health @ http://localhost:18501/static/js/index.k-9rUdPI.js:19
[14906794ms] [ERROR] Is Streamlit still running? If you accidentally stopped Streamlit, just restart it in your terminal: @ http://localhost:18501/static/js/index.k-9rUdPI.js:24
[14906794ms] [ERROR] Failed to load resource: net::ERR_CONNECTION_REFUSED @ http://localhost:18501/_stcore/host-config:0
[14911117ms] [ERROR] Failed to load resource: net::ERR_CONNECTION_REFUSED @ http://localhost:18501/_stcore/health:0
[14911117ms] [ERROR] Client Error in reaching server endpoint - No response received when attempting to reach /_stcore/health @ http://localhost:18501/static/js/index.k-9rUdPI.js:19
[14911118ms] [ERROR] Is Streamlit still running? If you accidentally stopped Streamlit, just restart it in your terminal: @ http://localhost:18501/static/js/index.k-9rUdPI.js:24
[14911118ms] [ERROR] Failed to load resource: net::ERR_CONNECTION_REFUSED @ http://localhost:18501/_stcore/host-config:0
[14915453ms] [ERROR] Failed to load resource: net::ERR_CONNECTION_REFUSED @ http://localhost:18501/_stcore/health:0
[14915453ms] [ERROR] Client Error in reaching server endpoint - No response received when attempting to reach /_stcore/health @ http://localhost:18501/static/js/index.k-9rUdPI.js:19
[14915453ms] [ERROR] Is Streamlit still running? If you accidentally stopped Streamlit, just restart it in your terminal: @ http://localhost:18501/static/js/index.k-9rUdPI.js:24
[14915476ms] [ERROR] Failed to load resource: net::ERR_CONNECTION_REFUSED @ http://localhost:18501/_stcore/host-config:0
[14919787ms] [ERROR] Failed to load resource: net::ERR_CONNECTION_REFUSED @ http://localhost:18501/_stcore/health:0
[14919787ms] [ERROR] Client Error in reaching server endpoint - No response received when attempting to reach /_stcore/health @ http://localhost:18501/static/js/index.k-9rUdPI.js:19
[14919787ms] [ERROR] Is Streamlit still running? If you accidentally stopped Streamlit, just restart it in your terminal: @ http://localhost:18501/static/js/index.k-9rUdPI.js:24
[14919788ms] [ERROR] Failed to load resource: net::ERR_CONNECTION_REFUSED @ http://localhost:18501/_stcore/host-config:0
[14924130ms] [ERROR] Failed to load resource: net::ERR_CONNECTION_REFUSED @ http://localhost:18501/_stcore/health:0
[14924130ms] [ERROR] Client Error in reaching server endpoint - No response received when attempting to reach /_stcore/health @ http://localhost:18501/static/js/index.k-9rUdPI.js:19
[14924130ms] [ERROR] Is Streamlit still running? If you accidentally stopped Streamlit, just restart it in your terminal: @ http://localhost:18501/static/js/index.k-9rUdPI.js:24
[14924130ms] [ERROR] Failed to load resource: net::ERR_CONNECTION_REFUSED @ http://localhost:18501/_stcore/host-config:0
[14928452ms] [ERROR] Failed to load resource: net::ERR_CONNECTION_REFUSED @ http://localhost:18501/_stcore/health:0
[14928453ms] [ERROR] Client Error in reaching server endpoint - No response received when attempting to reach /_stcore/health @ http://localhost:18501/static/js/index.k-9rUdPI.js:19
[14928453ms] [ERROR] Is Streamlit still running? If you accidentally stopped Streamlit, just restart it in your terminal: @ http://localhost:18501/static/js/index.k-9rUdPI.js:24
[14928470ms] [ERROR] Failed to load resource: net::ERR_CONNECTION_REFUSED @ http://localhost:18501/_stcore/host-config:0
[14932778ms] [ERROR] Failed to load resource: net::ERR_CONNECTION_REFUSED @ http://localhost:18501/_stcore/health:0
[14932778ms] [ERROR] Client Error in reaching server endpoint - No response received when attempting to reach /_stcore/health @ http://localhost:18501/static/js/index.k-9rUdPI.js:19
[14932778ms] [ERROR] Is Streamlit still running? If you accidentally stopped Streamlit, just restart it in your terminal: @ http://localhost:18501/static/js/index.k-9rUdPI.js:24
[14932778ms] [ERROR] Failed to load resource: net::ERR_CONNECTION_REFUSED @ http://localhost:18501/_stcore/host-config:0
[14937094ms] [ERROR] Failed to load resource: net::ERR_CONNECTION_REFUSED @ http://localhost:18501/_stcore/health:0
[14937094ms] [ERROR] Client Error in reaching server endpoint - No response received when attempting to reach /_stcore/health @ http://localhost:18501/static/js/index.k-9rUdPI.js:19
[14937095ms] [ERROR] Is Streamlit still running? If you accidentally stopped Streamlit, just restart it in your terminal: @ http://localhost:18501/static/js/index.k-9rUdPI.js:24
[14937095ms] [ERROR] Failed to load resource: net::ERR_CONNECTION_REFUSED @ http://localhost:18501/_stcore/host-config:0
[14941414ms] [ERROR] Failed to load resource: net::ERR_CONNECTION_REFUSED @ http://localhost:18501/_stcore/health:0
[14941414ms] [ERROR] Client Error in reaching server endpoint - No response received when attempting to reach /_stcore/health @ http://localhost:18501/static/js/index.k-9rUdPI.js:19
[14941414ms] [ERROR] Is Streamlit still running? If you accidentally stopped Streamlit, just restart it in your terminal: @ http://localhost:18501/static/js/index.k-9rUdPI.js:24
[14941430ms] [ERROR] Failed to load resource: net::ERR_CONNECTION_REFUSED @ http://localhost:18501/_stcore/host-config:0
[14945730ms] [ERROR] Failed to load resource: net::ERR_CONNECTION_REFUSED @ http://localhost:18501/_stcore/health:0
[14945730ms] [ERROR] Client Error in reaching server endpoint - No response received when attempting to reach /_stcore/health @ http://localhost:18501/static/js/index.k-9rUdPI.js:19
[14945730ms] [ERROR] Is Streamlit still running? If you accidentally stopped Streamlit, just restart it in your terminal: @ http://localhost:18501/static/js/index.k-9rUdPI.js:24
[14945730ms] [ERROR] Failed to load resource: net::ERR_CONNECTION_REFUSED @ http://localhost:18501/_stcore/host-config:0
[14950057ms] [ERROR] Failed to load resource: net::ERR_CONNECTION_REFUSED @ http://localhost:18501/_stcore/health:0
[14950057ms] [ERROR] Client Error in reaching server endpoint - No response received when attempting to reach /_stcore/health @ http://localhost:18501/static/js/index.k-9rUdPI.js:19
[14950057ms] [ERROR] Is Streamlit still running? If you accidentally stopped Streamlit, just restart it in your terminal: @ http://localhost:18501/static/js/index.k-9rUdPI.js:24
[14950084ms] [ERROR] Failed to load resource: net::ERR_CONNECTION_REFUSED @ http://localhost:18501/_stcore/host-config:0
[14954384ms] [ERROR] Failed to load resource: net::ERR_CONNECTION_REFUSED @ http://localhost:18501/_stcore/health:0
[14954384ms] [ERROR] Client Error in reaching server endpoint - No response received when attempting to reach /_stcore/health @ http://localhost:18501/static/js/index.k-9rUdPI.js:19
[14954384ms] [ERROR] Is Streamlit still running? If you accidentally stopped Streamlit, just restart it in your terminal: @ http://localhost:18501/static/js/index.k-9rUdPI.js:24
[14954407ms] [ERROR] Failed to load resource: net::ERR_CONNECTION_REFUSED @ http://localhost:18501/_stcore/host-config:0
[14958705ms] [ERROR] Failed to load resource: net::ERR_CONNECTION_REFUSED @ http://localhost:18501/_stcore/health:0
[14958705ms] [ERROR] Client Error in reaching server endpoint - No response received when attempting to reach /_stcore/health @ http://localhost:18501/static/js/index.k-9rUdPI.js:19
[14958705ms] [ERROR] Is Streamlit still running? If you accidentally stopped Streamlit, just restart it in your terminal: @ http://localhost:18501/static/js/index.k-9rUdPI.js:24
[14958730ms] [ERROR] Failed to load resource: net::ERR_CONNECTION_REFUSED @ http://localhost:18501/_stcore/host-config:0
[14963036ms] [ERROR] Failed to load resource: net::ERR_CONNECTION_REFUSED @ http://localhost:18501/_stcore/health:0
[14963037ms] [ERROR] Client Error in reaching server endpoint - No response received when attempting to reach /_stcore/health @ http://localhost:18501/static/js/index.k-9rUdPI.js:19
[14963037ms] [ERROR] Is Streamlit still running? If you accidentally stopped Streamlit, just restart it in your terminal: @ http://localhost:18501/static/js/index.k-9rUdPI.js:24
[14963037ms] [ERROR] Failed to load resource: net::ERR_CONNECTION_REFUSED @ http://localhost:18501/_stcore/host-config:0
[14967378ms] [ERROR] Failed to load resource: net::ERR_CONNECTION_REFUSED @ http://localhost:18501/_stcore/health:0
[14967378ms] [ERROR] Client Error in reaching server endpoint - No response received when attempting to reach /_stcore/health @ http://localhost:18501/static/js/index.k-9rUdPI.js:19
[14967378ms] [ERROR] Is Streamlit still running? If you accidentally stopped Streamlit, just restart it in your terminal: @ http://localhost:18501/static/js/index.k-9rUdPI.js:24
[14967379ms] [ERROR] Failed to load resource: net::ERR_CONNECTION_REFUSED @ http://localhost:18501/_stcore/host-config:0
[14971700ms] [ERROR] Failed to load resource: net::ERR_CONNECTION_REFUSED @ http://localhost:18501/_stcore/health:0
[14971700ms] [ERROR] Client Error in reaching server endpoint - No response received when attempting to reach /_stcore/health @ http://localhost:18501/static/js/index.k-9rUdPI.js:19
[14971700ms] [ERROR] Is Streamlit still running? If you accidentally stopped Streamlit, just restart it in your terminal: @ http://localhost:18501/static/js/index.k-9rUdPI.js:24
[14971700ms] [ERROR] Failed to load resource: net::ERR_CONNECTION_REFUSED @ http://localhost:18501/_stcore/host-config:0
[14976021ms] [ERROR] Failed to load resource: net::ERR_CONNECTION_REFUSED @ http://localhost:18501/_stcore/health:0
[14976021ms] [ERROR] Client Error in reaching server endpoint - No response received when attempting to reach /_stcore/health @ http://localhost:18501/static/js/index.k-9rUdPI.js:19
[14976021ms] [ERROR] Is Streamlit still running? If you accidentally stopped Streamlit, just restart it in your terminal: @ http://localhost:18501/static/js/index.k-9rUdPI.js:24
[14976021ms] [ERROR] Failed to load resource: net::ERR_CONNECTION_REFUSED @ http://localhost:18501/_stcore/host-config:0
[14980353ms] [ERROR] Failed to load resource: net::ERR_CONNECTION_REFUSED @ http://localhost:18501/_stcore/health:0
[14980353ms] [ERROR] Client Error in reaching server endpoint - No response received when attempting to reach /_stcore/health @ http://localhost:18501/static/js/index.k-9rUdPI.js:19
[14980353ms] [ERROR] Is Streamlit still running? If you accidentally stopped Streamlit, just restart it in your terminal: @ http://localhost:18501/static/js/index.k-9rUdPI.js:24
[14980353ms] [ERROR] Failed to load resource: net::ERR_CONNECTION_REFUSED @ http://localhost:18501/_stcore/host-config:0
[14984678ms] [ERROR] Failed to load resource: net::ERR_CONNECTION_REFUSED @ http://localhost:18501/_stcore/health:0
[14984678ms] [ERROR] Client Error in reaching server endpoint - No response received when attempting to reach /_stcore/health @ http://localhost:18501/static/js/index.k-9rUdPI.js:19
[14984679ms] [ERROR] Is Streamlit still running? If you accidentally stopped Streamlit, just restart it in your terminal: @ http://localhost:18501/static/js/index.k-9rUdPI.js:24
[14984710ms] [ERROR] Failed to load resource: net::ERR_CONNECTION_REFUSED @ http://localhost:18501/_stcore/host-config:0
[14989015ms] [ERROR] Failed to load resource: net::ERR_CONNECTION_REFUSED @ http://localhost:18501/_stcore/health:0
[14989015ms] [ERROR] Client Error in reaching server endpoint - No response received when attempting to reach /_stcore/health @ http://localhost:18501/static/js/index.k-9rUdPI.js:19
[14989015ms] [ERROR] Is Streamlit still running? If you accidentally stopped Streamlit, just restart it in your terminal: @ http://localhost:18501/static/js/index.k-9rUdPI.js:24
[14989015ms] [ERROR] Failed to load resource: net::ERR_CONNECTION_REFUSED @ http://localhost:18501/_stcore/host-config:0
[14993358ms] [ERROR] Failed to load resource: net::ERR_CONNECTION_REFUSED @ http://localhost:18501/_stcore/health:0
[14993358ms] [ERROR] Client Error in reaching server endpoint - No response received when attempting to reach /_stcore/health @ http://localhost:18501/static/js/index.k-9rUdPI.js:19
[14993358ms] [ERROR] Is Streamlit still running? If you accidentally stopped Streamlit, just restart it in your terminal: @ http://localhost:18501/static/js/index.k-9rUdPI.js:24
[14993358ms] [ERROR] Failed to load resource: net::ERR_CONNECTION_REFUSED @ http://localhost:18501/_stcore/host-config:0
[14997688ms] [ERROR] Failed to load resource: net::ERR_CONNECTION_REFUSED @ http://localhost:18501/_stcore/health:0
[14997688ms] [ERROR] Client Error in reaching server endpoint - No response received when attempting to reach /_stcore/health @ http://localhost:18501/static/js/index.k-9rUdPI.js:19
[14997688ms] [ERROR] Is Streamlit still running? If you accidentally stopped Streamlit, just restart it in your terminal: @ http://localhost:18501/static/js/index.k-9rUdPI.js:24
[14997688ms] [ERROR] Failed to load resource: net::ERR_CONNECTION_REFUSED @ http://localhost:18501/_stcore/host-config:0
[15002027ms] [ERROR] Failed to load resource: net::ERR_CONNECTION_REFUSED @ http://localhost:18501/_stcore/health:0
[15002027ms] [ERROR] Client Error in reaching server endpoint - No response received when attempting to reach /_stcore/health @ http://localhost:18501/static/js/index.k-9rUdPI.js:19
[15002027ms] [ERROR] Is Streamlit still running? If you accidentally stopped Streamlit, just restart it in your terminal: @ http://localhost:18501/static/js/index.k-9rUdPI.js:24
[15002027ms] [ERROR] Failed to load resource: net::ERR_CONNECTION_REFUSED @ http://localhost:18501/_stcore/host-config:0
[15006361ms] [ERROR] Failed to load resource: net::ERR_CONNECTION_REFUSED @ http://localhost:18501/_stcore/health:0
[15006361ms] [ERROR] Client Error in reaching server endpoint - No response received when attempting to reach /_stcore/health @ http://localhost:18501/static/js/index.k-9rUdPI.js:19
[15006361ms] [ERROR] Is Streamlit still running? If you accidentally stopped Streamlit, just restart it in your terminal: @ http://localhost:18501/static/js/index.k-9rUdPI.js:24
[15006361ms] [ERROR] Failed to load resource: net::ERR_CONNECTION_REFUSED @ http://localhost:18501/_stcore/host-config:0
[15010688ms] [ERROR] Failed to load resource: net::ERR_CONNECTION_REFUSED @ http://localhost:18501/_stcore/health:0
[15010688ms] [ERROR] Client Error in reaching server endpoint - No response received when attempting to reach /_stcore/health @ http://localhost:18501/static/js/index.k-9rUdPI.js:19
[15010688ms] [ERROR] Is Streamlit still running? If you accidentally stopped Streamlit, just restart it in your terminal: @ http://localhost:18501/static/js/index.k-9rUdPI.js:24
[15010703ms] [ERROR] Failed to load resource: net::ERR_CONNECTION_REFUSED @ http://localhost:18501/_stcore/host-config:0
[15015020ms] [ERROR] Failed to load resource: net::ERR_CONNECTION_REFUSED @ http://localhost:18501/_stcore/health:0
[15015021ms] [ERROR] Client Error in reaching server endpoint - No response received when attempting to reach /_stcore/health @ http://localhost:18501/static/js/index.k-9rUdPI.js:19
[15015021ms] [ERROR] Is Streamlit still running? If you accidentally stopped Streamlit, just restart it in your terminal: @ http://localhost:18501/static/js/index.k-9rUdPI.js:24
[15015021ms] [ERROR] Failed to load resource: net::ERR_CONNECTION_REFUSED @ http://localhost:18501/_stcore/host-config:0
[15019360ms] [ERROR] Failed to load resource: net::ERR_CONNECTION_REFUSED @ http://localhost:18501/_stcore/health:0
[15019360ms] [ERROR] Client Error in reaching server endpoint - No response received when attempting to reach /_stcore/health @ http://localhost:18501/static/js/index.k-9rUdPI.js:19
[15019360ms] [ERROR] Is Streamlit still running? If you accidentally stopped Streamlit, just restart it in your terminal: @ http://localhost:18501/static/js/index.k-9rUdPI.js:24
[15019361ms] [ERROR] Failed to load resource: net::ERR_CONNECTION_REFUSED @ http://localhost:18501/_stcore/host-config:0
[15023697ms] [ERROR] Failed to load resource: net::ERR_CONNECTION_REFUSED @ http://localhost:18501/_stcore/health:0
[15023697ms] [ERROR] Client Error in reaching server endpoint - No response received when attempting to reach /_stcore/health @ http://localhost:18501/static/js/index.k-9rUdPI.js:19
[15023697ms] [ERROR] Is Streamlit still running? If you accidentally stopped Streamlit, just restart it in your terminal: @ http://localhost:18501/static/js/index.k-9rUdPI.js:24
[15023697ms] [ERROR] Failed to load resource: net::ERR_CONNECTION_REFUSED @ http://localhost:18501/_stcore/host-config:0
[15028013ms] [ERROR] Failed to load resource: net::ERR_CONNECTION_REFUSED @ http://localhost:18501/_stcore/health:0
[15028013ms] [ERROR] Client Error in reaching server endpoint - No response received when attempting to reach /_stcore/health @ http://localhost:18501/static/js/index.k-9rUdPI.js:19
[15028014ms] [ERROR] Is Streamlit still running? If you accidentally stopped Streamlit, just restart it in your terminal: @ http://localhost:18501/static/js/index.k-9rUdPI.js:24
[15028014ms] [ERROR] Failed to load resource: net::ERR_CONNECTION_REFUSED @ http://localhost:18501/_stcore/host-config:0
[15032346ms] [ERROR] Failed to load resource: net::ERR_CONNECTION_REFUSED @ http://localhost:18501/_stcore/health:0
[15032346ms] [ERROR] Client Error in reaching server endpoint - No response received when attempting to reach /_stcore/health @ http://localhost:18501/static/js/index.k-9rUdPI.js:19
[15032346ms] [ERROR] Is Streamlit still running? If you accidentally stopped Streamlit, just restart it in your terminal: @ http://localhost:18501/static/js/index.k-9rUdPI.js:24
[15032366ms] [ERROR] Failed to load resource: net::ERR_CONNECTION_REFUSED @ http://localhost:18501/_stcore/host-config:0
[15036683ms] [ERROR] Failed to load resource: net::ERR_CONNECTION_REFUSED @ http://localhost:18501/_stcore/health:0
[15036683ms] [ERROR] Client Error in reaching server endpoint - No response received when attempting to reach /_stcore/health @ http://localhost:18501/static/js/index.k-9rUdPI.js:19
[15036683ms] [ERROR] Is Streamlit still running? If you accidentally stopped Streamlit, just restart it in your terminal: @ http://localhost:18501/static/js/index.k-9rUdPI.js:24
[15036684ms] [ERROR] Failed to load resource: net::ERR_CONNECTION_REFUSED @ http://localhost:18501/_stcore/host-config:0
[15041021ms] [ERROR] Failed to load resource: net::ERR_CONNECTION_REFUSED @ http://localhost:18501/_stcore/health:0
[15041021ms] [ERROR] Client Error in reaching server endpoint - No response received when attempting to reach /_stcore/health @ http://localhost:18501/static/js/index.k-9rUdPI.js:19
[15041021ms] [ERROR] Is Streamlit still running? If you accidentally stopped Streamlit, just restart it in your terminal: @ http://localhost:18501/static/js/index.k-9rUdPI.js:24
[15041021ms] [ERROR] Failed to load resource: net::ERR_CONNECTION_REFUSED @ http://localhost:18501/_stcore/host-config:0
[15045348ms] [ERROR] Failed to load resource: net::ERR_CONNECTION_REFUSED @ http://localhost:18501/_stcore/health:0
[15045348ms] [ERROR] Client Error in reaching server endpoint - No response received when attempting to reach /_stcore/health @ http://localhost:18501/static/js/index.k-9rUdPI.js:19
[15045349ms] [ERROR] Is Streamlit still running? If you accidentally stopped Streamlit, just restart it in your terminal: @ http://localhost:18501/static/js/index.k-9rUdPI.js:24
[15045349ms] [ERROR] Failed to load resource: net::ERR_CONNECTION_REFUSED @ http://localhost:18501/_stcore/host-config:0
[15049676ms] [ERROR] Failed to load resource: net::ERR_CONNECTION_REFUSED @ http://localhost:18501/_stcore/health:0
[15049676ms] [ERROR] Client Error in reaching server endpoint - No response received when attempting to reach /_stcore/health @ http://localhost:18501/static/js/index.k-9rUdPI.js:19
[15049676ms] [ERROR] Is Streamlit still running? If you accidentally stopped Streamlit, just restart it in your terminal: @ http://localhost:18501/static/js/index.k-9rUdPI.js:24
[15049676ms] [ERROR] Failed to load resource: net::ERR_CONNECTION_REFUSED @ http://localhost:18501/_stcore/host-config:0
[15054003ms] [ERROR] Failed to load resource: net::ERR_CONNECTION_REFUSED @ http://localhost:18501/_stcore/health:0
[15054003ms] [ERROR] Client Error in reaching server endpoint - No response received when attempting to reach /_stcore/health @ http://localhost:18501/static/js/index.k-9rUdPI.js:19
[15054004ms] [ERROR] Is Streamlit still running? If you accidentally stopped Streamlit, just restart it in your terminal: @ http://localhost:18501/static/js/index.k-9rUdPI.js:24
[15054004ms] [ERROR] Failed to load resource: net::ERR_CONNECTION_REFUSED @ http://localhost:18501/_stcore/host-config:0
[15058336ms] [ERROR] Failed to load resource: net::ERR_CONNECTION_REFUSED @ http://localhost:18501/_stcore/health:0
[15058336ms] [ERROR] Client Error in reaching server endpoint - No response received when attempting to reach /_stcore/health @ http://localhost:18501/static/js/index.k-9rUdPI.js:19
[15058337ms] [ERROR] Is Streamlit still running? If you accidentally stopped Streamlit, just restart it in your terminal: @ http://localhost:18501/static/js/index.k-9rUdPI.js:24
[15058337ms] [ERROR] Failed to load resource: net::ERR_CONNECTION_REFUSED @ http://localhost:18501/_stcore/host-config:0
[15062679ms] [ERROR] Failed to load resource: net::ERR_CONNECTION_REFUSED @ http://localhost:18501/_stcore/health:0
[15062679ms] [ERROR] Client Error in reaching server endpoint - No response received when attempting to reach /_stcore/health @ http://localhost:18501/static/js/index.k-9rUdPI.js:19
[15062679ms] [ERROR] Is Streamlit still running? If you accidentally stopped Streamlit, just restart it in your terminal: @ http://localhost:18501/static/js/index.k-9rUdPI.js:24
[15062679ms] [ERROR] Failed to load resource: net::ERR_CONNECTION_REFUSED @ http://localhost:18501/_stcore/host-config:0
[15067000ms] [ERROR] Failed to load resource: net::ERR_CONNECTION_REFUSED @ http://localhost:18501/_stcore/health:0
[15067000ms] [ERROR] Client Error in reaching server endpoint - No response received when attempting to reach /_stcore/health @ http://localhost:18501/static/js/index.k-9rUdPI.js:19
[15067000ms] [ERROR] Is Streamlit still running? If you accidentally stopped Streamlit, just restart it in your terminal: @ http://localhost:18501/static/js/index.k-9rUdPI.js:24
[15067000ms] [ERROR] Failed to load resource: net::ERR_CONNECTION_REFUSED @ http://localhost:18501/_stcore/host-config:0
[15071332ms] [ERROR] Failed to load resource: net::ERR_CONNECTION_REFUSED @ http://localhost:18501/_stcore/health:0
[15071332ms] [ERROR] Client Error in reaching server endpoint - No response received when attempting to reach /_stcore/health @ http://localhost:18501/static/js/index.k-9rUdPI.js:19
[15071332ms] [ERROR] Is Streamlit still running? If you accidentally stopped Streamlit, just restart it in your terminal: @ http://localhost:18501/static/js/index.k-9rUdPI.js:24
[15071332ms] [ERROR] Failed to load resource: net::ERR_CONNECTION_REFUSED @ http://localhost:18501/_stcore/host-config:0
[15075656ms] [ERROR] Failed to load resource: net::ERR_CONNECTION_REFUSED @ http://localhost:18501/_stcore/health:0
[15075656ms] [ERROR] Client Error in reaching server endpoint - No response received when attempting to reach /_stcore/health @ http://localhost:18501/static/js/index.k-9rUdPI.js:19
[15075656ms] [ERROR] Is Streamlit still running? If you accidentally stopped Streamlit, just restart it in your terminal: @ http://localhost:18501/static/js/index.k-9rUdPI.js:24
[15075674ms] [ERROR] Failed to load resource: net::ERR_CONNECTION_REFUSED @ http://localhost:18501/_stcore/host-config:0
[15079997ms] [ERROR] Failed to load resource: net::ERR_CONNECTION_REFUSED @ http://localhost:18501/_stcore/health:0
[15079998ms] [ERROR] Client Error in reaching server endpoint - No response received when attempting to reach /_stcore/health @ http://localhost:18501/static/js/index.k-9rUdPI.js:19
[15079998ms] [ERROR] Is Streamlit still running? If you accidentally stopped Streamlit, just restart it in your terminal: @ http://localhost:18501/static/js/index.k-9rUdPI.js:24
[15079998ms] [ERROR] Failed to load resource: net::ERR_CONNECTION_REFUSED @ http://localhost:18501/_stcore/host-config:0
[15084332ms] [ERROR] Failed to load resource: net::ERR_CONNECTION_REFUSED @ http://localhost:18501/_stcore/health:0
[15084333ms] [ERROR] Client Error in reaching server endpoint - No response received when attempting to reach /_stcore/health @ http://localhost:18501/static/js/index.k-9rUdPI.js:19
[15084333ms] [ERROR] Is Streamlit still running? If you accidentally stopped Streamlit, just restart it in your terminal: @ http://localhost:18501/static/js/index.k-9rUdPI.js:24
[15084352ms] [ERROR] Failed to load resource: net::ERR_CONNECTION_REFUSED @ http://localhost:18501/_stcore/host-config:0
[15088682ms] [ERROR] Failed to load resource: net::ERR_CONNECTION_REFUSED @ http://localhost:18501/_stcore/health:0
[15088682ms] [ERROR] Client Error in reaching server endpoint - No response received when attempting to reach /_stcore/health @ http://localhost:18501/static/js/index.k-9rUdPI.js:19
[15088682ms] [ERROR] Is Streamlit still running? If you accidentally stopped Streamlit, just restart it in your terminal: @ http://localhost:18501/static/js/index.k-9rUdPI.js:24
[15088683ms] [ERROR] Failed to load resource: net::ERR_CONNECTION_REFUSED @ http://localhost:18501/_stcore/host-config:0
[15093027ms] [ERROR] Failed to load resource: net::ERR_CONNECTION_REFUSED @ http://localhost:18501/_stcore/health:0
[15093028ms] [ERROR] Client Error in reaching server endpoint - No response received when attempting to reach /_stcore/health @ http://localhost:18501/static/js/index.k-9rUdPI.js:19
[15093028ms] [ERROR] Is Streamlit still running? If you accidentally stopped Streamlit, just restart it in your terminal: @ http://localhost:18501/static/js/index.k-9rUdPI.js:24
[15093028ms] [ERROR] Failed to load resource: net::ERR_CONNECTION_REFUSED @ http://localhost:18501/_stcore/host-config:0
[15097376ms] [ERROR] Failed to load resource: net::ERR_CONNECTION_REFUSED @ http://localhost:18501/_stcore/health:0
[15097376ms] [ERROR] Client Error in reaching server endpoint - No response received when attempting to reach /_stcore/health @ http://localhost:18501/static/js/index.k-9rUdPI.js:19
[15097376ms] [ERROR] Is Streamlit still running? If you accidentally stopped Streamlit, just restart it in your terminal: @ http://localhost:18501/static/js/index.k-9rUdPI.js:24
[15097376ms] [ERROR] Failed to load resource: net::ERR_CONNECTION_REFUSED @ http://localhost:18501/_stcore/host-config:0
[15101715ms] [ERROR] Failed to load resource: net::ERR_CONNECTION_REFUSED @ http://localhost:18501/_stcore/health:0
[15101715ms] [ERROR] Client Error in reaching server endpoint - No response received when attempting to reach /_stcore/health @ http://localhost:18501/static/js/index.k-9rUdPI.js:19
[15101715ms] [ERROR] Is Streamlit still running? If you accidentally stopped Streamlit, just restart it in your terminal: @ http://localhost:18501/static/js/index.k-9rUdPI.js:24
[15101715ms] [ERROR] Failed to load resource: net::ERR_CONNECTION_REFUSED @ http://localhost:18501/_stcore/host-config:0
[15106052ms] [ERROR] Failed to load resource: net::ERR_CONNECTION_REFUSED @ http://localhost:18501/_stcore/health:0
[15106053ms] [ERROR] Client Error in reaching server endpoint - No response received when attempting to reach /_stcore/health @ http://localhost:18501/static/js/index.k-9rUdPI.js:19
[15106053ms] [ERROR] Is Streamlit still running? If you accidentally stopped Streamlit, just restart it in your terminal: @ http://localhost:18501/static/js/index.k-9rUdPI.js:24
[15106088ms] [ERROR] Failed to load resource: net::ERR_CONNECTION_REFUSED @ http://localhost:18501/_stcore/host-config:0
[15110396ms] [ERROR] Failed to load resource: net::ERR_CONNECTION_REFUSED @ http://localhost:18501/_stcore/health:0
[15110396ms] [ERROR] Client Error in reaching server endpoint - No response received when attempting to reach /_stcore/health @ http://localhost:18501/static/js/index.k-9rUdPI.js:19
[15110396ms] [ERROR] Is Streamlit still running? If you accidentally stopped Streamlit, just restart it in your terminal: @ http://localhost:18501/static/js/index.k-9rUdPI.js:24
[15110397ms] [ERROR] Failed to load resource: net::ERR_CONNECTION_REFUSED @ http://localhost:18501/_stcore/host-config:0
[15114724ms] [ERROR] Failed to load resource: net::ERR_CONNECTION_REFUSED @ http://localhost:18501/_stcore/health:0
[15114724ms] [ERROR] Client Error in reaching server endpoint - No response received when attempting to reach /_stcore/health @ http://localhost:18501/static/js/index.k-9rUdPI.js:19
[15114724ms] [ERROR] Is Streamlit still running? If you accidentally stopped Streamlit, just restart it in your terminal: @ http://localhost:18501/static/js/index.k-9rUdPI.js:24
[15114724ms] [ERROR] Failed to load resource: net::ERR_CONNECTION_REFUSED @ http://localhost:18501/_stcore/host-config:0
[15119050ms] [ERROR] Failed to load resource: net::ERR_CONNECTION_REFUSED @ http://localhost:18501/_stcore/health:0
[15119050ms] [ERROR] Client Error in reaching server endpoint - No response received when attempting to reach /_stcore/health @ http://localhost:18501/static/js/index.k-9rUdPI.js:19
[15119050ms] [ERROR] Is Streamlit still running? If you accidentally stopped Streamlit, just restart it in your terminal: @ http://localhost:18501/static/js/index.k-9rUdPI.js:24
[15119050ms] [ERROR] Failed to load resource: net::ERR_CONNECTION_REFUSED @ http://localhost:18501/_stcore/host-config:0
[15123368ms] [ERROR] Failed to load resource: net::ERR_CONNECTION_REFUSED @ http://localhost:18501/_stcore/health:0
[15123368ms] [ERROR] Client Error in reaching server endpoint - No response received when attempting to reach /_stcore/health @ http://localhost:18501/static/js/index.k-9rUdPI.js:19
[15123368ms] [ERROR] Is Streamlit still running? If you accidentally stopped Streamlit, just restart it in your terminal: @ http://localhost:18501/static/js/index.k-9rUdPI.js:24
[15123369ms] [ERROR] Failed to load resource: net::ERR_CONNECTION_REFUSED @ http://localhost:18501/_stcore/host-config:0
[15127726ms] [ERROR] Failed to load resource: net::ERR_CONNECTION_REFUSED @ http://localhost:18501/_stcore/health:0
[15127726ms] [ERROR] Client Error in reaching server endpoint - No response received when attempting to reach /_stcore/health @ http://localhost:18501/static/js/index.k-9rUdPI.js:19
[15127726ms] [ERROR] Is Streamlit still running? If you accidentally stopped Streamlit, just restart it in your terminal: @ http://localhost:18501/static/js/index.k-9rUdPI.js:24
[15127726ms] [ERROR] Failed to load resource: net::ERR_CONNECTION_REFUSED @ http://localhost:18501/_stcore/host-config:0
[15132068ms] [ERROR] Failed to load resource: net::ERR_CONNECTION_REFUSED @ http://localhost:18501/_stcore/health:0
[15132068ms] [ERROR] Client Error in reaching server endpoint - No response received when attempting to reach /_stcore/health @ http://localhost:18501/static/js/index.k-9rUdPI.js:19
[15132069ms] [ERROR] Is Streamlit still running? If you accidentally stopped Streamlit, just restart it in your terminal: @ http://localhost:18501/static/js/index.k-9rUdPI.js:24
[15132091ms] [ERROR] Failed to load resource: net::ERR_CONNECTION_REFUSED @ http://localhost:18501/_stcore/host-config:0
[15136417ms] [ERROR] Failed to load resource: net::ERR_CONNECTION_REFUSED @ http://localhost:18501/_stcore/health:0
[15136417ms] [ERROR] Client Error in reaching server endpoint - No response received when attempting to reach /_stcore/health @ http://localhost:18501/static/js/index.k-9rUdPI.js:19
[15136417ms] [ERROR] Is Streamlit still running? If you accidentally stopped Streamlit, just restart it in your terminal: @ http://localhost:18501/static/js/index.k-9rUdPI.js:24
[15136417ms] [ERROR] Failed to load resource: net::ERR_CONNECTION_REFUSED @ http://localhost:18501/_stcore/host-config:0
[15140750ms] [ERROR] Failed to load resource: net::ERR_CONNECTION_REFUSED @ http://localhost:18501/_stcore/health:0
[15140750ms] [ERROR] Client Error in reaching server endpoint - No response received when attempting to reach /_stcore/health @ http://localhost:18501/static/js/index.k-9rUdPI.js:19
[15140751ms] [ERROR] Is Streamlit still running? If you accidentally stopped Streamlit, just restart it in your terminal: @ http://localhost:18501/static/js/index.k-9rUdPI.js:24
[15140751ms] [ERROR] Failed to load resource: net::ERR_CONNECTION_REFUSED @ http://localhost:18501/_stcore/host-config:0
[15145098ms] [ERROR] Failed to load resource: net::ERR_CONNECTION_REFUSED @ http://localhost:18501/_stcore/health:0
[15145098ms] [ERROR] Client Error in reaching server endpoint - No response received when attempting to reach /_stcore/health @ http://localhost:18501/static/js/index.k-9rUdPI.js:19
[15145098ms] [ERROR] Is Streamlit still running? If you accidentally stopped Streamlit, just restart it in your terminal: @ http://localhost:18501/static/js/index.k-9rUdPI.js:24
[15145116ms] [ERROR] Failed to load resource: net::ERR_CONNECTION_REFUSED @ http://localhost:18501/_stcore/host-config:0
[15149417ms] [ERROR] Failed to load resource: net::ERR_CONNECTION_REFUSED @ http://localhost:18501/_stcore/health:0
[15149417ms] [ERROR] Client Error in reaching server endpoint - No response received when attempting to reach /_stcore/health @ http://localhost:18501/static/js/index.k-9rUdPI.js:19
[15149417ms] [ERROR] Is Streamlit still running? If you accidentally stopped Streamlit, just restart it in your terminal: @ http://localhost:18501/static/js/index.k-9rUdPI.js:24
[15149417ms] [ERROR] Failed to load resource: net::ERR_CONNECTION_REFUSED @ http://localhost:18501/_stcore/host-config:0
[15153774ms] [ERROR] Failed to load resource: net::ERR_CONNECTION_REFUSED @ http://localhost:18501/_stcore/health:0
[15153774ms] [ERROR] Client Error in reaching server endpoint - No response received when attempting to reach /_stcore/health @ http://localhost:18501/static/js/index.k-9rUdPI.js:19
[15153775ms] [ERROR] Is Streamlit still running? If you accidentally stopped Streamlit, just restart it in your terminal: @ http://localhost:18501/static/js/index.k-9rUdPI.js:24
[15153775ms] [ERROR] Failed to load resource: net::ERR_CONNECTION_REFUSED @ http://localhost:18501/_stcore/host-config:0
[15158108ms] [ERROR] Failed to load resource: net::ERR_CONNECTION_REFUSED @ http://localhost:18501/_stcore/health:0
[15158109ms] [ERROR] Client Error in reaching server endpoint - No response received when attempting to reach /_stcore/health @ http://localhost:18501/static/js/index.k-9rUdPI.js:19
[15158109ms] [ERROR] Is Streamlit still running? If you accidentally stopped Streamlit, just restart it in your terminal: @ http://localhost:18501/static/js/index.k-9rUdPI.js:24
[15158109ms] [ERROR] Failed to load resource: net::ERR_CONNECTION_REFUSED @ http://localhost:18501/_stcore/host-config:0
[15162479ms] [ERROR] Failed to load resource: net::ERR_CONNECTION_REFUSED @ http://localhost:18501/_stcore/health:0
[15162479ms] [ERROR] Client Error in reaching server endpoint - No response received when attempting to reach /_stcore/health @ http://localhost:18501/static/js/index.k-9rUdPI.js:19
[15162479ms] [ERROR] Is Streamlit still running? If you accidentally stopped Streamlit, just restart it in your terminal: @ http://localhost:18501/static/js/index.k-9rUdPI.js:24
[15162479ms] [ERROR] Failed to load resource: net::ERR_CONNECTION_REFUSED @ http://localhost:18501/_stcore/host-config:0
[15166859ms] [ERROR] Failed to load resource: net::ERR_CONNECTION_REFUSED @ http://localhost:18501/_stcore/health:0
[15166860ms] [ERROR] Client Error in reaching server endpoint - No response received when attempting to reach /_stcore/health @ http://localhost:18501/static/js/index.k-9rUdPI.js:19
[15166860ms] [ERROR] Is Streamlit still running? If you accidentally stopped Streamlit, just restart it in your terminal: @ http://localhost:18501/static/js/index.k-9rUdPI.js:24
[15166860ms] [ERROR] Failed to load resource: net::ERR_CONNECTION_REFUSED @ http://localhost:18501/_stcore/host-config:0
[15171213ms] [ERROR] Failed to load resource: net::ERR_CONNECTION_REFUSED @ http://localhost:18501/_stcore/health:0
[15171213ms] [ERROR] Client Error in reaching server endpoint - No response received when attempting to reach /_stcore/health @ http://localhost:18501/static/js/index.k-9rUdPI.js:19
[15171213ms] [ERROR] Is Streamlit still running? If you accidentally stopped Streamlit, just restart it in your terminal: @ http://localhost:18501/static/js/index.k-9rUdPI.js:24
[15171213ms] [ERROR] Failed to load resource: net::ERR_CONNECTION_REFUSED @ http://localhost:18501/_stcore/host-config:0
[15175549ms] [ERROR] Failed to load resource: net::ERR_CONNECTION_REFUSED @ http://localhost:18501/_stcore/health:0
[15175549ms] [ERROR] Client Error in reaching server endpoint - No response received when attempting to reach /_stcore/health @ http://localhost:18501/static/js/index.k-9rUdPI.js:19
[15175550ms] [ERROR] Is Streamlit still running? If you accidentally stopped Streamlit, just restart it in your terminal: @ http://localhost:18501/static/js/index.k-9rUdPI.js:24
[15175569ms] [ERROR] Failed to load resource: net::ERR_CONNECTION_REFUSED @ http://localhost:18501/_stcore/host-config:0
[15179896ms] [ERROR] Failed to load resource: net::ERR_CONNECTION_REFUSED @ http://localhost:18501/_stcore/health:0
[15179896ms] [ERROR] Client Error in reaching server endpoint - No response received when attempting to reach /_stcore/health @ http://localhost:18501/static/js/index.k-9rUdPI.js:19
[15179896ms] [ERROR] Is Streamlit still running? If you accidentally stopped Streamlit, just restart it in your terminal: @ http://localhost:18501/static/js/index.k-9rUdPI.js:24
[15179896ms] [ERROR] Failed to load resource: net::ERR_CONNECTION_REFUSED @ http://localhost:18501/_stcore/host-config:0
[15184251ms] [ERROR] Failed to load resource: net::ERR_CONNECTION_REFUSED @ http://localhost:18501/_stcore/health:0
[15184251ms] [ERROR] Client Error in reaching server endpoint - No response received when attempting to reach /_stcore/health @ http://localhost:18501/static/js/index.k-9rUdPI.js:19
[15184251ms] [ERROR] Is Streamlit still running? If you accidentally stopped Streamlit, just restart it in your terminal: @ http://localhost:18501/static/js/index.k-9rUdPI.js:24
[15184251ms] [ERROR] Failed to load resource: net::ERR_CONNECTION_REFUSED @ http://localhost:18501/_stcore/host-config:0
[15188583ms] [ERROR] Failed to load resource: net::ERR_CONNECTION_REFUSED @ http://localhost:18501/_stcore/health:0
[15188584ms] [ERROR] Client Error in reaching server endpoint - No response received when attempting to reach /_stcore/health @ http://localhost:18501/static/js/index.k-9rUdPI.js:19
[15188584ms] [ERROR] Is Streamlit still running? If you accidentally stopped Streamlit, just restart it in your terminal: @ http://localhost:18501/static/js/index.k-9rUdPI.js:24
[15188584ms] [ERROR] Failed to load resource: net::ERR_CONNECTION_REFUSED @ http://localhost:18501/_stcore/host-config:0
[15192940ms] [ERROR] Failed to load resource: net::ERR_CONNECTION_REFUSED @ http://localhost:18501/_stcore/health:0
[15192940ms] [ERROR] Client Error in reaching server endpoint - No response received when attempting to reach /_stcore/health @ http://localhost:18501/static/js/index.k-9rUdPI.js:19
[15192940ms] [ERROR] Is Streamlit still running? If you accidentally stopped Streamlit, just restart it in your terminal: @ http://localhost:18501/static/js/index.k-9rUdPI.js:24
[15192940ms] [ERROR] Failed to load resource: net::ERR_CONNECTION_REFUSED @ http://localhost:18501/_stcore/host-config:0
[15197276ms] [ERROR] Failed to load resource: net::ERR_CONNECTION_REFUSED @ http://localhost:18501/_stcore/health:0
[15197276ms] [ERROR] Client Error in reaching server endpoint - No response received when attempting to reach /_stcore/health @ http://localhost:18501/static/js/index.k-9rUdPI.js:19
[15197276ms] [ERROR] Is Streamlit still running? If you accidentally stopped Streamlit, just restart it in your terminal: @ http://localhost:18501/static/js/index.k-9rUdPI.js:24
[15197277ms] [ERROR] Failed to load resource: net::ERR_CONNECTION_REFUSED @ http://localhost:18501/_stcore/host-config:0
[15201621ms] [ERROR] Failed to load resource: net::ERR_CONNECTION_REFUSED @ http://localhost:18501/_stcore/health:0
[15201621ms] [ERROR] Client Error in reaching server endpoint - No response received when attempting to reach /_stcore/health @ http://localhost:18501/static/js/index.k-9rUdPI.js:19
[15201621ms] [ERROR] Is Streamlit still running? If you accidentally stopped Streamlit, just restart it in your terminal: @ http://localhost:18501/static/js/index.k-9rUdPI.js:24
[15201622ms] [ERROR] Failed to load resource: net::ERR_CONNECTION_REFUSED @ http://localhost:18501/_stcore/host-config:0
[15205989ms] [ERROR] Failed to load resource: net::ERR_CONNECTION_REFUSED @ http://localhost:18501/_stcore/health:0
[15205989ms] [ERROR] Client Error in reaching server endpoint - No response received when attempting to reach /_stcore/health @ http://localhost:18501/static/js/index.k-9rUdPI.js:19
[15205990ms] [ERROR] Is Streamlit still running? If you accidentally stopped Streamlit, just restart it in your terminal: @ http://localhost:18501/static/js/index.k-9rUdPI.js:24
[15205990ms] [ERROR] Failed to load resource: net::ERR_CONNECTION_REFUSED @ http://localhost:18501/_stcore/host-config:0
[15210335ms] [ERROR] Failed to load resource: net::ERR_CONNECTION_REFUSED @ http://localhost:18501/_stcore/health:0
[15210335ms] [ERROR] Client Error in reaching server endpoint - No response received when attempting to reach /_stcore/health @ http://localhost:18501/static/js/index.k-9rUdPI.js:19
[15210336ms] [ERROR] Is Streamlit still running? If you accidentally stopped Streamlit, just restart it in your terminal: @ http://localhost:18501/static/js/index.k-9rUdPI.js:24
[15210336ms] [ERROR] Failed to load resource: net::ERR_CONNECTION_REFUSED @ http://localhost:18501/_stcore/host-config:0
[15214687ms] [ERROR] Failed to load resource: net::ERR_CONNECTION_REFUSED @ http://localhost:18501/_stcore/health:0
[15214687ms] [ERROR] Client Error in reaching server endpoint - No response received when attempting to reach /_stcore/health @ http://localhost:18501/static/js/index.k-9rUdPI.js:19
[15214687ms] [ERROR] Is Streamlit still running? If you accidentally stopped Streamlit, just restart it in your terminal: @ http://localhost:18501/static/js/index.k-9rUdPI.js:24
[15214687ms] [ERROR] Failed to load resource: net::ERR_CONNECTION_REFUSED @ http://localhost:18501/_stcore/host-config:0
[15219034ms] [ERROR] Failed to load resource: net::ERR_CONNECTION_REFUSED @ http://localhost:18501/_stcore/health:0
[15219034ms] [ERROR] Client Error in reaching server endpoint - No response received when attempting to reach /_stcore/health @ http://localhost:18501/static/js/index.k-9rUdPI.js:19
[15219035ms] [ERROR] Is Streamlit still running? If you accidentally stopped Streamlit, just restart it in your terminal: @ http://localhost:18501/static/js/index.k-9rUdPI.js:24
[15219035ms] [ERROR] Failed to load resource: net::ERR_CONNECTION_REFUSED @ http://localhost:18501/_stcore/host-config:0
[15223363ms] [ERROR] Failed to load resource: net::ERR_CONNECTION_REFUSED @ http://localhost:18501/_stcore/health:0
[15223363ms] [ERROR] Client Error in reaching server endpoint - No response received when attempting to reach /_stcore/health @ http://localhost:18501/static/js/index.k-9rUdPI.js:19
[15223363ms] [ERROR] Is Streamlit still running? If you accidentally stopped Streamlit, just restart it in your terminal: @ http://localhost:18501/static/js/index.k-9rUdPI.js:24
[15223363ms] [ERROR] Failed to load resource: net::ERR_CONNECTION_REFUSED @ http://localhost:18501/_stcore/host-config:0
[15227696ms] [ERROR] Failed to load resource: net::ERR_CONNECTION_REFUSED @ http://localhost:18501/_stcore/health:0
[15227696ms] [ERROR] Client Error in reaching server endpoint - No response received when attempting to reach /_stcore/health @ http://localhost:18501/static/js/index.k-9rUdPI.js:19
[15227696ms] [ERROR] Is Streamlit still running? If you accidentally stopped Streamlit, just restart it in your terminal: @ http://localhost:18501/static/js/index.k-9rUdPI.js:24
[15227696ms] [ERROR] Failed to load resource: net::ERR_CONNECTION_REFUSED @ http://localhost:18501/_stcore/host-config:0
[15232047ms] [ERROR] Failed to load resource: net::ERR_CONNECTION_REFUSED @ http://localhost:18501/_stcore/health:0
[15232047ms] [ERROR] Client Error in reaching server endpoint - No response received when attempting to reach /_stcore/health @ http://localhost:18501/static/js/index.k-9rUdPI.js:19
[15232048ms] [ERROR] Is Streamlit still running? If you accidentally stopped Streamlit, just restart it in your terminal: @ http://localhost:18501/static/js/index.k-9rUdPI.js:24
[15232048ms] [ERROR] Failed to load resource: net::ERR_CONNECTION_REFUSED @ http://localhost:18501/_stcore/host-config:0
[15236390ms] [ERROR] Failed to load resource: net::ERR_CONNECTION_REFUSED @ http://localhost:18501/_stcore/health:0
[15236390ms] [ERROR] Client Error in reaching server endpoint - No response received when attempting to reach /_stcore/health @ http://localhost:18501/static/js/index.k-9rUdPI.js:19
[15236391ms] [ERROR] Is Streamlit still running? If you accidentally stopped Streamlit, just restart it in your terminal: @ http://localhost:18501/static/js/index.k-9rUdPI.js:24
[15236391ms] [ERROR] Failed to load resource: net::ERR_CONNECTION_REFUSED @ http://localhost:18501/_stcore/host-config:0
[15240708ms] [ERROR] Failed to load resource: net::ERR_CONNECTION_REFUSED @ http://localhost:18501/_stcore/health:0
[15240708ms] [ERROR] Client Error in reaching server endpoint - No response received when attempting to reach /_stcore/health @ http://localhost:18501/static/js/index.k-9rUdPI.js:19
[15240708ms] [ERROR] Is Streamlit still running? If you accidentally stopped Streamlit, just restart it in your terminal: @ http://localhost:18501/static/js/index.k-9rUdPI.js:24
[15240732ms] [ERROR] Failed to load resource: net::ERR_CONNECTION_REFUSED @ http://localhost:18501/_stcore/host-config:0
[15245060ms] [ERROR] Failed to load resource: net::ERR_CONNECTION_REFUSED @ http://localhost:18501/_stcore/health:0
[15245060ms] [ERROR] Client Error in reaching server endpoint - No response received when attempting to reach /_stcore/health @ http://localhost:18501/static/js/index.k-9rUdPI.js:19
[15245060ms] [ERROR] Is Streamlit still running? If you accidentally stopped Streamlit, just restart it in your terminal: @ http://localhost:18501/static/js/index.k-9rUdPI.js:24
[15245061ms] [ERROR] Failed to load resource: net::ERR_CONNECTION_REFUSED @ http://localhost:18501/_stcore/host-config:0
[15249392ms] [ERROR] Failed to load resource: net::ERR_CONNECTION_REFUSED @ http://localhost:18501/_stcore/health:0
[15249392ms] [ERROR] Client Error in reaching server endpoint - No response received when attempting to reach /_stcore/health @ http://localhost:18501/static/js/index.k-9rUdPI.js:19
[15249393ms] [ERROR] Is Streamlit still running? If you accidentally stopped Streamlit, just restart it in your terminal: @ http://localhost:18501/static/js/index.k-9rUdPI.js:24
[15249393ms] [ERROR] Failed to load resource: net::ERR_CONNECTION_REFUSED @ http://localhost:18501/_stcore/host-config:0
[15253720ms] [ERROR] Failed to load resource: net::ERR_CONNECTION_REFUSED @ http://localhost:18501/_stcore/health:0
[15253720ms] [ERROR] Client Error in reaching server endpoint - No response received when attempting to reach /_stcore/health @ http://localhost:18501/static/js/index.k-9rUdPI.js:19
[15253721ms] [ERROR] Is Streamlit still running? If you accidentally stopped Streamlit, just restart it in your terminal: @ http://localhost:18501/static/js/index.k-9rUdPI.js:24
[15253721ms] [ERROR] Failed to load resource: net::ERR_CONNECTION_REFUSED @ http://localhost:18501/_stcore/host-config:0
[15258071ms] [ERROR] Failed to load resource: net::ERR_CONNECTION_REFUSED @ http://localhost:18501/_stcore/health:0
[15258071ms] [ERROR] Client Error in reaching server endpoint - No response received when attempting to reach /_stcore/health @ http://localhost:18501/static/js/index.k-9rUdPI.js:19
[15258071ms] [ERROR] Is Streamlit still running? If you accidentally stopped Streamlit, just restart it in your terminal: @ http://localhost:18501/static/js/index.k-9rUdPI.js:24
[15258072ms] [ERROR] Failed to load resource: net::ERR_CONNECTION_REFUSED @ http://localhost:18501/_stcore/host-config:0
[15262412ms] [ERROR] Failed to load resource: net::ERR_CONNECTION_REFUSED @ http://localhost:18501/_stcore/health:0
[15262412ms] [ERROR] Client Error in reaching server endpoint - No response received when attempting to reach /_stcore/health @ http://localhost:18501/static/js/index.k-9rUdPI.js:19
[15262412ms] [ERROR] Is Streamlit still running? If you accidentally stopped Streamlit, just restart it in your terminal: @ http://localhost:18501/static/js/index.k-9rUdPI.js:24
[15262412ms] [ERROR] Failed to load resource: net::ERR_CONNECTION_REFUSED @ http://localhost:18501/_stcore/host-config:0
[15266750ms] [ERROR] Failed to load resource: net::ERR_CONNECTION_REFUSED @ http://localhost:18501/_stcore/health:0
[15266750ms] [ERROR] Client Error in reaching server endpoint - No response received when attempting to reach /_stcore/health @ http://localhost:18501/static/js/index.k-9rUdPI.js:19
[15266751ms] [ERROR] Is Streamlit still running? If you accidentally stopped Streamlit, just restart it in your terminal: @ http://localhost:18501/static/js/index.k-9rUdPI.js:24
[15266751ms] [ERROR] Failed to load resource: net::ERR_CONNECTION_REFUSED @ http://localhost:18501/_stcore/host-config:0
[15271071ms] [ERROR] Failed to load resource: net::ERR_CONNECTION_REFUSED @ http://localhost:18501/_stcore/health:0
[15271071ms] [ERROR] Client Error in reaching server endpoint - No response received when attempting to reach /_stcore/health @ http://localhost:18501/static/js/index.k-9rUdPI.js:19
[15271071ms] [ERROR] Is Streamlit still running? If you accidentally stopped Streamlit, just restart it in your terminal: @ http://localhost:18501/static/js/index.k-9rUdPI.js:24
[15271071ms] [ERROR] Failed to load resource: net::ERR_CONNECTION_REFUSED @ http://localhost:18501/_stcore/host-config:0
[15275393ms] [ERROR] Failed to load resource: net::ERR_CONNECTION_REFUSED @ http://localhost:18501/_stcore/health:0
[15275393ms] [ERROR] Client Error in reaching server endpoint - No response received when attempting to reach /_stcore/health @ http://localhost:18501/static/js/index.k-9rUdPI.js:19
[15275393ms] [ERROR] Is Streamlit still running? If you accidentally stopped Streamlit, just restart it in your terminal: @ http://localhost:18501/static/js/index.k-9rUdPI.js:24
[15275393ms] [ERROR] Failed to load resource: net::ERR_CONNECTION_REFUSED @ http://localhost:18501/_stcore/host-config:0
[15279714ms] [ERROR] Failed to load resource: net::ERR_CONNECTION_REFUSED @ http://localhost:18501/_stcore/health:0
[15279714ms] [ERROR] Client Error in reaching server endpoint - No response received when attempting to reach /_stcore/health @ http://localhost:18501/static/js/index.k-9rUdPI.js:19
[15279714ms] [ERROR] Is Streamlit still running? If you accidentally stopped Streamlit, just restart it in your terminal: @ http://localhost:18501/static/js/index.k-9rUdPI.js:24
[15279714ms] [ERROR] Failed to load resource: net::ERR_CONNECTION_REFUSED @ http://localhost:18501/_stcore/host-config:0
[15284054ms] [ERROR] Failed to load resource: net::ERR_CONNECTION_REFUSED @ http://localhost:18501/_stcore/health:0
[15284054ms] [ERROR] Client Error in reaching server endpoint - No response received when attempting to reach /_stcore/health @ http://localhost:18501/static/js/index.k-9rUdPI.js:19
[15284054ms] [ERROR] Is Streamlit still running? If you accidentally stopped Streamlit, just restart it in your terminal: @ http://localhost:18501/static/js/index.k-9rUdPI.js:24
[15284054ms] [ERROR] Failed to load resource: net::ERR_CONNECTION_REFUSED @ http://localhost:18501/_stcore/host-config:0
[15288404ms] [ERROR] Failed to load resource: net::ERR_CONNECTION_REFUSED @ http://localhost:18501/_stcore/health:0
[15288404ms] [ERROR] Client Error in reaching server endpoint - No response received when attempting to reach /_stcore/health @ http://localhost:18501/static/js/index.k-9rUdPI.js:19
[15288405ms] [ERROR] Is Streamlit still running? If you accidentally stopped Streamlit, just restart it in your terminal: @ http://localhost:18501/static/js/index.k-9rUdPI.js:24
[15288405ms] [ERROR] Failed to load resource: net::ERR_CONNECTION_REFUSED @ http://localhost:18501/_stcore/host-config:0
[15292744ms] [ERROR] Failed to load resource: net::ERR_CONNECTION_REFUSED @ http://localhost:18501/_stcore/health:0
[15292744ms] [ERROR] Client Error in reaching server endpoint - No response received when attempting to reach /_stcore/health @ http://localhost:18501/static/js/index.k-9rUdPI.js:19
[15292744ms] [ERROR] Is Streamlit still running? If you accidentally stopped Streamlit, just restart it in your terminal: @ http://localhost:18501/static/js/index.k-9rUdPI.js:24
[15292745ms] [ERROR] Failed to load resource: net::ERR_CONNECTION_REFUSED @ http://localhost:18501/_stcore/host-config:0
[15297078ms] [ERROR] Failed to load resource: net::ERR_CONNECTION_REFUSED @ http://localhost:18501/_stcore/health:0
[15297078ms] [ERROR] Client Error in reaching server endpoint - No response received when attempting to reach /_stcore/health @ http://localhost:18501/static/js/index.k-9rUdPI.js:19
[15297078ms] [ERROR] Is Streamlit still running? If you accidentally stopped Streamlit, just restart it in your terminal: @ http://localhost:18501/static/js/index.k-9rUdPI.js:24
[15297078ms] [ERROR] Failed to load resource: net::ERR_CONNECTION_REFUSED @ http://localhost:18501/_stcore/host-config:0
[15301428ms] [ERROR] Failed to load resource: net::ERR_CONNECTION_REFUSED @ http://localhost:18501/_stcore/health:0
[15301428ms] [ERROR] Client Error in reaching server endpoint - No response received when attempting to reach /_stcore/health @ http://localhost:18501/static/js/index.k-9rUdPI.js:19
[15301428ms] [ERROR] Is Streamlit still running? If you accidentally stopped Streamlit, just restart it in your terminal: @ http://localhost:18501/static/js/index.k-9rUdPI.js:24
[15301428ms] [ERROR] Failed to load resource: net::ERR_CONNECTION_REFUSED @ http://localhost:18501/_stcore/host-config:0
[15305779ms] [ERROR] Failed to load resource: net::ERR_CONNECTION_REFUSED @ http://localhost:18501/_stcore/health:0
[15305779ms] [ERROR] Client Error in reaching server endpoint - No response received when attempting to reach /_stcore/health @ http://localhost:18501/static/js/index.k-9rUdPI.js:19
[15305780ms] [ERROR] Is Streamlit still running? If you accidentally stopped Streamlit, just restart it in your terminal: @ http://localhost:18501/static/js/index.k-9rUdPI.js:24
[15305803ms] [ERROR] Failed to load resource: net::ERR_CONNECTION_REFUSED @ http://localhost:18501/_stcore/host-config:0
[15310140ms] [ERROR] Failed to load resource: net::ERR_CONNECTION_REFUSED @ http://localhost:18501/_stcore/health:0
[15310140ms] [ERROR] Client Error in reaching server endpoint - No response received when attempting to reach /_stcore/health @ http://localhost:18501/static/js/index.k-9rUdPI.js:19
[15310140ms] [ERROR] Is Streamlit still running? If you accidentally stopped Streamlit, just restart it in your terminal: @ http://localhost:18501/static/js/index.k-9rUdPI.js:24
[15310162ms] [ERROR] Failed to load resource: net::ERR_CONNECTION_REFUSED @ http://localhost:18501/_stcore/host-config:0
[15314510ms] [ERROR] Failed to load resource: net::ERR_CONNECTION_REFUSED @ http://localhost:18501/_stcore/health:0
[15314510ms] [ERROR] Client Error in reaching server endpoint - No response received when attempting to reach /_stcore/health @ http://localhost:18501/static/js/index.k-9rUdPI.js:19
[15314511ms] [ERROR] Is Streamlit still running? If you accidentally stopped Streamlit, just restart it in your terminal: @ http://localhost:18501/static/js/index.k-9rUdPI.js:24
[15314512ms] [ERROR] Failed to load resource: net::ERR_CONNECTION_REFUSED @ http://localhost:18501/_stcore/host-config:0
[15318881ms] [ERROR] Failed to load resource: net::ERR_CONNECTION_REFUSED @ http://localhost:18501/_stcore/health:0
[15318881ms] [ERROR] Client Error in reaching server endpoint - No response received when attempting to reach /_stcore/health @ http://localhost:18501/static/js/index.k-9rUdPI.js:19
[15318881ms] [ERROR] Is Streamlit still running? If you accidentally stopped Streamlit, just restart it in your terminal: @ http://localhost:18501/static/js/index.k-9rUdPI.js:24
[15318903ms] [ERROR] Failed to load resource: net::ERR_CONNECTION_REFUSED @ http://localhost:18501/_stcore/host-config:0
[15323248ms] [ERROR] Failed to load resource: net::ERR_CONNECTION_REFUSED @ http://localhost:18501/_stcore/health:0
[15323248ms] [ERROR] Client Error in reaching server endpoint - No response received when attempting to reach /_stcore/health @ http://localhost:18501/static/js/index.k-9rUdPI.js:19
[15323248ms] [ERROR] Is Streamlit still running? If you accidentally stopped Streamlit, just restart it in your terminal: @ http://localhost:18501/static/js/index.k-9rUdPI.js:24
[15323248ms] [ERROR] Failed to load resource: net::ERR_CONNECTION_REFUSED @ http://localhost:18501/_stcore/host-config:0
[15327610ms] [ERROR] Failed to load resource: net::ERR_CONNECTION_REFUSED @ http://localhost:18501/_stcore/health:0
[15327610ms] [ERROR] Client Error in reaching server endpoint - No response received when attempting to reach /_stcore/health @ http://localhost:18501/static/js/index.k-9rUdPI.js:19
[15327610ms] [ERROR] Is Streamlit still running? If you accidentally stopped Streamlit, just restart it in your terminal: @ http://localhost:18501/static/js/index.k-9rUdPI.js:24
[15327610ms] [ERROR] Failed to load resource: net::ERR_CONNECTION_REFUSED @ http://localhost:18501/_stcore/host-config:0
[15331986ms] [ERROR] Failed to load resource: net::ERR_CONNECTION_REFUSED @ http://localhost:18501/_stcore/health:0
[15331986ms] [ERROR] Client Error in reaching server endpoint - No response received when attempting to reach /_stcore/health @ http://localhost:18501/static/js/index.k-9rUdPI.js:19
[15331986ms] [ERROR] Is Streamlit still running? If you accidentally stopped Streamlit, just restart it in your terminal: @ http://localhost:18501/static/js/index.k-9rUdPI.js:24
[15331987ms] [ERROR] Failed to load resource: net::ERR_CONNECTION_REFUSED @ http://localhost:18501/_stcore/host-config:0
[15336361ms] [ERROR] Failed to load resource: net::ERR_CONNECTION_REFUSED @ http://localhost:18501/_stcore/health:0
[15336361ms] [ERROR] Client Error in reaching server endpoint - No response received when attempting to reach /_stcore/health @ http://localhost:18501/static/js/index.k-9rUdPI.js:19
[15336361ms] [ERROR] Is Streamlit still running? If you accidentally stopped Streamlit, just restart it in your terminal: @ http://localhost:18501/static/js/index.k-9rUdPI.js:24
[15336361ms] [ERROR] Failed to load resource: net::ERR_CONNECTION_REFUSED @ http://localhost:18501/_stcore/host-config:0
[15340764ms] [ERROR] Failed to load resource: net::ERR_CONNECTION_REFUSED @ http://localhost:18501/_stcore/health:0
[15340765ms] [ERROR] Client Error in reaching server endpoint - No response received when attempting to reach /_stcore/health @ http://localhost:18501/static/js/index.k-9rUdPI.js:19
[15340765ms] [ERROR] Is Streamlit still running? If you accidentally stopped Streamlit, just restart it in your terminal: @ http://localhost:18501/static/js/index.k-9rUdPI.js:24
[15340765ms] [ERROR] Failed to load resource: net::ERR_CONNECTION_REFUSED @ http://localhost:18501/_stcore/host-config:0
[15345142ms] [ERROR] Failed to load resource: net::ERR_CONNECTION_REFUSED @ http://localhost:18501/_stcore/health:0
[15345142ms] [ERROR] Client Error in reaching server endpoint - No response received when attempting to reach /_stcore/health @ http://localhost:18501/static/js/index.k-9rUdPI.js:19
[15345143ms] [ERROR] Is Streamlit still running? If you accidentally stopped Streamlit, just restart it in your terminal: @ http://localhost:18501/static/js/index.k-9rUdPI.js:24
[15345144ms] [ERROR] Failed to load resource: net::ERR_CONNECTION_REFUSED @ http://localhost:18501/_stcore/host-config:0
[15349517ms] [ERROR] Failed to load resource: net::ERR_CONNECTION_REFUSED @ http://localhost:18501/_stcore/health:0
[15349518ms] [ERROR] Client Error in reaching server endpoint - No response received when attempting to reach /_stcore/health @ http://localhost:18501/static/js/index.k-9rUdPI.js:19
[15349518ms] [ERROR] Is Streamlit still running? If you accidentally stopped Streamlit, just restart it in your terminal: @ http://localhost:18501/static/js/index.k-9rUdPI.js:24
[15349518ms] [ERROR] Failed to load resource: net::ERR_CONNECTION_REFUSED @ http://localhost:18501/_stcore/host-config:0
[15353876ms] [ERROR] Failed to load resource: net::ERR_CONNECTION_REFUSED @ http://localhost:18501/_stcore/health:0
[15353876ms] [ERROR] Client Error in reaching server endpoint - No response received when attempting to reach /_stcore/health @ http://localhost:18501/static/js/index.k-9rUdPI.js:19
[15353876ms] [ERROR] Is Streamlit still running? If you accidentally stopped Streamlit, just restart it in your terminal: @ http://localhost:18501/static/js/index.k-9rUdPI.js:24
[15353901ms] [ERROR] Failed to load resource: net::ERR_CONNECTION_REFUSED @ http://localhost:18501/_stcore/host-config:0
[15358226ms] [ERROR] Failed to load resource: net::ERR_CONNECTION_REFUSED @ http://localhost:18501/_stcore/health:0
[15358226ms] [ERROR] Client Error in reaching server endpoint - No response received when attempting to reach /_stcore/health @ http://localhost:18501/static/js/index.k-9rUdPI.js:19
[15358226ms] [ERROR] Is Streamlit still running? If you accidentally stopped Streamlit, just restart it in your terminal: @ http://localhost:18501/static/js/index.k-9rUdPI.js:24
[15358264ms] [ERROR] Failed to load resource: net::ERR_CONNECTION_REFUSED @ http://localhost:18501/_stcore/host-config:0
[15362608ms] [ERROR] Failed to load resource: net::ERR_CONNECTION_REFUSED @ http://localhost:18501/_stcore/health:0
[15362608ms] [ERROR] Client Error in reaching server endpoint - No response received when attempting to reach /_stcore/health @ http://localhost:18501/static/js/index.k-9rUdPI.js:19
[15362608ms] [ERROR] Is Streamlit still running? If you accidentally stopped Streamlit, just restart it in your terminal: @ http://localhost:18501/static/js/index.k-9rUdPI.js:24
[15362609ms] [ERROR] Failed to load resource: net::ERR_CONNECTION_REFUSED @ http://localhost:18501/_stcore/host-config:0
[15366942ms] [ERROR] Failed to load resource: net::ERR_CONNECTION_REFUSED @ http://localhost:18501/_stcore/health:0
[15366942ms] [ERROR] Client Error in reaching server endpoint - No response received when attempting to reach /_stcore/health @ http://localhost:18501/static/js/index.k-9rUdPI.js:19
[15366943ms] [ERROR] Is Streamlit still running? If you accidentally stopped Streamlit, just restart it in your terminal: @ http://localhost:18501/static/js/index.k-9rUdPI.js:24
[15366943ms] [ERROR] Failed to load resource: net::ERR_CONNECTION_REFUSED @ http://localhost:18501/_stcore/host-config:0
[15371308ms] [ERROR] Failed to load resource: net::ERR_CONNECTION_REFUSED @ http://localhost:18501/_stcore/health:0
[15371308ms] [ERROR] Client Error in reaching server endpoint - No response received when attempting to reach /_stcore/health @ http://localhost:18501/static/js/index.k-9rUdPI.js:19
[15371309ms] [ERROR] Is Streamlit still running? If you accidentally stopped Streamlit, just restart it in your terminal: @ http://localhost:18501/static/js/index.k-9rUdPI.js:24
[15371310ms] [ERROR] Failed to load resource: net::ERR_CONNECTION_REFUSED @ http://localhost:18501/_stcore/host-config:0
[15375677ms] [ERROR] Failed to load resource: net::ERR_CONNECTION_REFUSED @ http://localhost:18501/_stcore/health:0
[15375677ms] [ERROR] Client Error in reaching server endpoint - No response received when attempting to reach /_stcore/health @ http://localhost:18501/static/js/index.k-9rUdPI.js:19
[15375678ms] [ERROR] Is Streamlit still running? If you accidentally stopped Streamlit, just restart it in your terminal: @ http://localhost:18501/static/js/index.k-9rUdPI.js:24
[15375678ms] [ERROR] Failed to load resource: net::ERR_CONNECTION_REFUSED @ http://localhost:18501/_stcore/host-config:0
[15380016ms] [ERROR] Failed to load resource: net::ERR_CONNECTION_REFUSED @ http://localhost:18501/_stcore/health:0
[15380016ms] [ERROR] Client Error in reaching server endpoint - No response received when attempting to reach /_stcore/health @ http://localhost:18501/static/js/index.k-9rUdPI.js:19
[15380017ms] [ERROR] Is Streamlit still running? If you accidentally stopped Streamlit, just restart it in your terminal: @ http://localhost:18501/static/js/index.k-9rUdPI.js:24
[15380018ms] [ERROR] Failed to load resource: net::ERR_CONNECTION_REFUSED @ http://localhost:18501/_stcore/host-config:0
[15384382ms] [ERROR] Failed to load resource: net::ERR_CONNECTION_REFUSED @ http://localhost:18501/_stcore/health:0
[15384382ms] [ERROR] Client Error in reaching server endpoint - No response received when attempting to reach /_stcore/health @ http://localhost:18501/static/js/index.k-9rUdPI.js:19
[15384383ms] [ERROR] Is Streamlit still running? If you accidentally stopped Streamlit, just restart it in your terminal: @ http://localhost:18501/static/js/index.k-9rUdPI.js:24
[15384383ms] [ERROR] Failed to load resource: net::ERR_CONNECTION_REFUSED @ http://localhost:18501/_stcore/host-config:0
[15388725ms] [ERROR] Failed to load resource: net::ERR_CONNECTION_REFUSED @ http://localhost:18501/_stcore/health:0
[15388726ms] [ERROR] Client Error in reaching server endpoint - No response received when attempting to reach /_stcore/health @ http://localhost:18501/static/js/index.k-9rUdPI.js:19
[15388726ms] [ERROR] Is Streamlit still running? If you accidentally stopped Streamlit, just restart it in your terminal: @ http://localhost:18501/static/js/index.k-9rUdPI.js:24
[15388726ms] [ERROR] Failed to load resource: net::ERR_CONNECTION_REFUSED @ http://localhost:18501/_stcore/host-config:0
[15393070ms] [ERROR] Failed to load resource: net::ERR_CONNECTION_REFUSED @ http://localhost:18501/_stcore/health:0
[15393070ms] [ERROR] Client Error in reaching server endpoint - No response received when attempting to reach /_stcore/health @ http://localhost:18501/static/js/index.k-9rUdPI.js:19
[15393070ms] [ERROR] Is Streamlit still running? If you accidentally stopped Streamlit, just restart it in your terminal: @ http://localhost:18501/static/js/index.k-9rUdPI.js:24
[15393095ms] [ERROR] Failed to load resource: net::ERR_CONNECTION_REFUSED @ http://localhost:18501/_stcore/host-config:0
[15397431ms] [ERROR] Failed to load resource: net::ERR_CONNECTION_REFUSED @ http://localhost:18501/_stcore/health:0
[15397432ms] [ERROR] Client Error in reaching server endpoint - No response received when attempting to reach /_stcore/health @ http://localhost:18501/static/js/index.k-9rUdPI.js:19
[15397432ms] [ERROR] Is Streamlit still running? If you accidentally stopped Streamlit, just restart it in your terminal: @ http://localhost:18501/static/js/index.k-9rUdPI.js:24
[15397432ms] [ERROR] Failed to load resource: net::ERR_CONNECTION_REFUSED @ http://localhost:18501/_stcore/host-config:0
[15401798ms] [ERROR] Failed to load resource: net::ERR_CONNECTION_REFUSED @ http://localhost:18501/_stcore/health:0
[15401798ms] [ERROR] Client Error in reaching server endpoint - No response received when attempting to reach /_stcore/health @ http://localhost:18501/static/js/index.k-9rUdPI.js:19
[15401798ms] [ERROR] Is Streamlit still running? If you accidentally stopped Streamlit, just restart it in your terminal: @ http://localhost:18501/static/js/index.k-9rUdPI.js:24
[15401799ms] [ERROR] Failed to load resource: net::ERR_CONNECTION_REFUSED @ http://localhost:18501/_stcore/host-config:0
[15406153ms] [ERROR] Failed to load resource: net::ERR_CONNECTION_REFUSED @ http://localhost:18501/_stcore/health:0
[15406153ms] [ERROR] Client Error in reaching server endpoint - No response received when attempting to reach /_stcore/health @ http://localhost:18501/static/js/index.k-9rUdPI.js:19
[15406153ms] [ERROR] Is Streamlit still running? If you accidentally stopped Streamlit, just restart it in your terminal: @ http://localhost:18501/static/js/index.k-9rUdPI.js:24
[15406153ms] [ERROR] Failed to load resource: net::ERR_CONNECTION_REFUSED @ http://localhost:18501/_stcore/host-config:0
[15410525ms] [ERROR] Failed to load resource: net::ERR_CONNECTION_REFUSED @ http://localhost:18501/_stcore/health:0
[15410525ms] [ERROR] Client Error in reaching server endpoint - No response received when attempting to reach /_stcore/health @ http://localhost:18501/static/js/index.k-9rUdPI.js:19
[15410526ms] [ERROR] Is Streamlit still running? If you accidentally stopped Streamlit, just restart it in your terminal: @ http://localhost:18501/static/js/index.k-9rUdPI.js:24
[15410527ms] [ERROR] Failed to load resource: net::ERR_CONNECTION_REFUSED @ http://localhost:18501/_stcore/host-config:0
[15414904ms] [ERROR] Failed to load resource: net::ERR_CONNECTION_REFUSED @ http://localhost:18501/_stcore/health:0
[15414904ms] [ERROR] Client Error in reaching server endpoint - No response received when attempting to reach /_stcore/health @ http://localhost:18501/static/js/index.k-9rUdPI.js:19
[15414904ms] [ERROR] Is Streamlit still running? If you accidentally stopped Streamlit, just restart it in your terminal: @ http://localhost:18501/static/js/index.k-9rUdPI.js:24
[15414904ms] [ERROR] Failed to load resource: net::ERR_CONNECTION_REFUSED @ http://localhost:18501/_stcore/host-config:0
[15419254ms] [ERROR] Failed to load resource: net::ERR_CONNECTION_REFUSED @ http://localhost:18501/_stcore/health:0
[15419254ms] [ERROR] Client Error in reaching server endpoint - No response received when attempting to reach /_stcore/health @ http://localhost:18501/static/js/index.k-9rUdPI.js:19
[15419254ms] [ERROR] Is Streamlit still running? If you accidentally stopped Streamlit, just restart it in your terminal: @ http://localhost:18501/static/js/index.k-9rUdPI.js:24
[15419254ms] [ERROR] Failed to load resource: net::ERR_CONNECTION_REFUSED @ http://localhost:18501/_stcore/host-config:0
[15423605ms] [ERROR] Failed to load resource: net::ERR_CONNECTION_REFUSED @ http://localhost:18501/_stcore/health:0
[15423606ms] [ERROR] Client Error in reaching server endpoint - No response received when attempting to reach /_stcore/health @ http://localhost:18501/static/js/index.k-9rUdPI.js:19
[15423606ms] [ERROR] Is Streamlit still running? If you accidentally stopped Streamlit, just restart it in your terminal: @ http://localhost:18501/static/js/index.k-9rUdPI.js:24
[15423657ms] [ERROR] Failed to load resource: net::ERR_CONNECTION_REFUSED @ http://localhost:18501/_stcore/host-config:0
[15427962ms] [ERROR] Failed to load resource: net::ERR_CONNECTION_REFUSED @ http://localhost:18501/_stcore/health:0
[15427963ms] [ERROR] Client Error in reaching server endpoint - No response received when attempting to reach /_stcore/health @ http://localhost:18501/static/js/index.k-9rUdPI.js:19
[15427963ms] [ERROR] Is Streamlit still running? If you accidentally stopped Streamlit, just restart it in your terminal: @ http://localhost:18501/static/js/index.k-9rUdPI.js:24
[15427963ms] [ERROR] Failed to load resource: net::ERR_CONNECTION_REFUSED @ http://localhost:18501/_stcore/host-config:0
[15432326ms] [ERROR] Failed to load resource: net::ERR_CONNECTION_REFUSED @ http://localhost:18501/_stcore/health:0
[15432327ms] [ERROR] Client Error in reaching server endpoint - No response received when attempting to reach /_stcore/health @ http://localhost:18501/static/js/index.k-9rUdPI.js:19
[15432327ms] [ERROR] Is Streamlit still running? If you accidentally stopped Streamlit, just restart it in your terminal: @ http://localhost:18501/static/js/index.k-9rUdPI.js:24
[15432351ms] [ERROR] Failed to load resource: net::ERR_CONNECTION_REFUSED @ http://localhost:18501/_stcore/host-config:0
[15436687ms] [ERROR] Failed to load resource: net::ERR_CONNECTION_REFUSED @ http://localhost:18501/_stcore/health:0
[15436687ms] [ERROR] Client Error in reaching server endpoint - No response received when attempting to reach /_stcore/health @ http://localhost:18501/static/js/index.k-9rUdPI.js:19
[15436687ms] [ERROR] Is Streamlit still running? If you accidentally stopped Streamlit, just restart it in your terminal: @ http://localhost:18501/static/js/index.k-9rUdPI.js:24
[15436715ms] [ERROR] Failed to load resource: net::ERR_CONNECTION_REFUSED @ http://localhost:18501/_stcore/host-config:0
[15441035ms] [ERROR] Failed to load resource: net::ERR_CONNECTION_REFUSED @ http://localhost:18501/_stcore/health:0
[15441036ms] [ERROR] Client Error in reaching server endpoint - No response received when attempting to reach /_stcore/health @ http://localhost:18501/static/js/index.k-9rUdPI.js:19
[15441036ms] [ERROR] Is Streamlit still running? If you accidentally stopped Streamlit, just restart it in your terminal: @ http://localhost:18501/static/js/index.k-9rUdPI.js:24
[15441036ms] [ERROR] Failed to load resource: net::ERR_CONNECTION_REFUSED @ http://localhost:18501/_stcore/host-config:0
[15445393ms] [ERROR] Failed to load resource: net::ERR_CONNECTION_REFUSED @ http://localhost:18501/_stcore/health:0
[15445393ms] [ERROR] Client Error in reaching server endpoint - No response received when attempting to reach /_stcore/health @ http://localhost:18501/static/js/index.k-9rUdPI.js:19
[15445393ms] [ERROR] Is Streamlit still running? If you accidentally stopped Streamlit, just restart it in your terminal: @ http://localhost:18501/static/js/index.k-9rUdPI.js:24
[15445393ms] [ERROR] Failed to load resource: net::ERR_CONNECTION_REFUSED @ http://localhost:18501/_stcore/host-config:0
[15449771ms] [ERROR] Failed to load resource: net::ERR_CONNECTION_REFUSED @ http://localhost:18501/_stcore/health:0
[15449771ms] [ERROR] Client Error in reaching server endpoint - No response received when attempting to reach /_stcore/health @ http://localhost:18501/static/js/index.k-9rUdPI.js:19
[15449771ms] [ERROR] Is Streamlit still running? If you accidentally stopped Streamlit, just restart it in your terminal: @ http://localhost:18501/static/js/index.k-9rUdPI.js:24
[15449826ms] [ERROR] Failed to load resource: net::ERR_CONNECTION_REFUSED @ http://localhost:18501/_stcore/host-config:0
[15454152ms] [ERROR] Failed to load resource: net::ERR_CONNECTION_REFUSED @ http://localhost:18501/_stcore/health:0
[15454152ms] [ERROR] Client Error in reaching server endpoint - No response received when attempting to reach /_stcore/health @ http://localhost:18501/static/js/index.k-9rUdPI.js:19
[15454153ms] [ERROR] Is Streamlit still running? If you accidentally stopped Streamlit, just restart it in your terminal: @ http://localhost:18501/static/js/index.k-9rUdPI.js:24
[15454266ms] [ERROR] Failed to load resource: net::ERR_CONNECTION_REFUSED @ http://localhost:18501/_stcore/host-config:0
[15458502ms] [ERROR] Failed to load resource: net::ERR_CONNECTION_REFUSED @ http://localhost:18501/_stcore/health:0
[15458502ms] [ERROR] Client Error in reaching server endpoint - No response received when attempting to reach /_stcore/health @ http://localhost:18501/static/js/index.k-9rUdPI.js:19
[15458502ms] [ERROR] Is Streamlit still running? If you accidentally stopped Streamlit, just restart it in your terminal: @ http://localhost:18501/static/js/index.k-9rUdPI.js:24
[15458618ms] [ERROR] Failed to load resource: net::ERR_CONNECTION_REFUSED @ http://localhost:18501/_stcore/host-config:0
[15462870ms] [ERROR] Failed to load resource: net::ERR_CONNECTION_REFUSED @ http://localhost:18501/_stcore/health:0
[15462870ms] [ERROR] Client Error in reaching server endpoint - No response received when attempting to reach /_stcore/health @ http://localhost:18501/static/js/index.k-9rUdPI.js:19
[15462870ms] [ERROR] Is Streamlit still running? If you accidentally stopped Streamlit, just restart it in your terminal: @ http://localhost:18501/static/js/index.k-9rUdPI.js:24
[15462870ms] [ERROR] Failed to load resource: net::ERR_CONNECTION_REFUSED @ http://localhost:18501/_stcore/host-config:0
[15467270ms] [ERROR] Failed to load resource: net::ERR_CONNECTION_REFUSED @ http://localhost:18501/_stcore/health:0
[15467270ms] [ERROR] Client Error in reaching server endpoint - No response received when attempting to reach /_stcore/health @ http://localhost:18501/static/js/index.k-9rUdPI.js:19
[15467270ms] [ERROR] Is Streamlit still running? If you accidentally stopped Streamlit, just restart it in your terminal: @ http://localhost:18501/static/js/index.k-9rUdPI.js:24
[15467270ms] [ERROR] Failed to load resource: net::ERR_CONNECTION_REFUSED @ http://localhost:18501/_stcore/host-config:0
[15471636ms] [ERROR] Failed to load resource: net::ERR_CONNECTION_REFUSED @ http://localhost:18501/_stcore/health:0
[15471638ms] [ERROR] Client Error in reaching server endpoint - No response received when attempting to reach /_stcore/health @ http://localhost:18501/static/js/index.k-9rUdPI.js:19
[15471639ms] [ERROR] Is Streamlit still running? If you accidentally stopped Streamlit, just restart it in your terminal: @ http://localhost:18501/static/js/index.k-9rUdPI.js:24
[15471639ms] [ERROR] Failed to load resource: net::ERR_CONNECTION_REFUSED @ http://localhost:18501/_stcore/host-config:0
[15476047ms] [ERROR] Failed to load resource: net::ERR_CONNECTION_REFUSED @ http://localhost:18501/_stcore/health:0
[15476048ms] [ERROR] Client Error in reaching server endpoint - No response received when attempting to reach /_stcore/health @ http://localhost:18501/static/js/index.k-9rUdPI.js:19
[15476048ms] [ERROR] Is Streamlit still running? If you accidentally stopped Streamlit, just restart it in your terminal: @ http://localhost:18501/static/js/index.k-9rUdPI.js:24
[15476178ms] [ERROR] Failed to load resource: net::ERR_CONNECTION_REFUSED @ http://localhost:18501/_stcore/host-config:0
[15480423ms] [ERROR] Failed to load resource: net::ERR_CONNECTION_REFUSED @ http://localhost:18501/_stcore/health:0
[15480424ms] [ERROR] Client Error in reaching server endpoint - No response received when attempting to reach /_stcore/health @ http://localhost:18501/static/js/index.k-9rUdPI.js:19
[15480428ms] [ERROR] Is Streamlit still running? If you accidentally stopped Streamlit, just restart it in your terminal: @ http://localhost:18501/static/js/index.k-9rUdPI.js:24
[15480435ms] [ERROR] Failed to load resource: net::ERR_CONNECTION_REFUSED @ http://localhost:18501/_stcore/host-config:0
[15484818ms] [ERROR] Failed to load resource: net::ERR_CONNECTION_REFUSED @ http://localhost:18501/_stcore/health:0
[15484818ms] [ERROR] Client Error in reaching server endpoint - No response received when attempting to reach /_stcore/health @ http://localhost:18501/static/js/index.k-9rUdPI.js:19
[15484818ms] [ERROR] Is Streamlit still running? If you accidentally stopped Streamlit, just restart it in your terminal: @ http://localhost:18501/static/js/index.k-9rUdPI.js:24
[15484818ms] [ERROR] Failed to load resource: net::ERR_CONNECTION_REFUSED @ http://localhost:18501/_stcore/host-config:0
[15489204ms] [ERROR] Failed to load resource: net::ERR_CONNECTION_REFUSED @ http://localhost:18501/_stcore/health:0
[15489205ms] [ERROR] Client Error in reaching server endpoint - No response received when attempting to reach /_stcore/health @ http://localhost:18501/static/js/index.k-9rUdPI.js:19
[15489205ms] [ERROR] Is Streamlit still running? If you accidentally stopped Streamlit, just restart it in your terminal: @ http://localhost:18501/static/js/index.k-9rUdPI.js:24
[15489206ms] [ERROR] Failed to load resource: net::ERR_CONNECTION_REFUSED @ http://localhost:18501/_stcore/host-config:0
[15493576ms] [ERROR] Failed to load resource: net::ERR_CONNECTION_REFUSED @ http://localhost:18501/_stcore/health:0
[15493576ms] [ERROR] Client Error in reaching server endpoint - No response received when attempting to reach /_stcore/health @ http://localhost:18501/static/js/index.k-9rUdPI.js:19
[15493577ms] [ERROR] Is Streamlit still running? If you accidentally stopped Streamlit, just restart it in your terminal: @ http://localhost:18501/static/js/index.k-9rUdPI.js:24
[15493580ms] [ERROR] Failed to load resource: net::ERR_CONNECTION_REFUSED @ http://localhost:18501/_stcore/host-config:0
[15497969ms] [ERROR] Failed to load resource: net::ERR_CONNECTION_REFUSED @ http://localhost:18501/_stcore/health:0
[15497969ms] [ERROR] Client Error in reaching server endpoint - No response received when attempting to reach /_stcore/health @ http://localhost:18501/static/js/index.k-9rUdPI.js:19
[15497969ms] [ERROR] Is Streamlit still running? If you accidentally stopped Streamlit, just restart it in your terminal: @ http://localhost:18501/static/js/index.k-9rUdPI.js:24
[15498122ms] [ERROR] Failed to load resource: net::ERR_CONNECTION_REFUSED @ http://localhost:18501/_stcore/host-config:0
[15502355ms] [ERROR] Failed to load resource: net::ERR_CONNECTION_REFUSED @ http://localhost:18501/_stcore/health:0
[15502355ms] [ERROR] Client Error in reaching server endpoint - No response received when attempting to reach /_stcore/health @ http://localhost:18501/static/js/index.k-9rUdPI.js:19
[15502355ms] [ERROR] Is Streamlit still running? If you accidentally stopped Streamlit, just restart it in your terminal: @ http://localhost:18501/static/js/index.k-9rUdPI.js:24
[15502356ms] [ERROR] Failed to load resource: net::ERR_CONNECTION_REFUSED @ http://localhost:18501/_stcore/host-config:0
[15506718ms] [ERROR] Failed to load resource: net::ERR_CONNECTION_REFUSED @ http://localhost:18501/_stcore/health:0
[15506720ms] [ERROR] Client Error in reaching server endpoint - No response received when attempting to reach /_stcore/health @ http://localhost:18501/static/js/index.k-9rUdPI.js:19
[15506720ms] [ERROR] Is Streamlit still running? If you accidentally stopped Streamlit, just restart it in your terminal: @ http://localhost:18501/static/js/index.k-9rUdPI.js:24
[15506853ms] [ERROR] Failed to load resource: net::ERR_CONNECTION_REFUSED @ http://localhost:18501/_stcore/host-config:0
[15511119ms] [ERROR] Failed to load resource: net::ERR_CONNECTION_REFUSED @ http://localhost:18501/_stcore/health:0
[15511119ms] [ERROR] Client Error in reaching server endpoint - No response received when attempting to reach /_stcore/health @ http://localhost:18501/static/js/index.k-9rUdPI.js:19
[15511120ms] [ERROR] Is Streamlit still running? If you accidentally stopped Streamlit, just restart it in your terminal: @ http://localhost:18501/static/js/index.k-9rUdPI.js:24
[15511123ms] [ERROR] Failed to load resource: net::ERR_CONNECTION_REFUSED @ http://localhost:18501/_stcore/host-config:0
[15515517ms] [ERROR] Failed to load resource: net::ERR_CONNECTION_REFUSED @ http://localhost:18501/_stcore/health:0
[15515518ms] [ERROR] Client Error in reaching server endpoint - No response received when attempting to reach /_stcore/health @ http://localhost:18501/static/js/index.k-9rUdPI.js:19
[15515518ms] [ERROR] Is Streamlit still running? If you accidentally stopped Streamlit, just restart it in your terminal: @ http://localhost:18501/static/js/index.k-9rUdPI.js:24
[15515520ms] [ERROR] Failed to load resource: net::ERR_CONNECTION_REFUSED @ http://localhost:18501/_stcore/host-config:0
[15519926ms] [ERROR] Failed to load resource: net::ERR_CONNECTION_REFUSED @ http://localhost:18501/_stcore/health:0
[15519934ms] [ERROR] Client Error in reaching server endpoint - No response received when attempting to reach /_stcore/health @ http://localhost:18501/static/js/index.k-9rUdPI.js:19
[15519934ms] [ERROR] Is Streamlit still running? If you accidentally stopped Streamlit, just restart it in your terminal: @ http://localhost:18501/static/js/index.k-9rUdPI.js:24
[15519934ms] [ERROR] Failed to load resource: net::ERR_CONNECTION_REFUSED @ http://localhost:18501/_stcore/host-config:0
[15524355ms] [ERROR] Failed to load resource: net::ERR_CONNECTION_REFUSED @ http://localhost:18501/_stcore/health:0
[15524355ms] [ERROR] Client Error in reaching server endpoint - No response received when attempting to reach /_stcore/health @ http://localhost:18501/static/js/index.k-9rUdPI.js:19
[15524355ms] [ERROR] Is Streamlit still running? If you accidentally stopped Streamlit, just restart it in your terminal: @ http://localhost:18501/static/js/index.k-9rUdPI.js:24
[15524356ms] [ERROR] Failed to load resource: net::ERR_CONNECTION_REFUSED @ http://localhost:18501/_stcore/host-config:0
[15528740ms] [ERROR] Failed to load resource: net::ERR_CONNECTION_REFUSED @ http://localhost:18501/_stcore/health:0
[15528740ms] [ERROR] Client Error in reaching server endpoint - No response received when attempting to reach /_stcore/health @ http://localhost:18501/static/js/index.k-9rUdPI.js:19
[15528740ms] [ERROR] Is Streamlit still running? If you accidentally stopped Streamlit, just restart it in your terminal: @ http://localhost:18501/static/js/index.k-9rUdPI.js:24
[15528995ms] [ERROR] Failed to load resource: net::ERR_CONNECTION_REFUSED @ http://localhost:18501/_stcore/host-config:0
[15533131ms] [ERROR] Failed to load resource: net::ERR_CONNECTION_REFUSED @ http://localhost:18501/_stcore/health:0
[15533132ms] [ERROR] Client Error in reaching server endpoint - No response received when attempting to reach /_stcore/health @ http://localhost:18501/static/js/index.k-9rUdPI.js:19
[15533132ms] [ERROR] Is Streamlit still running? If you accidentally stopped Streamlit, just restart it in your terminal: @ http://localhost:18501/static/js/index.k-9rUdPI.js:24
[15533457ms] [ERROR] Failed to load resource: net::ERR_CONNECTION_REFUSED @ http://localhost:18501/_stcore/host-config:0
[15537512ms] [ERROR] Failed to load resource: net::ERR_CONNECTION_REFUSED @ http://localhost:18501/_stcore/health:0
[15537516ms] [ERROR] Client Error in reaching server endpoint - No response received when attempting to reach /_stcore/health @ http://localhost:18501/static/js/index.k-9rUdPI.js:19
[15537517ms] [ERROR] Is Streamlit still running? If you accidentally stopped Streamlit, just restart it in your terminal: @ http://localhost:18501/static/js/index.k-9rUdPI.js:24
[15537517ms] [ERROR] Failed to load resource: net::ERR_CONNECTION_REFUSED @ http://localhost:18501/_stcore/host-config:0
[15541899ms] [ERROR] Failed to load resource: net::ERR_CONNECTION_REFUSED @ http://localhost:18501/_stcore/health:0
[15541899ms] [ERROR] Client Error in reaching server endpoint - No response received when attempting to reach /_stcore/health @ http://localhost:18501/static/js/index.k-9rUdPI.js:19
[15541900ms] [ERROR] Is Streamlit still running? If you accidentally stopped Streamlit, just restart it in your terminal: @ http://localhost:18501/static/js/index.k-9rUdPI.js:24
[15542107ms] [ERROR] Failed to load resource: net::ERR_CONNECTION_REFUSED @ http://localhost:18501/_stcore/host-config:0
[15546292ms] [ERROR] Failed to load resource: net::ERR_CONNECTION_REFUSED @ http://localhost:18501/_stcore/health:0
[15546292ms] [ERROR] Client Error in reaching server endpoint - No response received when attempting to reach /_stcore/health @ http://localhost:18501/static/js/index.k-9rUdPI.js:19
[15546292ms] [ERROR] Is Streamlit still running? If you accidentally stopped Streamlit, just restart it in your terminal: @ http://localhost:18501/static/js/index.k-9rUdPI.js:24
[15546521ms] [ERROR] Failed to load resource: net::ERR_CONNECTION_REFUSED @ http://localhost:18501/_stcore/host-config:0
[15550691ms] [ERROR] Failed to load resource: net::ERR_CONNECTION_REFUSED @ http://localhost:18501/_stcore/health:0
[15550691ms] [ERROR] Client Error in reaching server endpoint - No response received when attempting to reach /_stcore/health @ http://localhost:18501/static/js/index.k-9rUdPI.js:19
[15550692ms] [ERROR] Is Streamlit still running? If you accidentally stopped Streamlit, just restart it in your terminal: @ http://localhost:18501/static/js/index.k-9rUdPI.js:24
[15550700ms] [ERROR] Failed to load resource: net::ERR_CONNECTION_REFUSED @ http://localhost:18501/_stcore/host-config:0
[15555060ms] [ERROR] Failed to load resource: net::ERR_CONNECTION_REFUSED @ http://localhost:18501/_stcore/health:0
[15555060ms] [ERROR] Client Error in reaching server endpoint - No response received when attempting to reach /_stcore/health @ http://localhost:18501/static/js/index.k-9rUdPI.js:19
[15555060ms] [ERROR] Is Streamlit still running? If you accidentally stopped Streamlit, just restart it in your terminal: @ http://localhost:18501/static/js/index.k-9rUdPI.js:24
[15555060ms] [ERROR] Failed to load resource: net::ERR_CONNECTION_REFUSED @ http://localhost:18501/_stcore/host-config:0
[15559433ms] [ERROR] Failed to load resource: net::ERR_CONNECTION_REFUSED @ http://localhost:18501/_stcore/health:0
[15559434ms] [ERROR] Client Error in reaching server endpoint - No response received when attempting to reach /_stcore/health @ http://localhost:18501/static/js/index.k-9rUdPI.js:19
[15559434ms] [ERROR] Is Streamlit still running? If you accidentally stopped Streamlit, just restart it in your terminal: @ http://localhost:18501/static/js/index.k-9rUdPI.js:24
[15559463ms] [ERROR] Failed to load resource: net::ERR_CONNECTION_REFUSED @ http://localhost:18501/_stcore/host-config:0
[15563870ms] [ERROR] Failed to load resource: net::ERR_CONNECTION_REFUSED @ http://localhost:18501/_stcore/health:0
[15563870ms] [ERROR] Client Error in reaching server endpoint - No response received when attempting to reach /_stcore/health @ http://localhost:18501/static/js/index.k-9rUdPI.js:19
[15563871ms] [ERROR] Is Streamlit still running? If you accidentally stopped Streamlit, just restart it in your terminal: @ http://localhost:18501/static/js/index.k-9rUdPI.js:24
[15563872ms] [ERROR] Failed to load resource: net::ERR_CONNECTION_REFUSED @ http://localhost:18501/_stcore/host-config:0
[15568300ms] [ERROR] Failed to load resource: net::ERR_CONNECTION_REFUSED @ http://localhost:18501/_stcore/health:0
[15568302ms] [ERROR] Client Error in reaching server endpoint - No response received when attempting to reach /_stcore/health @ http://localhost:18501/static/js/index.k-9rUdPI.js:19
[15568308ms] [ERROR] Is Streamlit still running? If you accidentally stopped Streamlit, just restart it in your terminal: @ http://localhost:18501/static/js/index.k-9rUdPI.js:24
[15568310ms] [ERROR] Failed to load resource: net::ERR_CONNECTION_REFUSED @ http://localhost:18501/_stcore/host-config:0
[15572703ms] [ERROR] Failed to load resource: net::ERR_CONNECTION_REFUSED @ http://localhost:18501/_stcore/health:0
[15572703ms] [ERROR] Client Error in reaching server endpoint - No response received when attempting to reach /_stcore/health @ http://localhost:18501/static/js/index.k-9rUdPI.js:19
[15572703ms] [ERROR] Is Streamlit still running? If you accidentally stopped Streamlit, just restart it in your terminal: @ http://localhost:18501/static/js/index.k-9rUdPI.js:24
[15572953ms] [ERROR] Failed to load resource: net::ERR_CONNECTION_REFUSED @ http://localhost:18501/_stcore/host-config:0
[15577106ms] [ERROR] Failed to load resource: net::ERR_CONNECTION_REFUSED @ http://localhost:18501/_stcore/health:0
[15577106ms] [ERROR] Client Error in reaching server endpoint - No response received when attempting to reach /_stcore/health @ http://localhost:18501/static/js/index.k-9rUdPI.js:19
[15577107ms] [ERROR] Is Streamlit still running? If you accidentally stopped Streamlit, just restart it in your terminal: @ http://localhost:18501/static/js/index.k-9rUdPI.js:24
[15577318ms] [ERROR] Failed to load resource: net::ERR_CONNECTION_REFUSED @ http://localhost:18501/_stcore/host-config:0
[15581599ms] [ERROR] Failed to load resource: net::ERR_CONNECTION_REFUSED @ http://localhost:18501/_stcore/health:0
[15581600ms] [ERROR] Client Error in reaching server endpoint - No response received when attempting to reach /_stcore/health @ http://localhost:18501/static/js/index.k-9rUdPI.js:19
[15581600ms] [ERROR] Is Streamlit still running? If you accidentally stopped Streamlit, just restart it in your terminal: @ http://localhost:18501/static/js/index.k-9rUdPI.js:24
[15581600ms] [ERROR] Failed to load resource: net::ERR_CONNECTION_REFUSED @ http://localhost:18501/_stcore/host-config:0
[15586087ms] [ERROR] Failed to load resource: net::ERR_CONNECTION_REFUSED @ http://localhost:18501/_stcore/health:0
[15586087ms] [ERROR] Client Error in reaching server endpoint - No response received when attempting to reach /_stcore/health @ http://localhost:18501/static/js/index.k-9rUdPI.js:19
[15586087ms] [ERROR] Is Streamlit still running? If you accidentally stopped Streamlit, just restart it in your terminal: @ http://localhost:18501/static/js/index.k-9rUdPI.js:24
[15586327ms] [ERROR] Failed to load resource: net::ERR_CONNECTION_REFUSED @ http://localhost:18501/_stcore/host-config:0
[15590522ms] [ERROR] Failed to load resource: net::ERR_CONNECTION_REFUSED @ http://localhost:18501/_stcore/health:0
[15590522ms] [ERROR] Client Error in reaching server endpoint - No response received when attempting to reach /_stcore/health @ http://localhost:18501/static/js/index.k-9rUdPI.js:19
[15590522ms] [ERROR] Is Streamlit still running? If you accidentally stopped Streamlit, just restart it in your terminal: @ http://localhost:18501/static/js/index.k-9rUdPI.js:24
[15590523ms] [ERROR] Failed to load resource: net::ERR_CONNECTION_REFUSED @ http://localhost:18501/_stcore/host-config:0
[15594926ms] [ERROR] Failed to load resource: net::ERR_CONNECTION_REFUSED @ http://localhost:18501/_stcore/health:0
[15594926ms] [ERROR] Client Error in reaching server endpoint - No response received when attempting to reach /_stcore/health @ http://localhost:18501/static/js/index.k-9rUdPI.js:19
[15594929ms] [ERROR] Is Streamlit still running? If you accidentally stopped Streamlit, just restart it in your terminal: @ http://localhost:18501/static/js/index.k-9rUdPI.js:24
[15594930ms] [ERROR] Failed to load resource: net::ERR_CONNECTION_REFUSED @ http://localhost:18501/_stcore/host-config:0
[15599385ms] [ERROR] Failed to load resource: net::ERR_CONNECTION_REFUSED @ http://localhost:18501/_stcore/health:0
[15599386ms] [ERROR] Client Error in reaching server endpoint - No response received when attempting to reach /_stcore/health @ http://localhost:18501/static/js/index.k-9rUdPI.js:19
[15599386ms] [ERROR] Is Streamlit still running? If you accidentally stopped Streamlit, just restart it in your terminal: @ http://localhost:18501/static/js/index.k-9rUdPI.js:24
[15599398ms] [ERROR] Failed to load resource: net::ERR_CONNECTION_REFUSED @ http://localhost:18501/_stcore/host-config:0
[15603794ms] [ERROR] Failed to load resource: net::ERR_CONNECTION_REFUSED @ http://localhost:18501/_stcore/health:0
[15603794ms] [ERROR] Client Error in reaching server endpoint - No response received when attempting to reach /_stcore/health @ http://localhost:18501/static/js/index.k-9rUdPI.js:19
[15603794ms] [ERROR] Is Streamlit still running? If you accidentally stopped Streamlit, just restart it in your terminal: @ http://localhost:18501/static/js/index.k-9rUdPI.js:24
[15603795ms] [ERROR] Failed to load resource: net::ERR_CONNECTION_REFUSED @ http://localhost:18501/_stcore/host-config:0
[15608220ms] [ERROR] Failed to load resource: net::ERR_CONNECTION_REFUSED @ http://localhost:18501/_stcore/health:0
[15608221ms] [ERROR] Client Error in reaching server endpoint - No response received when attempting to reach /_stcore/health @ http://localhost:18501/static/js/index.k-9rUdPI.js:19
[15608221ms] [ERROR] Is Streamlit still running? If you accidentally stopped Streamlit, just restart it in your terminal: @ http://localhost:18501/static/js/index.k-9rUdPI.js:24
[15608221ms] [ERROR] Failed to load resource: net::ERR_CONNECTION_REFUSED @ http://localhost:18501/_stcore/host-config:0
[15612591ms] [ERROR] Failed to load resource: net::ERR_CONNECTION_REFUSED @ http://localhost:18501/_stcore/health:0
[15612591ms] [ERROR] Client Error in reaching server endpoint - No response received when attempting to reach /_stcore/health @ http://localhost:18501/static/js/index.k-9rUdPI.js:19
[15612591ms] [ERROR] Is Streamlit still running? If you accidentally stopped Streamlit, just restart it in your terminal: @ http://localhost:18501/static/js/index.k-9rUdPI.js:24
[15612591ms] [ERROR] Failed to load resource: net::ERR_CONNECTION_REFUSED @ http://localhost:18501/_stcore/host-config:0
[15616950ms] [ERROR] Failed to load resource: net::ERR_CONNECTION_REFUSED @ http://localhost:18501/_stcore/health:0
[15616951ms] [ERROR] Client Error in reaching server endpoint - No response received when attempting to reach /_stcore/health @ http://localhost:18501/static/js/index.k-9rUdPI.js:19
[15616953ms] [ERROR] Is Streamlit still running? If you accidentally stopped Streamlit, just restart it in your terminal: @ http://localhost:18501/static/js/index.k-9rUdPI.js:24
[15617053ms] [ERROR] Failed to load resource: net::ERR_CONNECTION_REFUSED @ http://localhost:18501/_stcore/host-config:0
[15621335ms] [ERROR] Failed to load resource: net::ERR_CONNECTION_REFUSED @ http://localhost:18501/_stcore/health:0
[15621336ms] [ERROR] Client Error in reaching server endpoint - No response received when attempting to reach /_stcore/health @ http://localhost:18501/static/js/index.k-9rUdPI.js:19
[15621336ms] [ERROR] Is Streamlit still running? If you accidentally stopped Streamlit, just restart it in your terminal: @ http://localhost:18501/static/js/index.k-9rUdPI.js:24
[15621416ms] [ERROR] Failed to load resource: net::ERR_CONNECTION_REFUSED @ http://localhost:18501/_stcore/host-config:0
[15625713ms] [ERROR] Failed to load resource: net::ERR_CONNECTION_REFUSED @ http://localhost:18501/_stcore/health:0
[15625714ms] [ERROR] Client Error in reaching server endpoint - No response received when attempting to reach /_stcore/health @ http://localhost:18501/static/js/index.k-9rUdPI.js:19
[15625714ms] [ERROR] Is Streamlit still running? If you accidentally stopped Streamlit, just restart it in your terminal: @ http://localhost:18501/static/js/index.k-9rUdPI.js:24
[15625716ms] [ERROR] Failed to load resource: net::ERR_CONNECTION_REFUSED @ http://localhost:18501/_stcore/host-config:0
[15630123ms] [ERROR] Failed to load resource: net::ERR_CONNECTION_REFUSED @ http://localhost:18501/_stcore/health:0
[15630123ms] [ERROR] Client Error in reaching server endpoint - No response received when attempting to reach /_stcore/health @ http://localhost:18501/static/js/index.k-9rUdPI.js:19
[15630123ms] [ERROR] Is Streamlit still running? If you accidentally stopped Streamlit, just restart it in your terminal: @ http://localhost:18501/static/js/index.k-9rUdPI.js:24
[15630123ms] [ERROR] Failed to load resource: net::ERR_CONNECTION_REFUSED @ http://localhost:18501/_stcore/host-config:0
[15634519ms] [ERROR] Failed to load resource: net::ERR_CONNECTION_REFUSED @ http://localhost:18501/_stcore/health:0
[15634524ms] [ERROR] Client Error in reaching server endpoint - No response received when attempting to reach /_stcore/health @ http://localhost:18501/static/js/index.k-9rUdPI.js:19
[15634529ms] [ERROR] Is Streamlit still running? If you accidentally stopped Streamlit, just restart it in your terminal: @ http://localhost:18501/static/js/index.k-9rUdPI.js:24
[15634529ms] [ERROR] Failed to load resource: net::ERR_CONNECTION_REFUSED @ http://localhost:18501/_stcore/host-config:0
[15638893ms] [ERROR] Failed to load resource: net::ERR_CONNECTION_REFUSED @ http://localhost:18501/_stcore/health:0
[15638893ms] [ERROR] Client Error in reaching server endpoint - No response received when attempting to reach /_stcore/health @ http://localhost:18501/static/js/index.k-9rUdPI.js:19
[15638894ms] [ERROR] Is Streamlit still running? If you accidentally stopped Streamlit, just restart it in your terminal: @ http://localhost:18501/static/js/index.k-9rUdPI.js:24
[15639138ms] [ERROR] Failed to load resource: net::ERR_CONNECTION_REFUSED @ http://localhost:18501/_stcore/host-config:0
[15643290ms] [ERROR] Failed to load resource: net::ERR_CONNECTION_REFUSED @ http://localhost:18501/_stcore/health:0
[15643290ms] [ERROR] Client Error in reaching server endpoint - No response received when attempting to reach /_stcore/health @ http://localhost:18501/static/js/index.k-9rUdPI.js:19
[15643290ms] [ERROR] Is Streamlit still running? If you accidentally stopped Streamlit, just restart it in your terminal: @ http://localhost:18501/static/js/index.k-9rUdPI.js:24
[15643290ms] [ERROR] Failed to load resource: net::ERR_CONNECTION_REFUSED @ http://localhost:18501/_stcore/host-config:0
[15647686ms] [ERROR] Failed to load resource: net::ERR_CONNECTION_REFUSED @ http://localhost:18501/_stcore/health:0
[15647686ms] [ERROR] Client Error in reaching server endpoint - No response received when attempting to reach /_stcore/health @ http://localhost:18501/static/js/index.k-9rUdPI.js:19
[15647687ms] [ERROR] Is Streamlit still running? If you accidentally stopped Streamlit, just restart it in your terminal: @ http://localhost:18501/static/js/index.k-9rUdPI.js:24
[15647688ms] [ERROR] Failed to load resource: net::ERR_CONNECTION_REFUSED @ http://localhost:18501/_stcore/host-config:0
[15652060ms] [ERROR] Failed to load resource: net::ERR_CONNECTION_REFUSED @ http://localhost:18501/_stcore/health:0
[15652061ms] [ERROR] Client Error in reaching server endpoint - No response received when attempting to reach /_stcore/health @ http://localhost:18501/static/js/index.k-9rUdPI.js:19
[15652061ms] [ERROR] Is Streamlit still running? If you accidentally stopped Streamlit, just restart it in your terminal: @ http://localhost:18501/static/js/index.k-9rUdPI.js:24
[15652076ms] [ERROR] Failed to load resource: net::ERR_CONNECTION_REFUSED @ http://localhost:18501/_stcore/host-config:0
[15656503ms] [ERROR] Failed to load resource: net::ERR_CONNECTION_REFUSED @ http://localhost:18501/_stcore/health:0
[15656503ms] [ERROR] Client Error in reaching server endpoint - No response received when attempting to reach /_stcore/health @ http://localhost:18501/static/js/index.k-9rUdPI.js:19
[15656503ms] [ERROR] Is Streamlit still running? If you accidentally stopped Streamlit, just restart it in your terminal: @ http://localhost:18501/static/js/index.k-9rUdPI.js:24
[15656633ms] [ERROR] Failed to load resource: net::ERR_CONNECTION_REFUSED @ http://localhost:18501/_stcore/host-config:0
[15660910ms] [ERROR] Failed to load resource: net::ERR_CONNECTION_REFUSED @ http://localhost:18501/_stcore/health:0
[15660913ms] [ERROR] Client Error in reaching server endpoint - No response received when attempting to reach /_stcore/health @ http://localhost:18501/static/js/index.k-9rUdPI.js:19
[15660914ms] [ERROR] Is Streamlit still running? If you accidentally stopped Streamlit, just restart it in your terminal: @ http://localhost:18501/static/js/index.k-9rUdPI.js:24
[15660954ms] [ERROR] Failed to load resource: net::ERR_CONNECTION_REFUSED @ http://localhost:18501/_stcore/host-config:0
[15665306ms] [ERROR] Failed to load resource: net::ERR_CONNECTION_REFUSED @ http://localhost:18501/_stcore/health:0
[15665306ms] [ERROR] Client Error in reaching server endpoint - No response received when attempting to reach /_stcore/health @ http://localhost:18501/static/js/index.k-9rUdPI.js:19
[15665307ms] [ERROR] Is Streamlit still running? If you accidentally stopped Streamlit, just restart it in your terminal: @ http://localhost:18501/static/js/index.k-9rUdPI.js:24
[15665307ms] [ERROR] Failed to load resource: net::ERR_CONNECTION_REFUSED @ http://localhost:18501/_stcore/host-config:0
[15669714ms] [ERROR] Failed to load resource: net::ERR_CONNECTION_REFUSED @ http://localhost:18501/_stcore/health:0
[15669714ms] [ERROR] Client Error in reaching server endpoint - No response received when attempting to reach /_stcore/health @ http://localhost:18501/static/js/index.k-9rUdPI.js:19
[15669720ms] [ERROR] Is Streamlit still running? If you accidentally stopped Streamlit, just restart it in your terminal: @ http://localhost:18501/static/js/index.k-9rUdPI.js:24
[15669726ms] [ERROR] Failed to load resource: net::ERR_CONNECTION_REFUSED @ http://localhost:18501/_stcore/host-config:0
[15674165ms] [ERROR] Failed to load resource: net::ERR_CONNECTION_REFUSED @ http://localhost:18501/_stcore/health:0
[15674165ms] [ERROR] Client Error in reaching server endpoint - No response received when attempting to reach /_stcore/health @ http://localhost:18501/static/js/index.k-9rUdPI.js:19
[15674166ms] [ERROR] Is Streamlit still running? If you accidentally stopped Streamlit, just restart it in your terminal: @ http://localhost:18501/static/js/index.k-9rUdPI.js:24
[15674166ms] [ERROR] Failed to load resource: net::ERR_CONNECTION_REFUSED @ http://localhost:18501/_stcore/host-config:0
[15678556ms] [ERROR] Failed to load resource: net::ERR_CONNECTION_REFUSED @ http://localhost:18501/_stcore/health:0
[15678557ms] [ERROR] Client Error in reaching server endpoint - No response received when attempting to reach /_stcore/health @ http://localhost:18501/static/js/index.k-9rUdPI.js:19
[15678557ms] [ERROR] Is Streamlit still running? If you accidentally stopped Streamlit, just restart it in your terminal: @ http://localhost:18501/static/js/index.k-9rUdPI.js:24
[15678771ms] [ERROR] Failed to load resource: net::ERR_CONNECTION_REFUSED @ http://localhost:18501/_stcore/host-config:0
[15682924ms] [ERROR] Failed to load resource: net::ERR_CONNECTION_REFUSED @ http://localhost:18501/_stcore/health:0
[15682925ms] [ERROR] Client Error in reaching server endpoint - No response received when attempting to reach /_stcore/health @ http://localhost:18501/static/js/index.k-9rUdPI.js:19
[15682925ms] [ERROR] Is Streamlit still running? If you accidentally stopped Streamlit, just restart it in your terminal: @ http://localhost:18501/static/js/index.k-9rUdPI.js:24
[15682925ms] [ERROR] Failed to load resource: net::ERR_CONNECTION_REFUSED @ http://localhost:18501/_stcore/host-config:0
[15687299ms] [ERROR] Failed to load resource: net::ERR_CONNECTION_REFUSED @ http://localhost:18501/_stcore/health:0
[15687300ms] [ERROR] Client Error in reaching server endpoint - No response received when attempting to reach /_stcore/health @ http://localhost:18501/static/js/index.k-9rUdPI.js:19
[15687300ms] [ERROR] Is Streamlit still running? If you accidentally stopped Streamlit, just restart it in your terminal: @ http://localhost:18501/static/js/index.k-9rUdPI.js:24
[15687300ms] [ERROR] Failed to load resource: net::ERR_CONNECTION_REFUSED @ http://localhost:18501/_stcore/host-config:0
[15691668ms] [ERROR] Failed to load resource: net::ERR_CONNECTION_REFUSED @ http://localhost:18501/_stcore/health:0
[15691669ms] [ERROR] Client Error in reaching server endpoint - No response received when attempting to reach /_stcore/health @ http://localhost:18501/static/js/index.k-9rUdPI.js:19
[15691669ms] [ERROR] Is Streamlit still running? If you accidentally stopped Streamlit, just restart it in your terminal: @ http://localhost:18501/static/js/index.k-9rUdPI.js:24
[15691715ms] [ERROR] Failed to load resource: net::ERR_CONNECTION_REFUSED @ http://localhost:18501/_stcore/host-config:0
[15696042ms] [ERROR] Failed to load resource: net::ERR_CONNECTION_REFUSED @ http://localhost:18501/_stcore/health:0
[15696042ms] [ERROR] Client Error in reaching server endpoint - No response received when attempting to reach /_stcore/health @ http://localhost:18501/static/js/index.k-9rUdPI.js:19
[15696042ms] [ERROR] Is Streamlit still running? If you accidentally stopped Streamlit, just restart it in your terminal: @ http://localhost:18501/static/js/index.k-9rUdPI.js:24
[15696042ms] [ERROR] Failed to load resource: net::ERR_CONNECTION_REFUSED @ http://localhost:18501/_stcore/host-config:0
[15700421ms] [ERROR] Failed to load resource: net::ERR_CONNECTION_REFUSED @ http://localhost:18501/_stcore/health:0
[15700422ms] [ERROR] Client Error in reaching server endpoint - No response received when attempting to reach /_stcore/health @ http://localhost:18501/static/js/index.k-9rUdPI.js:19
[15700422ms] [ERROR] Is Streamlit still running? If you accidentally stopped Streamlit, just restart it in your terminal: @ http://localhost:18501/static/js/index.k-9rUdPI.js:24
[15700423ms] [ERROR] Failed to load resource: net::ERR_CONNECTION_REFUSED @ http://localhost:18501/_stcore/host-config:0
[15704780ms] [ERROR] Failed to load resource: net::ERR_CONNECTION_REFUSED @ http://localhost:18501/_stcore/health:0
[15704781ms] [ERROR] Client Error in reaching server endpoint - No response received when attempting to reach /_stcore/health @ http://localhost:18501/static/js/index.k-9rUdPI.js:19
[15704781ms] [ERROR] Is Streamlit still running? If you accidentally stopped Streamlit, just restart it in your terminal: @ http://localhost:18501/static/js/index.k-9rUdPI.js:24
[15704864ms] [ERROR] Failed to load resource: net::ERR_CONNECTION_REFUSED @ http://localhost:18501/_stcore/host-config:0
[15709164ms] [ERROR] Failed to load resource: net::ERR_CONNECTION_REFUSED @ http://localhost:18501/_stcore/health:0
[15709165ms] [ERROR] Client Error in reaching server endpoint - No response received when attempting to reach /_stcore/health @ http://localhost:18501/static/js/index.k-9rUdPI.js:19
[15709165ms] [ERROR] Is Streamlit still running? If you accidentally stopped Streamlit, just restart it in your terminal: @ http://localhost:18501/static/js/index.k-9rUdPI.js:24
[15709165ms] [ERROR] Failed to load resource: net::ERR_CONNECTION_REFUSED @ http://localhost:18501/_stcore/host-config:0
[15713540ms] [ERROR] Failed to load resource: net::ERR_CONNECTION_REFUSED @ http://localhost:18501/_stcore/health:0
[15713540ms] [ERROR] Client Error in reaching server endpoint - No response received when attempting to reach /_stcore/health @ http://localhost:18501/static/js/index.k-9rUdPI.js:19
[15713540ms] [ERROR] Is Streamlit still running? If you accidentally stopped Streamlit, just restart it in your terminal: @ http://localhost:18501/static/js/index.k-9rUdPI.js:24
[15713548ms] [ERROR] Failed to load resource: net::ERR_CONNECTION_REFUSED @ http://localhost:18501/_stcore/host-config:0
[15717955ms] [ERROR] Failed to load resource: net::ERR_CONNECTION_REFUSED @ http://localhost:18501/_stcore/health:0
[15717955ms] [ERROR] Client Error in reaching server endpoint - No response received when attempting to reach /_stcore/health @ http://localhost:18501/static/js/index.k-9rUdPI.js:19
[15717955ms] [ERROR] Is Streamlit still running? If you accidentally stopped Streamlit, just restart it in your terminal: @ http://localhost:18501/static/js/index.k-9rUdPI.js:24
[15718058ms] [ERROR] Failed to load resource: net::ERR_CONNECTION_REFUSED @ http://localhost:18501/_stcore/host-config:0
[15722373ms] [ERROR] Failed to load resource: net::ERR_CONNECTION_REFUSED @ http://localhost:18501/_stcore/health:0
[15722374ms] [ERROR] Client Error in reaching server endpoint - No response received when attempting to reach /_stcore/health @ http://localhost:18501/static/js/index.k-9rUdPI.js:19
[15722374ms] [ERROR] Is Streamlit still running? If you accidentally stopped Streamlit, just restart it in your terminal: @ http://localhost:18501/static/js/index.k-9rUdPI.js:24
[15722522ms] [ERROR] Failed to load resource: net::ERR_CONNECTION_REFUSED @ http://localhost:18501/_stcore/host-config:0
[15726756ms] [ERROR] Failed to load resource: net::ERR_CONNECTION_REFUSED @ http://localhost:18501/_stcore/health:0
[15726756ms] [ERROR] Client Error in reaching server endpoint - No response received when attempting to reach /_stcore/health @ http://localhost:18501/static/js/index.k-9rUdPI.js:19
[15726756ms] [ERROR] Is Streamlit still running? If you accidentally stopped Streamlit, just restart it in your terminal: @ http://localhost:18501/static/js/index.k-9rUdPI.js:24
[15726891ms] [ERROR] Failed to load resource: net::ERR_CONNECTION_REFUSED @ http://localhost:18501/_stcore/host-config:0
[15731149ms] [ERROR] Failed to load resource: net::ERR_CONNECTION_REFUSED @ http://localhost:18501/_stcore/health:0
[15731150ms] [ERROR] Client Error in reaching server endpoint - No response received when attempting to reach /_stcore/health @ http://localhost:18501/static/js/index.k-9rUdPI.js:19
[15731150ms] [ERROR] Is Streamlit still running? If you accidentally stopped Streamlit, just restart it in your terminal: @ http://localhost:18501/static/js/index.k-9rUdPI.js:24
[15731155ms] [ERROR] Failed to load resource: net::ERR_CONNECTION_REFUSED @ http://localhost:18501/_stcore/host-config:0
[15735540ms] [ERROR] Failed to load resource: net::ERR_CONNECTION_REFUSED @ http://localhost:18501/_stcore/health:0
[15735541ms] [ERROR] Client Error in reaching server endpoint - No response received when attempting to reach /_stcore/health @ http://localhost:18501/static/js/index.k-9rUdPI.js:19
[15735543ms] [ERROR] Is Streamlit still running? If you accidentally stopped Streamlit, just restart it in your terminal: @ http://localhost:18501/static/js/index.k-9rUdPI.js:24
[15735872ms] [ERROR] Failed to load resource: net::ERR_CONNECTION_REFUSED @ http://localhost:18501/_stcore/host-config:0
[15739959ms] [ERROR] Failed to load resource: net::ERR_CONNECTION_REFUSED @ http://localhost:18501/_stcore/health:0
[15739968ms] [ERROR] Client Error in reaching server endpoint - No response received when attempting to reach /_stcore/health @ http://localhost:18501/static/js/index.k-9rUdPI.js:19
[15739968ms] [ERROR] Is Streamlit still running? If you accidentally stopped Streamlit, just restart it in your terminal: @ http://localhost:18501/static/js/index.k-9rUdPI.js:24
[15740296ms] [ERROR] Failed to load resource: net::ERR_CONNECTION_REFUSED @ http://localhost:18501/_stcore/host-config:0
[15744380ms] [ERROR] Failed to load resource: net::ERR_CONNECTION_REFUSED @ http://localhost:18501/_stcore/health:0
[15744380ms] [ERROR] Client Error in reaching server endpoint - No response received when attempting to reach /_stcore/health @ http://localhost:18501/static/js/index.k-9rUdPI.js:19
[15744380ms] [ERROR] Is Streamlit still running? If you accidentally stopped Streamlit, just restart it in your terminal: @ http://localhost:18501/static/js/index.k-9rUdPI.js:24
[15744380ms] [ERROR] Failed to load resource: net::ERR_CONNECTION_REFUSED @ http://localhost:18501/_stcore/host-config:0
[15748773ms] [ERROR] Failed to load resource: net::ERR_CONNECTION_REFUSED @ http://localhost:18501/_stcore/health:0
[15748776ms] [ERROR] Client Error in reaching server endpoint - No response received when attempting to reach /_stcore/health @ http://localhost:18501/static/js/index.k-9rUdPI.js:19
[15748778ms] [ERROR] Is Streamlit still running? If you accidentally stopped Streamlit, just restart it in your terminal: @ http://localhost:18501/static/js/index.k-9rUdPI.js:24
[15749073ms] [ERROR] Failed to load resource: net::ERR_CONNECTION_REFUSED @ http://localhost:18501/_stcore/host-config:0
[15753263ms] [ERROR] Failed to load resource: net::ERR_CONNECTION_REFUSED @ http://localhost:18501/_stcore/health:0
[15753264ms] [ERROR] Client Error in reaching server endpoint - No response received when attempting to reach /_stcore/health @ http://localhost:18501/static/js/index.k-9rUdPI.js:19
[15753265ms] [ERROR] Is Streamlit still running? If you accidentally stopped Streamlit, just restart it in your terminal: @ http://localhost:18501/static/js/index.k-9rUdPI.js:24
[15753413ms] [ERROR] Failed to load resource: net::ERR_CONNECTION_REFUSED @ http://localhost:18501/_stcore/host-config:0
[15757728ms] [ERROR] Failed to load resource: net::ERR_CONNECTION_REFUSED @ http://localhost:18501/_stcore/health:0
[15757728ms] [ERROR] Client Error in reaching server endpoint - No response received when attempting to reach /_stcore/health @ http://localhost:18501/static/js/index.k-9rUdPI.js:19
[15757728ms] [ERROR] Is Streamlit still running? If you accidentally stopped Streamlit, just restart it in your terminal: @ http://localhost:18501/static/js/index.k-9rUdPI.js:24
[15758054ms] [ERROR] Failed to load resource: net::ERR_CONNECTION_REFUSED @ http://localhost:18501/_stcore/host-config:0
[15762123ms] [ERROR] Failed to load resource: net::ERR_CONNECTION_REFUSED @ http://localhost:18501/_stcore/health:0
[15762123ms] [ERROR] Client Error in reaching server endpoint - No response received when attempting to reach /_stcore/health @ http://localhost:18501/static/js/index.k-9rUdPI.js:19
[15762123ms] [ERROR] Is Streamlit still running? If you accidentally stopped Streamlit, just restart it in your terminal: @ http://localhost:18501/static/js/index.k-9rUdPI.js:24
[15762124ms] [ERROR] Failed to load resource: net::ERR_CONNECTION_REFUSED @ http://localhost:18501/_stcore/host-config:0
[15766465ms] [ERROR] Failed to load resource: net::ERR_CONNECTION_REFUSED @ http://localhost:18501/_stcore/health:0
[15766465ms] [ERROR] Client Error in reaching server endpoint - No response received when attempting to reach /_stcore/health @ http://localhost:18501/static/js/index.k-9rUdPI.js:19
[15766465ms] [ERROR] Is Streamlit still running? If you accidentally stopped Streamlit, just restart it in your terminal: @ http://localhost:18501/static/js/index.k-9rUdPI.js:24
[15766496ms] [ERROR] Failed to load resource: net::ERR_CONNECTION_REFUSED @ http://localhost:18501/_stcore/host-config:0
[15770843ms] [ERROR] Failed to load resource: net::ERR_CONNECTION_REFUSED @ http://localhost:18501/_stcore/health:0
[15770843ms] [ERROR] Client Error in reaching server endpoint - No response received when attempting to reach /_stcore/health @ http://localhost:18501/static/js/index.k-9rUdPI.js:19
[15770844ms] [ERROR] Is Streamlit still running? If you accidentally stopped Streamlit, just restart it in your terminal: @ http://localhost:18501/static/js/index.k-9rUdPI.js:24
[15770985ms] [ERROR] Failed to load resource: net::ERR_CONNECTION_REFUSED @ http://localhost:18501/_stcore/host-config:0
[15775221ms] [ERROR] Failed to load resource: net::ERR_CONNECTION_REFUSED @ http://localhost:18501/_stcore/health:0
[15775223ms] [ERROR] Client Error in reaching server endpoint - No response received when attempting to reach /_stcore/health @ http://localhost:18501/static/js/index.k-9rUdPI.js:19
[15775225ms] [ERROR] Is Streamlit still running? If you accidentally stopped Streamlit, just restart it in your terminal: @ http://localhost:18501/static/js/index.k-9rUdPI.js:24
[15775227ms] [ERROR] Failed to load resource: net::ERR_CONNECTION_REFUSED @ http://localhost:18501/_stcore/host-config:0
[15779735ms] [ERROR] Failed to load resource: net::ERR_CONNECTION_REFUSED @ http://localhost:18501/_stcore/health:0
[15779735ms] [ERROR] Client Error in reaching server endpoint - No response received when attempting to reach /_stcore/health @ http://localhost:18501/static/js/index.k-9rUdPI.js:19
[15779735ms] [ERROR] Is Streamlit still running? If you accidentally stopped Streamlit, just restart it in your terminal: @ http://localhost:18501/static/js/index.k-9rUdPI.js:24
[15779736ms] [ERROR] Failed to load resource: net::ERR_CONNECTION_REFUSED @ http://localhost:18501/_stcore/host-config:0
[15784139ms] [ERROR] Failed to load resource: net::ERR_CONNECTION_REFUSED @ http://localhost:18501/_stcore/health:0
[15784139ms] [ERROR] Client Error in reaching server endpoint - No response received when attempting to reach /_stcore/health @ http://localhost:18501/static/js/index.k-9rUdPI.js:19
[15784139ms] [ERROR] Is Streamlit still running? If you accidentally stopped Streamlit, just restart it in your terminal: @ http://localhost:18501/static/js/index.k-9rUdPI.js:24
[15784142ms] [ERROR] Failed to load resource: net::ERR_CONNECTION_REFUSED @ http://localhost:18501/_stcore/host-config:0
[15788588ms] [ERROR] Failed to load resource: net::ERR_CONNECTION_REFUSED @ http://localhost:18501/_stcore/health:0
[15788593ms] [ERROR] Client Error in reaching server endpoint - No response received when attempting to reach /_stcore/health @ http://localhost:18501/static/js/index.k-9rUdPI.js:19
[15788595ms] [ERROR] Is Streamlit still running? If you accidentally stopped Streamlit, just restart it in your terminal: @ http://localhost:18501/static/js/index.k-9rUdPI.js:24
[15788595ms] [ERROR] Failed to load resource: net::ERR_CONNECTION_REFUSED @ http://localhost:18501/_stcore/host-config:0
[15793020ms] [ERROR] Failed to load resource: net::ERR_CONNECTION_REFUSED @ http://localhost:18501/_stcore/health:0
[15793020ms] [ERROR] Client Error in reaching server endpoint - No response received when attempting to reach /_stcore/health @ http://localhost:18501/static/js/index.k-9rUdPI.js:19
[15793020ms] [ERROR] Is Streamlit still running? If you accidentally stopped Streamlit, just restart it in your terminal: @ http://localhost:18501/static/js/index.k-9rUdPI.js:24
[15793021ms] [ERROR] Failed to load resource: net::ERR_CONNECTION_REFUSED @ http://localhost:18501/_stcore/host-config:0
[15797439ms] [ERROR] Failed to load resource: net::ERR_CONNECTION_REFUSED @ http://localhost:18501/_stcore/health:0
[15797439ms] [ERROR] Client Error in reaching server endpoint - No response received when attempting to reach /_stcore/health @ http://localhost:18501/static/js/index.k-9rUdPI.js:19
[15797439ms] [ERROR] Is Streamlit still running? If you accidentally stopped Streamlit, just restart it in your terminal: @ http://localhost:18501/static/js/index.k-9rUdPI.js:24
[15797738ms] [ERROR] Failed to load resource: net::ERR_CONNECTION_REFUSED @ http://localhost:18501/_stcore/host-config:0
[15801853ms] [ERROR] Failed to load resource: net::ERR_CONNECTION_REFUSED @ http://localhost:18501/_stcore/health:0
[15801854ms] [ERROR] Client Error in reaching server endpoint - No response received when attempting to reach /_stcore/health @ http://localhost:18501/static/js/index.k-9rUdPI.js:19
[15801854ms] [ERROR] Is Streamlit still running? If you accidentally stopped Streamlit, just restart it in your terminal: @ http://localhost:18501/static/js/index.k-9rUdPI.js:24
[15802141ms] [ERROR] Failed to load resource: net::ERR_CONNECTION_REFUSED @ http://localhost:18501/_stcore/host-config:0
[15806259ms] [ERROR] Failed to load resource: net::ERR_CONNECTION_REFUSED @ http://localhost:18501/_stcore/health:0
[15806260ms] [ERROR] Client Error in reaching server endpoint - No response received when attempting to reach /_stcore/health @ http://localhost:18501/static/js/index.k-9rUdPI.js:19
[15806261ms] [ERROR] Is Streamlit still running? If you accidentally stopped Streamlit, just restart it in your terminal: @ http://localhost:18501/static/js/index.k-9rUdPI.js:24
[15806587ms] [ERROR] Failed to load resource: net::ERR_CONNECTION_REFUSED @ http://localhost:18501/_stcore/host-config:0
[15810655ms] [ERROR] Failed to load resource: net::ERR_CONNECTION_REFUSED @ http://localhost:18501/_stcore/health:0
[15810655ms] [ERROR] Client Error in reaching server endpoint - No response received when attempting to reach /_stcore/health @ http://localhost:18501/static/js/index.k-9rUdPI.js:19
[15810655ms] [ERROR] Is Streamlit still running? If you accidentally stopped Streamlit, just restart it in your terminal: @ http://localhost:18501/static/js/index.k-9rUdPI.js:24
[15810658ms] [ERROR] Failed to load resource: net::ERR_CONNECTION_REFUSED @ http://localhost:18501/_stcore/host-config:0
[15815042ms] [ERROR] Failed to load resource: net::ERR_CONNECTION_REFUSED @ http://localhost:18501/_stcore/health:0
[15815042ms] [ERROR] Client Error in reaching server endpoint - No response received when attempting to reach /_stcore/health @ http://localhost:18501/static/js/index.k-9rUdPI.js:19
[15815042ms] [ERROR] Is Streamlit still running? If you accidentally stopped Streamlit, just restart it in your terminal: @ http://localhost:18501/static/js/index.k-9rUdPI.js:24
[15815042ms] [ERROR] Failed to load resource: net::ERR_CONNECTION_REFUSED @ http://localhost:18501/_stcore/host-config:0
[15819426ms] [ERROR] Failed to load resource: net::ERR_CONNECTION_REFUSED @ http://localhost:18501/_stcore/health:0
[15819426ms] [ERROR] Client Error in reaching server endpoint - No response received when attempting to reach /_stcore/health @ http://localhost:18501/static/js/index.k-9rUdPI.js:19
[15819426ms] [ERROR] Is Streamlit still running? If you accidentally stopped Streamlit, just restart it in your terminal: @ http://localhost:18501/static/js/index.k-9rUdPI.js:24
[15819587ms] [ERROR] Failed to load resource: net::ERR_CONNECTION_REFUSED @ http://localhost:18501/_stcore/host-config:0
[15823834ms] [ERROR] Failed to load resource: net::ERR_CONNECTION_REFUSED @ http://localhost:18501/_stcore/health:0
[15823834ms] [ERROR] Client Error in reaching server endpoint - No response received when attempting to reach /_stcore/health @ http://localhost:18501/static/js/index.k-9rUdPI.js:19
[15823835ms] [ERROR] Is Streamlit still running? If you accidentally stopped Streamlit, just restart it in your terminal: @ http://localhost:18501/static/js/index.k-9rUdPI.js:24
[15824023ms] [ERROR] Failed to load resource: net::ERR_CONNECTION_REFUSED @ http://localhost:18501/_stcore/host-config:0
[15828425ms] [ERROR] Failed to load resource: net::ERR_CONNECTION_REFUSED @ http://localhost:18501/_stcore/health:0
[15828425ms] [ERROR] Client Error in reaching server endpoint - No response received when attempting to reach /_stcore/health @ http://localhost:18501/static/js/index.k-9rUdPI.js:19
[15828426ms] [ERROR] Is Streamlit still running? If you accidentally stopped Streamlit, just restart it in your terminal: @ http://localhost:18501/static/js/index.k-9rUdPI.js:24
[15828426ms] [ERROR] Failed to load resource: net::ERR_CONNECTION_REFUSED @ http://localhost:18501/_stcore/host-config:0
[15832926ms] [ERROR] Failed to load resource: net::ERR_CONNECTION_REFUSED @ http://localhost:18501/_stcore/health:0
[15832926ms] [ERROR] Client Error in reaching server endpoint - No response received when attempting to reach /_stcore/health @ http://localhost:18501/static/js/index.k-9rUdPI.js:19
[15832926ms] [ERROR] Is Streamlit still running? If you accidentally stopped Streamlit, just restart it in your terminal: @ http://localhost:18501/static/js/index.k-9rUdPI.js:24
[15832926ms] [ERROR] Failed to load resource: net::ERR_CONNECTION_REFUSED @ http://localhost:18501/_stcore/host-config:0
[15837371ms] [ERROR] Failed to load resource: net::ERR_CONNECTION_REFUSED @ http://localhost:18501/_stcore/health:0
[15837371ms] [ERROR] Client Error in reaching server endpoint - No response received when attempting to reach /_stcore/health @ http://localhost:18501/static/js/index.k-9rUdPI.js:19
[15837371ms] [ERROR] Is Streamlit still running? If you accidentally stopped Streamlit, just restart it in your terminal: @ http://localhost:18501/static/js/index.k-9rUdPI.js:24
[15837398ms] [ERROR] Failed to load resource: net::ERR_CONNECTION_REFUSED @ http://localhost:18501/_stcore/host-config:0
[15841757ms] [ERROR] Failed to load resource: net::ERR_CONNECTION_REFUSED @ http://localhost:18501/_stcore/health:0
[15841758ms] [ERROR] Client Error in reaching server endpoint - No response received when attempting to reach /_stcore/health @ http://localhost:18501/static/js/index.k-9rUdPI.js:19
[15841758ms] [ERROR] Is Streamlit still running? If you accidentally stopped Streamlit, just restart it in your terminal: @ http://localhost:18501/static/js/index.k-9rUdPI.js:24
[15841759ms] [ERROR] Failed to load resource: net::ERR_CONNECTION_REFUSED @ http://localhost:18501/_stcore/host-config:0
[15846177ms] [ERROR] Failed to load resource: net::ERR_CONNECTION_REFUSED @ http://localhost:18501/_stcore/health:0
[15846182ms] [ERROR] Client Error in reaching server endpoint - No response received when attempting to reach /_stcore/health @ http://localhost:18501/static/js/index.k-9rUdPI.js:19
[15846184ms] [ERROR] Is Streamlit still running? If you accidentally stopped Streamlit, just restart it in your terminal: @ http://localhost:18501/static/js/index.k-9rUdPI.js:24
[15846370ms] [ERROR] Failed to load resource: net::ERR_CONNECTION_REFUSED @ http://localhost:18501/_stcore/host-config:0
[15850592ms] [ERROR] Failed to load resource: net::ERR_CONNECTION_REFUSED @ http://localhost:18501/_stcore/health:0
[15850592ms] [ERROR] Client Error in reaching server endpoint - No response received when attempting to reach /_stcore/health @ http://localhost:18501/static/js/index.k-9rUdPI.js:19
[15850595ms] [ERROR] Is Streamlit still running? If you accidentally stopped Streamlit, just restart it in your terminal: @ http://localhost:18501/static/js/index.k-9rUdPI.js:24
[15850596ms] [ERROR] Failed to load resource: net::ERR_CONNECTION_REFUSED @ http://localhost:18501/_stcore/host-config:0
[15854998ms] [ERROR] Failed to load resource: net::ERR_CONNECTION_REFUSED @ http://localhost:18501/_stcore/health:0
[15854998ms] [ERROR] Client Error in reaching server endpoint - No response received when attempting to reach /_stcore/health @ http://localhost:18501/static/js/index.k-9rUdPI.js:19
[15854999ms] [ERROR] Is Streamlit still running? If you accidentally stopped Streamlit, just restart it in your terminal: @ http://localhost:18501/static/js/index.k-9rUdPI.js:24
[15855071ms] [ERROR] Failed to load resource: net::ERR_CONNECTION_REFUSED @ http://localhost:18501/_stcore/host-config:0
[15859397ms] [ERROR] Failed to load resource: net::ERR_CONNECTION_REFUSED @ http://localhost:18501/_stcore/health:0
[15859397ms] [ERROR] Client Error in reaching server endpoint - No response received when attempting to reach /_stcore/health @ http://localhost:18501/static/js/index.k-9rUdPI.js:19
[15859397ms] [ERROR] Is Streamlit still running? If you accidentally stopped Streamlit, just restart it in your terminal: @ http://localhost:18501/static/js/index.k-9rUdPI.js:24
[15859624ms] [ERROR] Failed to load resource: net::ERR_CONNECTION_REFUSED @ http://localhost:18501/_stcore/host-config:0
[15863749ms] [ERROR] Failed to load resource: net::ERR_CONNECTION_REFUSED @ http://localhost:18501/_stcore/health:0
[15863750ms] [ERROR] Client Error in reaching server endpoint - No response received when attempting to reach /_stcore/health @ http://localhost:18501/static/js/index.k-9rUdPI.js:19
[15863754ms] [ERROR] Is Streamlit still running? If you accidentally stopped Streamlit, just restart it in your terminal: @ http://localhost:18501/static/js/index.k-9rUdPI.js:24
[15863863ms] [ERROR] Failed to load resource: net::ERR_CONNECTION_REFUSED @ http://localhost:18501/_stcore/host-config:0
[15868138ms] [ERROR] Failed to load resource: net::ERR_CONNECTION_REFUSED @ http://localhost:18501/_stcore/health:0
[15868138ms] [ERROR] Client Error in reaching server endpoint - No response received when attempting to reach /_stcore/health @ http://localhost:18501/static/js/index.k-9rUdPI.js:19
[15868139ms] [ERROR] Is Streamlit still running? If you accidentally stopped Streamlit, just restart it in your terminal: @ http://localhost:18501/static/js/index.k-9rUdPI.js:24
[15868142ms] [ERROR] Failed to load resource: net::ERR_CONNECTION_REFUSED @ http://localhost:18501/_stcore/host-config:0
[15872591ms] [ERROR] Failed to load resource: net::ERR_CONNECTION_REFUSED @ http://localhost:18501/_stcore/health:0
[15872595ms] [ERROR] Client Error in reaching server endpoint - No response received when attempting to reach /_stcore/health @ http://localhost:18501/static/js/index.k-9rUdPI.js:19
[15872596ms] [ERROR] Is Streamlit still running? If you accidentally stopped Streamlit, just restart it in your terminal: @ http://localhost:18501/static/js/index.k-9rUdPI.js:24
[15872596ms] [ERROR] Failed to load resource: net::ERR_CONNECTION_REFUSED @ http://localhost:18501/_stcore/host-config:0
[15877048ms] [ERROR] Failed to load resource: net::ERR_CONNECTION_REFUSED @ http://localhost:18501/_stcore/health:0
[15877051ms] [ERROR] Client Error in reaching server endpoint - No response received when attempting to reach /_stcore/health @ http://localhost:18501/static/js/index.k-9rUdPI.js:19
[15877052ms] [ERROR] Is Streamlit still running? If you accidentally stopped Streamlit, just restart it in your terminal: @ http://localhost:18501/static/js/index.k-9rUdPI.js:24
[15877054ms] [ERROR] Failed to load resource: net::ERR_CONNECTION_REFUSED @ http://localhost:18501/_stcore/host-config:0
[15881472ms] [ERROR] Failed to load resource: net::ERR_CONNECTION_REFUSED @ http://localhost:18501/_stcore/health:0
[15881472ms] [ERROR] Client Error in reaching server endpoint - No response received when attempting to reach /_stcore/health @ http://localhost:18501/static/js/index.k-9rUdPI.js:19
[15881473ms] [ERROR] Is Streamlit still running? If you accidentally stopped Streamlit, just restart it in your terminal: @ http://localhost:18501/static/js/index.k-9rUdPI.js:24
[15881473ms] [ERROR] Failed to load resource: net::ERR_CONNECTION_REFUSED @ http://localhost:18501/_stcore/host-config:0
[15885918ms] [ERROR] Failed to load resource: net::ERR_CONNECTION_REFUSED @ http://localhost:18501/_stcore/health:0
[15885921ms] [ERROR] Client Error in reaching server endpoint - No response received when attempting to reach /_stcore/health @ http://localhost:18501/static/js/index.k-9rUdPI.js:19
[15885922ms] [ERROR] Is Streamlit still running? If you accidentally stopped Streamlit, just restart it in your terminal: @ http://localhost:18501/static/js/index.k-9rUdPI.js:24
[15886132ms] [ERROR] Failed to load resource: net::ERR_CONNECTION_REFUSED @ http://localhost:18501/_stcore/host-config:0
[15890320ms] [ERROR] Failed to load resource: net::ERR_CONNECTION_REFUSED @ http://localhost:18501/_stcore/health:0
[15890320ms] [ERROR] Client Error in reaching server endpoint - No response received when attempting to reach /_stcore/health @ http://localhost:18501/static/js/index.k-9rUdPI.js:19
[15890321ms] [ERROR] Is Streamlit still running? If you accidentally stopped Streamlit, just restart it in your terminal: @ http://localhost:18501/static/js/index.k-9rUdPI.js:24
[15890499ms] [ERROR] Failed to load resource: net::ERR_CONNECTION_REFUSED @ http://localhost:18501/_stcore/host-config:0
[15894711ms] [ERROR] Failed to load resource: net::ERR_CONNECTION_REFUSED @ http://localhost:18501/_stcore/health:0
[15894711ms] [ERROR] Client Error in reaching server endpoint - No response received when attempting to reach /_stcore/health @ http://localhost:18501/static/js/index.k-9rUdPI.js:19
[15894711ms] [ERROR] Is Streamlit still running? If you accidentally stopped Streamlit, just restart it in your terminal: @ http://localhost:18501/static/js/index.k-9rUdPI.js:24
[15894822ms] [ERROR] Failed to load resource: net::ERR_CONNECTION_REFUSED @ http://localhost:18501/_stcore/host-config:0
[15899117ms] [ERROR] Failed to load resource: net::ERR_CONNECTION_REFUSED @ http://localhost:18501/_stcore/health:0
[15899118ms] [ERROR] Client Error in reaching server endpoint - No response received when attempting to reach /_stcore/health @ http://localhost:18501/static/js/index.k-9rUdPI.js:19
[15899118ms] [ERROR] Is Streamlit still running? If you accidentally stopped Streamlit, just restart it in your terminal: @ http://localhost:18501/static/js/index.k-9rUdPI.js:24
[15899119ms] [ERROR] Failed to load resource: net::ERR_CONNECTION_REFUSED @ http://localhost:18501/_stcore/host-config:0
[15903517ms] [ERROR] Failed to load resource: net::ERR_CONNECTION_REFUSED @ http://localhost:18501/_stcore/health:0
[15903517ms] [ERROR] Client Error in reaching server endpoint - No response received when attempting to reach /_stcore/health @ http://localhost:18501/static/js/index.k-9rUdPI.js:19
[15903518ms] [ERROR] Is Streamlit still running? If you accidentally stopped Streamlit, just restart it in your terminal: @ http://localhost:18501/static/js/index.k-9rUdPI.js:24
[15903590ms] [ERROR] Failed to load resource: net::ERR_CONNECTION_REFUSED @ http://localhost:18501/_stcore/host-config:0
[15907988ms] [ERROR] Failed to load resource: net::ERR_CONNECTION_REFUSED @ http://localhost:18501/_stcore/health:0
[15907988ms] [ERROR] Client Error in reaching server endpoint - No response received when attempting to reach /_stcore/health @ http://localhost:18501/static/js/index.k-9rUdPI.js:19
[15907988ms] [ERROR] Is Streamlit still running? If you accidentally stopped Streamlit, just restart it in your terminal: @ http://localhost:18501/static/js/index.k-9rUdPI.js:24
[15907989ms] [ERROR] Failed to load resource: net::ERR_CONNECTION_REFUSED @ http://localhost:18501/_stcore/host-config:0
[15912375ms] [ERROR] Failed to load resource: net::ERR_CONNECTION_REFUSED @ http://localhost:18501/_stcore/health:0
[15912376ms] [ERROR] Client Error in reaching server endpoint - No response received when attempting to reach /_stcore/health @ http://localhost:18501/static/js/index.k-9rUdPI.js:19
[15912377ms] [ERROR] Is Streamlit still running? If you accidentally stopped Streamlit, just restart it in your terminal: @ http://localhost:18501/static/js/index.k-9rUdPI.js:24
[15912571ms] [ERROR] Failed to load resource: net::ERR_CONNECTION_REFUSED @ http://localhost:18501/_stcore/host-config:0
[15916770ms] [ERROR] Failed to load resource: net::ERR_CONNECTION_REFUSED @ http://localhost:18501/_stcore/health:0
[15916770ms] [ERROR] Client Error in reaching server endpoint - No response received when attempting to reach /_stcore/health @ http://localhost:18501/static/js/index.k-9rUdPI.js:19
[15916772ms] [ERROR] Is Streamlit still running? If you accidentally stopped Streamlit, just restart it in your terminal: @ http://localhost:18501/static/js/index.k-9rUdPI.js:24
[15916859ms] [ERROR] Failed to load resource: net::ERR_CONNECTION_REFUSED @ http://localhost:18501/_stcore/host-config:0
[15921142ms] [ERROR] Failed to load resource: net::ERR_CONNECTION_REFUSED @ http://localhost:18501/_stcore/health:0
[15921143ms] [ERROR] Client Error in reaching server endpoint - No response received when attempting to reach /_stcore/health @ http://localhost:18501/static/js/index.k-9rUdPI.js:19
[15921149ms] [ERROR] Is Streamlit still running? If you accidentally stopped Streamlit, just restart it in your terminal: @ http://localhost:18501/static/js/index.k-9rUdPI.js:24
[15921326ms] [ERROR] Failed to load resource: net::ERR_CONNECTION_REFUSED @ http://localhost:18501/_stcore/host-config:0
[15925619ms] [ERROR] Failed to load resource: net::ERR_CONNECTION_REFUSED @ http://localhost:18501/_stcore/health:0
[15925620ms] [ERROR] Client Error in reaching server endpoint - No response received when attempting to reach /_stcore/health @ http://localhost:18501/static/js/index.k-9rUdPI.js:19
[15925628ms] [ERROR] Is Streamlit still running? If you accidentally stopped Streamlit, just restart it in your terminal: @ http://localhost:18501/static/js/index.k-9rUdPI.js:24
[15925631ms] [ERROR] Failed to load resource: net::ERR_CONNECTION_REFUSED @ http://localhost:18501/_stcore/host-config:0
[15930016ms] [ERROR] Failed to load resource: net::ERR_CONNECTION_REFUSED @ http://localhost:18501/_stcore/health:0
[15930016ms] [ERROR] Client Error in reaching server endpoint - No response received when attempting to reach /_stcore/health @ http://localhost:18501/static/js/index.k-9rUdPI.js:19
[15930017ms] [ERROR] Is Streamlit still running? If you accidentally stopped Streamlit, just restart it in your terminal: @ http://localhost:18501/static/js/index.k-9rUdPI.js:24
[15930254ms] [ERROR] Failed to load resource: net::ERR_CONNECTION_REFUSED @ http://localhost:18501/_stcore/host-config:0
[15934386ms] [ERROR] Failed to load resource: net::ERR_CONNECTION_REFUSED @ http://localhost:18501/_stcore/health:0
[15934386ms] [ERROR] Client Error in reaching server endpoint - No response received when attempting to reach /_stcore/health @ http://localhost:18501/static/js/index.k-9rUdPI.js:19
[15934387ms] [ERROR] Is Streamlit still running? If you accidentally stopped Streamlit, just restart it in your terminal: @ http://localhost:18501/static/js/index.k-9rUdPI.js:24
[15934387ms] [ERROR] Failed to load resource: net::ERR_CONNECTION_REFUSED @ http://localhost:18501/_stcore/host-config:0
[15938774ms] [ERROR] Failed to load resource: net::ERR_CONNECTION_REFUSED @ http://localhost:18501/_stcore/health:0
[15938776ms] [ERROR] Client Error in reaching server endpoint - No response received when attempting to reach /_stcore/health @ http://localhost:18501/static/js/index.k-9rUdPI.js:19
[15938777ms] [ERROR] Is Streamlit still running? If you accidentally stopped Streamlit, just restart it in your terminal: @ http://localhost:18501/static/js/index.k-9rUdPI.js:24
[15939005ms] [ERROR] Failed to load resource: net::ERR_CONNECTION_REFUSED @ http://localhost:18501/_stcore/host-config:0
[15943212ms] [ERROR] Failed to load resource: net::ERR_CONNECTION_REFUSED @ http://localhost:18501/_stcore/health:0
[15943212ms] [ERROR] Client Error in reaching server endpoint - No response received when attempting to reach /_stcore/health @ http://localhost:18501/static/js/index.k-9rUdPI.js:19
[15943212ms] [ERROR] Is Streamlit still running? If you accidentally stopped Streamlit, just restart it in your terminal: @ http://localhost:18501/static/js/index.k-9rUdPI.js:24
[15943304ms] [ERROR] Failed to load resource: net::ERR_CONNECTION_REFUSED @ http://localhost:18501/_stcore/host-config:0
[15947645ms] [ERROR] Failed to load resource: net::ERR_CONNECTION_REFUSED @ http://localhost:18501/_stcore/health:0
[15947646ms] [ERROR] Client Error in reaching server endpoint - No response received when attempting to reach /_stcore/health @ http://localhost:18501/static/js/index.k-9rUdPI.js:19
[15947646ms] [ERROR] Is Streamlit still running? If you accidentally stopped Streamlit, just restart it in your terminal: @ http://localhost:18501/static/js/index.k-9rUdPI.js:24
[15947649ms] [ERROR] Failed to load resource: net::ERR_CONNECTION_REFUSED @ http://localhost:18501/_stcore/host-config:0
[15952010ms] [ERROR] Failed to load resource: net::ERR_CONNECTION_REFUSED @ http://localhost:18501/_stcore/health:0
[15952010ms] [ERROR] Client Error in reaching server endpoint - No response received when attempting to reach /_stcore/health @ http://localhost:18501/static/js/index.k-9rUdPI.js:19
[15952011ms] [ERROR] Is Streamlit still running? If you accidentally stopped Streamlit, just restart it in your terminal: @ http://localhost:18501/static/js/index.k-9rUdPI.js:24
[15952036ms] [ERROR] Failed to load resource: net::ERR_CONNECTION_REFUSED @ http://localhost:18501/_stcore/host-config:0
[15956386ms] [ERROR] Failed to load resource: net::ERR_CONNECTION_REFUSED @ http://localhost:18501/_stcore/health:0
[15956386ms] [ERROR] Client Error in reaching server endpoint - No response received when attempting to reach /_stcore/health @ http://localhost:18501/static/js/index.k-9rUdPI.js:19
[15956387ms] [ERROR] Is Streamlit still running? If you accidentally stopped Streamlit, just restart it in your terminal: @ http://localhost:18501/static/js/index.k-9rUdPI.js:24
[15956489ms] [ERROR] Failed to load resource: net::ERR_CONNECTION_REFUSED @ http://localhost:18501/_stcore/host-config:0
[15960776ms] [ERROR] Failed to load resource: net::ERR_CONNECTION_REFUSED @ http://localhost:18501/_stcore/health:0
[15960778ms] [ERROR] Client Error in reaching server endpoint - No response received when attempting to reach /_stcore/health @ http://localhost:18501/static/js/index.k-9rUdPI.js:19
[15960781ms] [ERROR] Is Streamlit still running? If you accidentally stopped Streamlit, just restart it in your terminal: @ http://localhost:18501/static/js/index.k-9rUdPI.js:24
[15960790ms] [ERROR] Failed to load resource: net::ERR_CONNECTION_REFUSED @ http://localhost:18501/_stcore/host-config:0
[15965185ms] [ERROR] Failed to load resource: net::ERR_CONNECTION_REFUSED @ http://localhost:18501/_stcore/health:0
[15965185ms] [ERROR] Client Error in reaching server endpoint - No response received when attempting to reach /_stcore/health @ http://localhost:18501/static/js/index.k-9rUdPI.js:19
[15965185ms] [ERROR] Is Streamlit still running? If you accidentally stopped Streamlit, just restart it in your terminal: @ http://localhost:18501/static/js/index.k-9rUdPI.js:24
[15965188ms] [ERROR] Failed to load resource: net::ERR_CONNECTION_REFUSED @ http://localhost:18501/_stcore/host-config:0
[15969706ms] [ERROR] Failed to load resource: net::ERR_CONNECTION_REFUSED @ http://localhost:18501/_stcore/health:0
[15969707ms] [ERROR] Client Error in reaching server endpoint - No response received when attempting to reach /_stcore/health @ http://localhost:18501/static/js/index.k-9rUdPI.js:19
[15969707ms] [ERROR] Is Streamlit still running? If you accidentally stopped Streamlit, just restart it in your terminal: @ http://localhost:18501/static/js/index.k-9rUdPI.js:24
[15969714ms] [ERROR] Failed to load resource: net::ERR_CONNECTION_REFUSED @ http://localhost:18501/_stcore/host-config:0
[15974100ms] [ERROR] Failed to load resource: net::ERR_CONNECTION_REFUSED @ http://localhost:18501/_stcore/health:0
[15974100ms] [ERROR] Client Error in reaching server endpoint - No response received when attempting to reach /_stcore/health @ http://localhost:18501/static/js/index.k-9rUdPI.js:19
[15974123ms] [ERROR] Is Streamlit still running? If you accidentally stopped Streamlit, just restart it in your terminal: @ http://localhost:18501/static/js/index.k-9rUdPI.js:24
[15974124ms] [ERROR] Failed to load resource: net::ERR_CONNECTION_REFUSED @ http://localhost:18501/_stcore/host-config:0
[15978524ms] [ERROR] Failed to load resource: net::ERR_CONNECTION_REFUSED @ http://localhost:18501/_stcore/health:0
[15978525ms] [ERROR] Client Error in reaching server endpoint - No response received when attempting to reach /_stcore/health @ http://localhost:18501/static/js/index.k-9rUdPI.js:19
[15978525ms] [ERROR] Is Streamlit still running? If you accidentally stopped Streamlit, just restart it in your terminal: @ http://localhost:18501/static/js/index.k-9rUdPI.js:24
[15978528ms] [ERROR] Failed to load resource: net::ERR_CONNECTION_REFUSED @ http://localhost:18501/_stcore/host-config:0
[15982899ms] [ERROR] Failed to load resource: net::ERR_CONNECTION_REFUSED @ http://localhost:18501/_stcore/health:0
[15982900ms] [ERROR] Client Error in reaching server endpoint - No response received when attempting to reach /_stcore/health @ http://localhost:18501/static/js/index.k-9rUdPI.js:19
[15982900ms] [ERROR] Is Streamlit still running? If you accidentally stopped Streamlit, just restart it in your terminal: @ http://localhost:18501/static/js/index.k-9rUdPI.js:24
[15982929ms] [ERROR] Failed to load resource: net::ERR_CONNECTION_REFUSED @ http://localhost:18501/_stcore/host-config:0
[15987322ms] [ERROR] Failed to load resource: net::ERR_CONNECTION_REFUSED @ http://localhost:18501/_stcore/health:0
[15987322ms] [ERROR] Client Error in reaching server endpoint - No response received when attempting to reach /_stcore/health @ http://localhost:18501/static/js/index.k-9rUdPI.js:19
[15987328ms] [ERROR] Is Streamlit still running? If you accidentally stopped Streamlit, just restart it in your terminal: @ http://localhost:18501/static/js/index.k-9rUdPI.js:24
[15987331ms] [ERROR] Failed to load resource: net::ERR_CONNECTION_REFUSED @ http://localhost:18501/_stcore/host-config:0
[15991703ms] [ERROR] Failed to load resource: net::ERR_CONNECTION_REFUSED @ http://localhost:18501/_stcore/health:0
[15991704ms] [ERROR] Client Error in reaching server endpoint - No response received when attempting to reach /_stcore/health @ http://localhost:18501/static/js/index.k-9rUdPI.js:19
[15991704ms] [ERROR] Is Streamlit still running? If you accidentally stopped Streamlit, just restart it in your terminal: @ http://localhost:18501/static/js/index.k-9rUdPI.js:24
[15991949ms] [ERROR] Failed to load resource: net::ERR_CONNECTION_REFUSED @ http://localhost:18501/_stcore/host-config:0
[15996120ms] [ERROR] Failed to load resource: net::ERR_CONNECTION_REFUSED @ http://localhost:18501/_stcore/health:0
[15996120ms] [ERROR] Client Error in reaching server endpoint - No response received when attempting to reach /_stcore/health @ http://localhost:18501/static/js/index.k-9rUdPI.js:19
[15996120ms] [ERROR] Is Streamlit still running? If you accidentally stopped Streamlit, just restart it in your terminal: @ http://localhost:18501/static/js/index.k-9rUdPI.js:24
[15996127ms] [ERROR] Failed to load resource: net::ERR_CONNECTION_REFUSED @ http://localhost:18501/_stcore/host-config:0
[16000539ms] [ERROR] Failed to load resource: net::ERR_CONNECTION_REFUSED @ http://localhost:18501/_stcore/health:0
[16000540ms] [ERROR] Client Error in reaching server endpoint - No response received when attempting to reach /_stcore/health @ http://localhost:18501/static/js/index.k-9rUdPI.js:19
[16000540ms] [ERROR] Is Streamlit still running? If you accidentally stopped Streamlit, just restart it in your terminal: @ http://localhost:18501/static/js/index.k-9rUdPI.js:24
[16000874ms] [ERROR] Failed to load resource: net::ERR_CONNECTION_REFUSED @ http://localhost:18501/_stcore/host-config:0
[16004933ms] [ERROR] Failed to load resource: net::ERR_CONNECTION_REFUSED @ http://localhost:18501/_stcore/health:0
[16004933ms] [ERROR] Client Error in reaching server endpoint - No response received when attempting to reach /_stcore/health @ http://localhost:18501/static/js/index.k-9rUdPI.js:19
[16004933ms] [ERROR] Is Streamlit still running? If you accidentally stopped Streamlit, just restart it in your terminal: @ http://localhost:18501/static/js/index.k-9rUdPI.js:24
[16004933ms] [ERROR] Failed to load resource: net::ERR_CONNECTION_REFUSED @ http://localhost:18501/_stcore/host-config:0
[16009349ms] [ERROR] Failed to load resource: net::ERR_CONNECTION_REFUSED @ http://localhost:18501/_stcore/health:0
[16009349ms] [ERROR] Client Error in reaching server endpoint - No response received when attempting to reach /_stcore/health @ http://localhost:18501/static/js/index.k-9rUdPI.js:19
[16009350ms] [ERROR] Is Streamlit still running? If you accidentally stopped Streamlit, just restart it in your terminal: @ http://localhost:18501/static/js/index.k-9rUdPI.js:24
[16009350ms] [ERROR] Failed to load resource: net::ERR_CONNECTION_REFUSED @ http://localhost:18501/_stcore/host-config:0
[16013731ms] [ERROR] Failed to load resource: net::ERR_CONNECTION_REFUSED @ http://localhost:18501/_stcore/health:0
[16013731ms] [ERROR] Client Error in reaching server endpoint - No response received when attempting to reach /_stcore/health @ http://localhost:18501/static/js/index.k-9rUdPI.js:19
[16013732ms] [ERROR] Is Streamlit still running? If you accidentally stopped Streamlit, just restart it in your terminal: @ http://localhost:18501/static/js/index.k-9rUdPI.js:24
[16013732ms] [ERROR] Failed to load resource: net::ERR_CONNECTION_REFUSED @ http://localhost:18501/_stcore/host-config:0
[16018102ms] [ERROR] Failed to load resource: net::ERR_CONNECTION_REFUSED @ http://localhost:18501/_stcore/health:0
[16018102ms] [ERROR] Client Error in reaching server endpoint - No response received when attempting to reach /_stcore/health @ http://localhost:18501/static/js/index.k-9rUdPI.js:19
[16018103ms] [ERROR] Is Streamlit still running? If you accidentally stopped Streamlit, just restart it in your terminal: @ http://localhost:18501/static/js/index.k-9rUdPI.js:24
[16018103ms] [ERROR] Failed to load resource: net::ERR_CONNECTION_REFUSED @ http://localhost:18501/_stcore/host-config:0
[16022482ms] [ERROR] Failed to load resource: net::ERR_CONNECTION_REFUSED @ http://localhost:18501/_stcore/health:0
[16022485ms] [ERROR] Client Error in reaching server endpoint - No response received when attempting to reach /_stcore/health @ http://localhost:18501/static/js/index.k-9rUdPI.js:19
[16022485ms] [ERROR] Is Streamlit still running? If you accidentally stopped Streamlit, just restart it in your terminal: @ http://localhost:18501/static/js/index.k-9rUdPI.js:24
[16022653ms] [ERROR] Failed to load resource: net::ERR_CONNECTION_REFUSED @ http://localhost:18501/_stcore/host-config:0
[16026935ms] [ERROR] Failed to load resource: net::ERR_CONNECTION_REFUSED @ http://localhost:18501/_stcore/health:0
[16026937ms] [ERROR] Client Error in reaching server endpoint - No response received when attempting to reach /_stcore/health @ http://localhost:18501/static/js/index.k-9rUdPI.js:19
[16026938ms] [ERROR] Is Streamlit still running? If you accidentally stopped Streamlit, just restart it in your terminal: @ http://localhost:18501/static/js/index.k-9rUdPI.js:24
[16027015ms] [ERROR] Failed to load resource: net::ERR_CONNECTION_REFUSED @ http://localhost:18501/_stcore/host-config:0
[16031349ms] [ERROR] Failed to load resource: net::ERR_CONNECTION_REFUSED @ http://localhost:18501/_stcore/health:0
[16031349ms] [ERROR] Client Error in reaching server endpoint - No response received when attempting to reach /_stcore/health @ http://localhost:18501/static/js/index.k-9rUdPI.js:19
[16031351ms] [ERROR] Is Streamlit still running? If you accidentally stopped Streamlit, just restart it in your terminal: @ http://localhost:18501/static/js/index.k-9rUdPI.js:24
[16031573ms] [ERROR] Failed to load resource: net::ERR_CONNECTION_REFUSED @ http://localhost:18501/_stcore/host-config:0
[16035754ms] [ERROR] Failed to load resource: net::ERR_CONNECTION_REFUSED @ http://localhost:18501/_stcore/health:0
[16035754ms] [ERROR] Client Error in reaching server endpoint - No response received when attempting to reach /_stcore/health @ http://localhost:18501/static/js/index.k-9rUdPI.js:19
[16035754ms] [ERROR] Is Streamlit still running? If you accidentally stopped Streamlit, just restart it in your terminal: @ http://localhost:18501/static/js/index.k-9rUdPI.js:24
[16035909ms] [ERROR] Failed to load resource: net::ERR_CONNECTION_REFUSED @ http://localhost:18501/_stcore/host-config:0
[16040188ms] [ERROR] Failed to load resource: net::ERR_CONNECTION_REFUSED @ http://localhost:18501/_stcore/health:0
[16040188ms] [ERROR] Client Error in reaching server endpoint - No response received when attempting to reach /_stcore/health @ http://localhost:18501/static/js/index.k-9rUdPI.js:19
[16040188ms] [ERROR] Is Streamlit still running? If you accidentally stopped Streamlit, just restart it in your terminal: @ http://localhost:18501/static/js/index.k-9rUdPI.js:24
[16040352ms] [ERROR] Failed to load resource: net::ERR_CONNECTION_REFUSED @ http://localhost:18501/_stcore/host-config:0
[16044575ms] [ERROR] Failed to load resource: net::ERR_CONNECTION_REFUSED @ http://localhost:18501/_stcore/health:0
[16044575ms] [ERROR] Client Error in reaching server endpoint - No response received when attempting to reach /_stcore/health @ http://localhost:18501/static/js/index.k-9rUdPI.js:19
[16044575ms] [ERROR] Is Streamlit still running? If you accidentally stopped Streamlit, just restart it in your terminal: @ http://localhost:18501/static/js/index.k-9rUdPI.js:24
[16044605ms] [ERROR] Failed to load resource: net::ERR_CONNECTION_REFUSED @ http://localhost:18501/_stcore/host-config:0
[16048942ms] [ERROR] Failed to load resource: net::ERR_CONNECTION_REFUSED @ http://localhost:18501/_stcore/health:0
[16048942ms] [ERROR] Client Error in reaching server endpoint - No response received when attempting to reach /_stcore/health @ http://localhost:18501/static/js/index.k-9rUdPI.js:19
[16048943ms] [ERROR] Is Streamlit still running? If you accidentally stopped Streamlit, just restart it in your terminal: @ http://localhost:18501/static/js/index.k-9rUdPI.js:24
[16048943ms] [ERROR] Failed to load resource: net::ERR_CONNECTION_REFUSED @ http://localhost:18501/_stcore/host-config:0
[16053316ms] [ERROR] Failed to load resource: net::ERR_CONNECTION_REFUSED @ http://localhost:18501/_stcore/health:0
[16053316ms] [ERROR] Client Error in reaching server endpoint - No response received when attempting to reach /_stcore/health @ http://localhost:18501/static/js/index.k-9rUdPI.js:19
[16053317ms] [ERROR] Is Streamlit still running? If you accidentally stopped Streamlit, just restart it in your terminal: @ http://localhost:18501/static/js/index.k-9rUdPI.js:24
[16053459ms] [ERROR] Failed to load resource: net::ERR_CONNECTION_REFUSED @ http://localhost:18501/_stcore/host-config:0
[16057897ms] [ERROR] Failed to load resource: net::ERR_CONNECTION_REFUSED @ http://localhost:18501/_stcore/health:0
[16057897ms] [ERROR] Client Error in reaching server endpoint - No response received when attempting to reach /_stcore/health @ http://localhost:18501/static/js/index.k-9rUdPI.js:19
[16057898ms] [ERROR] Is Streamlit still running? If you accidentally stopped Streamlit, just restart it in your terminal: @ http://localhost:18501/static/js/index.k-9rUdPI.js:24
[16057969ms] [ERROR] Failed to load resource: net::ERR_CONNECTION_REFUSED @ http://localhost:18501/_stcore/host-config:0
[16062307ms] [ERROR] Failed to load resource: net::ERR_CONNECTION_REFUSED @ http://localhost:18501/_stcore/health:0
[16062308ms] [ERROR] Client Error in reaching server endpoint - No response received when attempting to reach /_stcore/health @ http://localhost:18501/static/js/index.k-9rUdPI.js:19
[16062308ms] [ERROR] Is Streamlit still running? If you accidentally stopped Streamlit, just restart it in your terminal: @ http://localhost:18501/static/js/index.k-9rUdPI.js:24
[16062330ms] [ERROR] Failed to load resource: net::ERR_CONNECTION_REFUSED @ http://localhost:18501/_stcore/host-config:0
[16066724ms] [ERROR] Failed to load resource: net::ERR_CONNECTION_REFUSED @ http://localhost:18501/_stcore/health:0
[16066724ms] [ERROR] Client Error in reaching server endpoint - No response received when attempting to reach /_stcore/health @ http://localhost:18501/static/js/index.k-9rUdPI.js:19
[16066725ms] [ERROR] Is Streamlit still running? If you accidentally stopped Streamlit, just restart it in your terminal: @ http://localhost:18501/static/js/index.k-9rUdPI.js:24
[16066725ms] [ERROR] Failed to load resource: net::ERR_CONNECTION_REFUSED @ http://localhost:18501/_stcore/host-config:0
[16071127ms] [ERROR] Failed to load resource: net::ERR_CONNECTION_REFUSED @ http://localhost:18501/_stcore/health:0
[16071129ms] [ERROR] Client Error in reaching server endpoint - No response received when attempting to reach /_stcore/health @ http://localhost:18501/static/js/index.k-9rUdPI.js:19
[16071129ms] [ERROR] Is Streamlit still running? If you accidentally stopped Streamlit, just restart it in your terminal: @ http://localhost:18501/static/js/index.k-9rUdPI.js:24
[16071291ms] [ERROR] Failed to load resource: net::ERR_CONNECTION_REFUSED @ http://localhost:18501/_stcore/host-config:0
[16075516ms] [ERROR] Failed to load resource: net::ERR_CONNECTION_REFUSED @ http://localhost:18501/_stcore/health:0
[16075516ms] [ERROR] Client Error in reaching server endpoint - No response received when attempting to reach /_stcore/health @ http://localhost:18501/static/js/index.k-9rUdPI.js:19
[16075517ms] [ERROR] Is Streamlit still running? If you accidentally stopped Streamlit, just restart it in your terminal: @ http://localhost:18501/static/js/index.k-9rUdPI.js:24
[16075875ms] [ERROR] Failed to load resource: net::ERR_CONNECTION_REFUSED @ http://localhost:18501/_stcore/host-config:0
[16079888ms] [ERROR] Failed to load resource: net::ERR_CONNECTION_REFUSED @ http://localhost:18501/_stcore/health:0
[16079888ms] [ERROR] Client Error in reaching server endpoint - No response received when attempting to reach /_stcore/health @ http://localhost:18501/static/js/index.k-9rUdPI.js:19
[16079889ms] [ERROR] Is Streamlit still running? If you accidentally stopped Streamlit, just restart it in your terminal: @ http://localhost:18501/static/js/index.k-9rUdPI.js:24
[16080097ms] [ERROR] Failed to load resource: net::ERR_CONNECTION_REFUSED @ http://localhost:18501/_stcore/host-config:0
[16084272ms] [ERROR] Failed to load resource: net::ERR_CONNECTION_REFUSED @ http://localhost:18501/_stcore/health:0
[16084273ms] [ERROR] Client Error in reaching server endpoint - No response received when attempting to reach /_stcore/health @ http://localhost:18501/static/js/index.k-9rUdPI.js:19
[16084285ms] [ERROR] Is Streamlit still running? If you accidentally stopped Streamlit, just restart it in your terminal: @ http://localhost:18501/static/js/index.k-9rUdPI.js:24
[16084285ms] [ERROR] Failed to load resource: net::ERR_CONNECTION_REFUSED @ http://localhost:18501/_stcore/host-config:0
[16088700ms] [ERROR] Failed to load resource: net::ERR_CONNECTION_REFUSED @ http://localhost:18501/_stcore/health:0
[16088701ms] [ERROR] Client Error in reaching server endpoint - No response received when attempting to reach /_stcore/health @ http://localhost:18501/static/js/index.k-9rUdPI.js:19
[16088705ms] [ERROR] Is Streamlit still running? If you accidentally stopped Streamlit, just restart it in your terminal: @ http://localhost:18501/static/js/index.k-9rUdPI.js:24
[16088705ms] [ERROR] Failed to load resource: net::ERR_CONNECTION_REFUSED @ http://localhost:18501/_stcore/host-config:0
[16093175ms] [ERROR] Failed to load resource: net::ERR_CONNECTION_REFUSED @ http://localhost:18501/_stcore/health:0
[16093175ms] [ERROR] Client Error in reaching server endpoint - No response received when attempting to reach /_stcore/health @ http://localhost:18501/static/js/index.k-9rUdPI.js:19
[16093177ms] [ERROR] Is Streamlit still running? If you accidentally stopped Streamlit, just restart it in your terminal: @ http://localhost:18501/static/js/index.k-9rUdPI.js:24
[16093177ms] [ERROR] Failed to load resource: net::ERR_CONNECTION_REFUSED @ http://localhost:18501/_stcore/host-config:0
[16097636ms] [ERROR] Failed to load resource: net::ERR_CONNECTION_REFUSED @ http://localhost:18501/_stcore/health:0
[16097637ms] [ERROR] Client Error in reaching server endpoint - No response received when attempting to reach /_stcore/health @ http://localhost:18501/static/js/index.k-9rUdPI.js:19
[16097637ms] [ERROR] Is Streamlit still running? If you accidentally stopped Streamlit, just restart it in your terminal: @ http://localhost:18501/static/js/index.k-9rUdPI.js:24
[16097638ms] [ERROR] Failed to load resource: net::ERR_CONNECTION_REFUSED @ http://localhost:18501/_stcore/host-config:0
[16102145ms] [ERROR] Failed to load resource: net::ERR_CONNECTION_REFUSED @ http://localhost:18501/_stcore/health:0
[16102149ms] [ERROR] Client Error in reaching server endpoint - No response received when attempting to reach /_stcore/health @ http://localhost:18501/static/js/index.k-9rUdPI.js:19
[16102149ms] [ERROR] Is Streamlit still running? If you accidentally stopped Streamlit, just restart it in your terminal: @ http://localhost:18501/static/js/index.k-9rUdPI.js:24
[16102456ms] [ERROR] Failed to load resource: net::ERR_CONNECTION_REFUSED @ http://localhost:18501/_stcore/host-config:0
[16106581ms] [ERROR] Failed to load resource: net::ERR_CONNECTION_REFUSED @ http://localhost:18501/_stcore/health:0
[16106583ms] [ERROR] Client Error in reaching server endpoint - No response received when attempting to reach /_stcore/health @ http://localhost:18501/static/js/index.k-9rUdPI.js:19
[16106591ms] [ERROR] Is Streamlit still running? If you accidentally stopped Streamlit, just restart it in your terminal: @ http://localhost:18501/static/js/index.k-9rUdPI.js:24
[16106592ms] [ERROR] Failed to load resource: net::ERR_CONNECTION_REFUSED @ http://localhost:18501/_stcore/host-config:0
[16110987ms] [ERROR] Failed to load resource: net::ERR_CONNECTION_REFUSED @ http://localhost:18501/_stcore/health:0
[16110987ms] [ERROR] Client Error in reaching server endpoint - No response received when attempting to reach /_stcore/health @ http://localhost:18501/static/js/index.k-9rUdPI.js:19
[16110988ms] [ERROR] Is Streamlit still running? If you accidentally stopped Streamlit, just restart it in your terminal: @ http://localhost:18501/static/js/index.k-9rUdPI.js:24
[16110988ms] [ERROR] Failed to load resource: net::ERR_CONNECTION_REFUSED @ http://localhost:18501/_stcore/host-config:0
[16115355ms] [ERROR] Failed to load resource: net::ERR_CONNECTION_REFUSED @ http://localhost:18501/_stcore/health:0
[16115355ms] [ERROR] Client Error in reaching server endpoint - No response received when attempting to reach /_stcore/health @ http://localhost:18501/static/js/index.k-9rUdPI.js:19
[16115355ms] [ERROR] Is Streamlit still running? If you accidentally stopped Streamlit, just restart it in your terminal: @ http://localhost:18501/static/js/index.k-9rUdPI.js:24
[16115356ms] [ERROR] Failed to load resource: net::ERR_CONNECTION_REFUSED @ http://localhost:18501/_stcore/host-config:0
[16119758ms] [ERROR] Failed to load resource: net::ERR_CONNECTION_REFUSED @ http://localhost:18501/_stcore/health:0
[16119758ms] [ERROR] Client Error in reaching server endpoint - No response received when attempting to reach /_stcore/health @ http://localhost:18501/static/js/index.k-9rUdPI.js:19
[16119759ms] [ERROR] Is Streamlit still running? If you accidentally stopped Streamlit, just restart it in your terminal: @ http://localhost:18501/static/js/index.k-9rUdPI.js:24
[16119965ms] [ERROR] Failed to load resource: net::ERR_CONNECTION_REFUSED @ http://localhost:18501/_stcore/host-config:0
[16124144ms] [ERROR] Failed to load resource: net::ERR_CONNECTION_REFUSED @ http://localhost:18501/_stcore/health:0
[16124144ms] [ERROR] Client Error in reaching server endpoint - No response received when attempting to reach /_stcore/health @ http://localhost:18501/static/js/index.k-9rUdPI.js:19
[16124145ms] [ERROR] Is Streamlit still running? If you accidentally stopped Streamlit, just restart it in your terminal: @ http://localhost:18501/static/js/index.k-9rUdPI.js:24
[16124148ms] [ERROR] Failed to load resource: net::ERR_CONNECTION_REFUSED @ http://localhost:18501/_stcore/host-config:0
[16128582ms] [ERROR] Failed to load resource: net::ERR_CONNECTION_REFUSED @ http://localhost:18501/_stcore/health:0
[16128582ms] [ERROR] Client Error in reaching server endpoint - No response received when attempting to reach /_stcore/health @ http://localhost:18501/static/js/index.k-9rUdPI.js:19
[16128587ms] [ERROR] Is Streamlit still running? If you accidentally stopped Streamlit, just restart it in your terminal: @ http://localhost:18501/static/js/index.k-9rUdPI.js:24
[16128825ms] [ERROR] Failed to load resource: net::ERR_CONNECTION_REFUSED @ http://localhost:18501/_stcore/host-config:0
[16133072ms] [ERROR] Failed to load resource: net::ERR_CONNECTION_REFUSED @ http://localhost:18501/_stcore/health:0
[16133076ms] [ERROR] Client Error in reaching server endpoint - No response received when attempting to reach /_stcore/health @ http://localhost:18501/static/js/index.k-9rUdPI.js:19
[16133076ms] [ERROR] Is Streamlit still running? If you accidentally stopped Streamlit, just restart it in your terminal: @ http://localhost:18501/static/js/index.k-9rUdPI.js:24
[16133076ms] [ERROR] Failed to load resource: net::ERR_CONNECTION_REFUSED @ http://localhost:18501/_stcore/host-config:0
[16137471ms] [ERROR] Failed to load resource: net::ERR_CONNECTION_REFUSED @ http://localhost:18501/_stcore/health:0
[16137472ms] [ERROR] Client Error in reaching server endpoint - No response received when attempting to reach /_stcore/health @ http://localhost:18501/static/js/index.k-9rUdPI.js:19
[16137475ms] [ERROR] Is Streamlit still running? If you accidentally stopped Streamlit, just restart it in your terminal: @ http://localhost:18501/static/js/index.k-9rUdPI.js:24
[16137478ms] [ERROR] Failed to load resource: net::ERR_CONNECTION_REFUSED @ http://localhost:18501/_stcore/host-config:0
[16141853ms] [ERROR] Failed to load resource: net::ERR_CONNECTION_REFUSED @ http://localhost:18501/_stcore/health:0
[16141853ms] [ERROR] Client Error in reaching server endpoint - No response received when attempting to reach /_stcore/health @ http://localhost:18501/static/js/index.k-9rUdPI.js:19
[16141867ms] [ERROR] Is Streamlit still running? If you accidentally stopped Streamlit, just restart it in your terminal: @ http://localhost:18501/static/js/index.k-9rUdPI.js:24
[16141867ms] [ERROR] Failed to load resource: net::ERR_CONNECTION_REFUSED @ http://localhost:18501/_stcore/host-config:0
[16146257ms] [ERROR] Failed to load resource: net::ERR_CONNECTION_REFUSED @ http://localhost:18501/_stcore/health:0
[16146257ms] [ERROR] Client Error in reaching server endpoint - No response received when attempting to reach /_stcore/health @ http://localhost:18501/static/js/index.k-9rUdPI.js:19
[16146261ms] [ERROR] Is Streamlit still running? If you accidentally stopped Streamlit, just restart it in your terminal: @ http://localhost:18501/static/js/index.k-9rUdPI.js:24
[16146601ms] [ERROR] Failed to load resource: net::ERR_CONNECTION_REFUSED @ http://localhost:18501/_stcore/host-config:0
[16150671ms] [ERROR] Failed to load resource: net::ERR_CONNECTION_REFUSED @ http://localhost:18501/_stcore/health:0
[16150672ms] [ERROR] Client Error in reaching server endpoint - No response received when attempting to reach /_stcore/health @ http://localhost:18501/static/js/index.k-9rUdPI.js:19
[16150674ms] [ERROR] Is Streamlit still running? If you accidentally stopped Streamlit, just restart it in your terminal: @ http://localhost:18501/static/js/index.k-9rUdPI.js:24
[16150683ms] [ERROR] Failed to load resource: net::ERR_CONNECTION_REFUSED @ http://localhost:18501/_stcore/host-config:0
[16155060ms] [ERROR] Failed to load resource: net::ERR_CONNECTION_REFUSED @ http://localhost:18501/_stcore/health:0
[16155060ms] [ERROR] Client Error in reaching server endpoint - No response received when attempting to reach /_stcore/health @ http://localhost:18501/static/js/index.k-9rUdPI.js:19
[16155060ms] [ERROR] Is Streamlit still running? If you accidentally stopped Streamlit, just restart it in your terminal: @ http://localhost:18501/static/js/index.k-9rUdPI.js:24
[16155085ms] [ERROR] Failed to load resource: net::ERR_CONNECTION_REFUSED @ http://localhost:18501/_stcore/host-config:0
[16159433ms] [ERROR] Failed to load resource: net::ERR_CONNECTION_REFUSED @ http://localhost:18501/_stcore/health:0
[16159433ms] [ERROR] Client Error in reaching server endpoint - No response received when attempting to reach /_stcore/health @ http://localhost:18501/static/js/index.k-9rUdPI.js:19
[16159434ms] [ERROR] Is Streamlit still running? If you accidentally stopped Streamlit, just restart it in your terminal: @ http://localhost:18501/static/js/index.k-9rUdPI.js:24
[16159435ms] [ERROR] Failed to load resource: net::ERR_CONNECTION_REFUSED @ http://localhost:18501/_stcore/host-config:0
[16163801ms] [ERROR] Failed to load resource: net::ERR_CONNECTION_REFUSED @ http://localhost:18501/_stcore/health:0
[16163801ms] [ERROR] Client Error in reaching server endpoint - No response received when attempting to reach /_stcore/health @ http://localhost:18501/static/js/index.k-9rUdPI.js:19
[16163801ms] [ERROR] Is Streamlit still running? If you accidentally stopped Streamlit, just restart it in your terminal: @ http://localhost:18501/static/js/index.k-9rUdPI.js:24
[16163946ms] [ERROR] Failed to load resource: net::ERR_CONNECTION_REFUSED @ http://localhost:18501/_stcore/host-config:0
[16168188ms] [ERROR] Failed to load resource: net::ERR_CONNECTION_REFUSED @ http://localhost:18501/_stcore/health:0
[16168188ms] [ERROR] Client Error in reaching server endpoint - No response received when attempting to reach /_stcore/health @ http://localhost:18501/static/js/index.k-9rUdPI.js:19
[16168189ms] [ERROR] Is Streamlit still running? If you accidentally stopped Streamlit, just restart it in your terminal: @ http://localhost:18501/static/js/index.k-9rUdPI.js:24
[16168383ms] [ERROR] Failed to load resource: net::ERR_CONNECTION_REFUSED @ http://localhost:18501/_stcore/host-config:0
[16172570ms] [ERROR] Failed to load resource: net::ERR_CONNECTION_REFUSED @ http://localhost:18501/_stcore/health:0
[16172571ms] [ERROR] Client Error in reaching server endpoint - No response received when attempting to reach /_stcore/health @ http://localhost:18501/static/js/index.k-9rUdPI.js:19
[16172571ms] [ERROR] Is Streamlit still running? If you accidentally stopped Streamlit, just restart it in your terminal: @ http://localhost:18501/static/js/index.k-9rUdPI.js:24
[16172756ms] [ERROR] Failed to load resource: net::ERR_CONNECTION_REFUSED @ http://localhost:18501/_stcore/host-config:0
[16177029ms] [ERROR] Failed to load resource: net::ERR_CONNECTION_REFUSED @ http://localhost:18501/_stcore/health:0
[16177029ms] [ERROR] Client Error in reaching server endpoint - No response received when attempting to reach /_stcore/health @ http://localhost:18501/static/js/index.k-9rUdPI.js:19
[16177030ms] [ERROR] Is Streamlit still running? If you accidentally stopped Streamlit, just restart it in your terminal: @ http://localhost:18501/static/js/index.k-9rUdPI.js:24
[16177155ms] [ERROR] Failed to load resource: net::ERR_CONNECTION_REFUSED @ http://localhost:18501/_stcore/host-config:0
[16181417ms] [ERROR] Failed to load resource: net::ERR_CONNECTION_REFUSED @ http://localhost:18501/_stcore/health:0
[16181417ms] [ERROR] Client Error in reaching server endpoint - No response received when attempting to reach /_stcore/health @ http://localhost:18501/static/js/index.k-9rUdPI.js:19
[16181418ms] [ERROR] Is Streamlit still running? If you accidentally stopped Streamlit, just restart it in your terminal: @ http://localhost:18501/static/js/index.k-9rUdPI.js:24
[16181418ms] [ERROR] Failed to load resource: net::ERR_CONNECTION_REFUSED @ http://localhost:18501/_stcore/host-config:0
[16185790ms] [ERROR] Failed to load resource: net::ERR_CONNECTION_REFUSED @ http://localhost:18501/_stcore/health:0
[16185790ms] [ERROR] Client Error in reaching server endpoint - No response received when attempting to reach /_stcore/health @ http://localhost:18501/static/js/index.k-9rUdPI.js:19
[16185791ms] [ERROR] Is Streamlit still running? If you accidentally stopped Streamlit, just restart it in your terminal: @ http://localhost:18501/static/js/index.k-9rUdPI.js:24
[16185791ms] [ERROR] Failed to load resource: net::ERR_CONNECTION_REFUSED @ http://localhost:18501/_stcore/host-config:0
[16190152ms] [ERROR] Failed to load resource: net::ERR_CONNECTION_REFUSED @ http://localhost:18501/_stcore/health:0
[16190152ms] [ERROR] Client Error in reaching server endpoint - No response received when attempting to reach /_stcore/health @ http://localhost:18501/static/js/index.k-9rUdPI.js:19
[16190152ms] [ERROR] Is Streamlit still running? If you accidentally stopped Streamlit, just restart it in your terminal: @ http://localhost:18501/static/js/index.k-9rUdPI.js:24
[16190270ms] [ERROR] Failed to load resource: net::ERR_CONNECTION_REFUSED @ http://localhost:18501/_stcore/host-config:0
[16194543ms] [ERROR] Failed to load resource: net::ERR_CONNECTION_REFUSED @ http://localhost:18501/_stcore/health:0
[16194544ms] [ERROR] Client Error in reaching server endpoint - No response received when attempting to reach /_stcore/health @ http://localhost:18501/static/js/index.k-9rUdPI.js:19
[16194544ms] [ERROR] Is Streamlit still running? If you accidentally stopped Streamlit, just restart it in your terminal: @ http://localhost:18501/static/js/index.k-9rUdPI.js:24
[16194544ms] [ERROR] Failed to load resource: net::ERR_CONNECTION_REFUSED @ http://localhost:18501/_stcore/host-config:0
[16198950ms] [ERROR] Failed to load resource: net::ERR_CONNECTION_REFUSED @ http://localhost:18501/_stcore/health:0
[16198954ms] [ERROR] Client Error in reaching server endpoint - No response received when attempting to reach /_stcore/health @ http://localhost:18501/static/js/index.k-9rUdPI.js:19
[16198955ms] [ERROR] Is Streamlit still running? If you accidentally stopped Streamlit, just restart it in your terminal: @ http://localhost:18501/static/js/index.k-9rUdPI.js:24
[16199035ms] [ERROR] Failed to load resource: net::ERR_CONNECTION_REFUSED @ http://localhost:18501/_stcore/host-config:0
[16203355ms] [ERROR] Failed to load resource: net::ERR_CONNECTION_REFUSED @ http://localhost:18501/_stcore/health:0
[16203355ms] [ERROR] Client Error in reaching server endpoint - No response received when attempting to reach /_stcore/health @ http://localhost:18501/static/js/index.k-9rUdPI.js:19
[16203356ms] [ERROR] Is Streamlit still running? If you accidentally stopped Streamlit, just restart it in your terminal: @ http://localhost:18501/static/js/index.k-9rUdPI.js:24
[16203357ms] [ERROR] Failed to load resource: net::ERR_CONNECTION_REFUSED @ http://localhost:18501/_stcore/host-config:0
[16207758ms] [ERROR] Failed to load resource: net::ERR_CONNECTION_REFUSED @ http://localhost:18501/_stcore/health:0
[16207759ms] [ERROR] Client Error in reaching server endpoint - No response received when attempting to reach /_stcore/health @ http://localhost:18501/static/js/index.k-9rUdPI.js:19
[16207759ms] [ERROR] Is Streamlit still running? If you accidentally stopped Streamlit, just restart it in your terminal: @ http://localhost:18501/static/js/index.k-9rUdPI.js:24
[16207760ms] [ERROR] Failed to load resource: net::ERR_CONNECTION_REFUSED @ http://localhost:18501/_stcore/host-config:0
[16212127ms] [ERROR] Failed to load resource: net::ERR_CONNECTION_REFUSED @ http://localhost:18501/_stcore/health:0
[16212128ms] [ERROR] Client Error in reaching server endpoint - No response received when attempting to reach /_stcore/health @ http://localhost:18501/static/js/index.k-9rUdPI.js:19
[16212130ms] [ERROR] Is Streamlit still running? If you accidentally stopped Streamlit, just restart it in your terminal: @ http://localhost:18501/static/js/index.k-9rUdPI.js:24
[16212136ms] [ERROR] Failed to load resource: net::ERR_CONNECTION_REFUSED @ http://localhost:18501/_stcore/host-config:0
[16216521ms] [ERROR] Failed to load resource: net::ERR_CONNECTION_REFUSED @ http://localhost:18501/_stcore/health:0
[16216521ms] [ERROR] Client Error in reaching server endpoint - No response received when attempting to reach /_stcore/health @ http://localhost:18501/static/js/index.k-9rUdPI.js:19
[16216521ms] [ERROR] Is Streamlit still running? If you accidentally stopped Streamlit, just restart it in your terminal: @ http://localhost:18501/static/js/index.k-9rUdPI.js:24
[16216604ms] [ERROR] Failed to load resource: net::ERR_CONNECTION_REFUSED @ http://localhost:18501/_stcore/host-config:0
[16220906ms] [ERROR] Failed to load resource: net::ERR_CONNECTION_REFUSED @ http://localhost:18501/_stcore/health:0
[16220906ms] [ERROR] Client Error in reaching server endpoint - No response received when attempting to reach /_stcore/health @ http://localhost:18501/static/js/index.k-9rUdPI.js:19
[16220907ms] [ERROR] Is Streamlit still running? If you accidentally stopped Streamlit, just restart it in your terminal: @ http://localhost:18501/static/js/index.k-9rUdPI.js:24
[16221017ms] [ERROR] Failed to load resource: net::ERR_CONNECTION_REFUSED @ http://localhost:18501/_stcore/host-config:0
[16225323ms] [ERROR] Failed to load resource: net::ERR_CONNECTION_REFUSED @ http://localhost:18501/_stcore/health:0
[16225323ms] [ERROR] Client Error in reaching server endpoint - No response received when attempting to reach /_stcore/health @ http://localhost:18501/static/js/index.k-9rUdPI.js:19
[16225323ms] [ERROR] Is Streamlit still running? If you accidentally stopped Streamlit, just restart it in your terminal: @ http://localhost:18501/static/js/index.k-9rUdPI.js:24
[16225324ms] [ERROR] Failed to load resource: net::ERR_CONNECTION_REFUSED @ http://localhost:18501/_stcore/host-config:0
[16229721ms] [ERROR] Failed to load resource: net::ERR_CONNECTION_REFUSED @ http://localhost:18501/_stcore/health:0
[16229721ms] [ERROR] Client Error in reaching server endpoint - No response received when attempting to reach /_stcore/health @ http://localhost:18501/static/js/index.k-9rUdPI.js:19
[16229721ms] [ERROR] Is Streamlit still running? If you accidentally stopped Streamlit, just restart it in your terminal: @ http://localhost:18501/static/js/index.k-9rUdPI.js:24
[16229722ms] [ERROR] Failed to load resource: net::ERR_CONNECTION_REFUSED @ http://localhost:18501/_stcore/host-config:0
[16234147ms] [ERROR] Failed to load resource: net::ERR_CONNECTION_REFUSED @ http://localhost:18501/_stcore/health:0
[16234148ms] [ERROR] Client Error in reaching server endpoint - No response received when attempting to reach /_stcore/health @ http://localhost:18501/static/js/index.k-9rUdPI.js:19
[16234148ms] [ERROR] Is Streamlit still running? If you accidentally stopped Streamlit, just restart it in your terminal: @ http://localhost:18501/static/js/index.k-9rUdPI.js:24
[16234355ms] [ERROR] Failed to load resource: net::ERR_CONNECTION_REFUSED @ http://localhost:18501/_stcore/host-config:0
[16238635ms] [ERROR] Failed to load resource: net::ERR_CONNECTION_REFUSED @ http://localhost:18501/_stcore/health:0
[16238635ms] [ERROR] Client Error in reaching server endpoint - No response received when attempting to reach /_stcore/health @ http://localhost:18501/static/js/index.k-9rUdPI.js:19
[16238636ms] [ERROR] Is Streamlit still running? If you accidentally stopped Streamlit, just restart it in your terminal: @ http://localhost:18501/static/js/index.k-9rUdPI.js:24
[16238782ms] [ERROR] Failed to load resource: net::ERR_CONNECTION_REFUSED @ http://localhost:18501/_stcore/host-config:0
[16243020ms] [ERROR] Failed to load resource: net::ERR_CONNECTION_REFUSED @ http://localhost:18501/_stcore/health:0
[16243020ms] [ERROR] Client Error in reaching server endpoint - No response received when attempting to reach /_stcore/health @ http://localhost:18501/static/js/index.k-9rUdPI.js:19
[16243021ms] [ERROR] Is Streamlit still running? If you accidentally stopped Streamlit, just restart it in your terminal: @ http://localhost:18501/static/js/index.k-9rUdPI.js:24
[16243021ms] [ERROR] Failed to load resource: net::ERR_CONNECTION_REFUSED @ http://localhost:18501/_stcore/host-config:0
[16247407ms] [ERROR] Failed to load resource: net::ERR_CONNECTION_REFUSED @ http://localhost:18501/_stcore/health:0
[16247412ms] [ERROR] Client Error in reaching server endpoint - No response received when attempting to reach /_stcore/health @ http://localhost:18501/static/js/index.k-9rUdPI.js:19
[16247414ms] [ERROR] Is Streamlit still running? If you accidentally stopped Streamlit, just restart it in your terminal: @ http://localhost:18501/static/js/index.k-9rUdPI.js:24
[16247415ms] [ERROR] Failed to load resource: net::ERR_CONNECTION_REFUSED @ http://localhost:18501/_stcore/host-config:0
[16251773ms] [ERROR] Failed to load resource: net::ERR_CONNECTION_REFUSED @ http://localhost:18501/_stcore/health:0
[16251774ms] [ERROR] Client Error in reaching server endpoint - No response received when attempting to reach /_stcore/health @ http://localhost:18501/static/js/index.k-9rUdPI.js:19
[16251774ms] [ERROR] Is Streamlit still running? If you accidentally stopped Streamlit, just restart it in your terminal: @ http://localhost:18501/static/js/index.k-9rUdPI.js:24
[16251811ms] [ERROR] Failed to load resource: net::ERR_CONNECTION_REFUSED @ http://localhost:18501/_stcore/host-config:0
[16256119ms] [ERROR] Failed to load resource: net::ERR_CONNECTION_REFUSED @ http://localhost:18501/_stcore/health:0
[16256119ms] [ERROR] Client Error in reaching server endpoint - No response received when attempting to reach /_stcore/health @ http://localhost:18501/static/js/index.k-9rUdPI.js:19
[16256120ms] [ERROR] Is Streamlit still running? If you accidentally stopped Streamlit, just restart it in your terminal: @ http://localhost:18501/static/js/index.k-9rUdPI.js:24
[16256120ms] [ERROR] Failed to load resource: net::ERR_CONNECTION_REFUSED @ http://localhost:18501/_stcore/host-config:0
[16260500ms] [ERROR] Failed to load resource: net::ERR_CONNECTION_REFUSED @ http://localhost:18501/_stcore/health:0
[16260503ms] [ERROR] Client Error in reaching server endpoint - No response received when attempting to reach /_stcore/health @ http://localhost:18501/static/js/index.k-9rUdPI.js:19
[16260503ms] [ERROR] Is Streamlit still running? If you accidentally stopped Streamlit, just restart it in your terminal: @ http://localhost:18501/static/js/index.k-9rUdPI.js:24
[16260503ms] [ERROR] Failed to load resource: net::ERR_CONNECTION_REFUSED @ http://localhost:18501/_stcore/host-config:0
[16264872ms] [ERROR] Failed to load resource: net::ERR_CONNECTION_REFUSED @ http://localhost:18501/_stcore/health:0
[16264873ms] [ERROR] Client Error in reaching server endpoint - No response received when attempting to reach /_stcore/health @ http://localhost:18501/static/js/index.k-9rUdPI.js:19
[16264878ms] [ERROR] Is Streamlit still running? If you accidentally stopped Streamlit, just restart it in your terminal: @ http://localhost:18501/static/js/index.k-9rUdPI.js:24
[16264936ms] [ERROR] Failed to load resource: net::ERR_CONNECTION_REFUSED @ http://localhost:18501/_stcore/host-config:0
[16269295ms] [ERROR] Failed to load resource: net::ERR_CONNECTION_REFUSED @ http://localhost:18501/_stcore/health:0
[16269296ms] [ERROR] Client Error in reaching server endpoint - No response received when attempting to reach /_stcore/health @ http://localhost:18501/static/js/index.k-9rUdPI.js:19
[16269296ms] [ERROR] Is Streamlit still running? If you accidentally stopped Streamlit, just restart it in your terminal: @ http://localhost:18501/static/js/index.k-9rUdPI.js:24
[16269296ms] [ERROR] Failed to load resource: net::ERR_CONNECTION_REFUSED @ http://localhost:18501/_stcore/host-config:0
[16273681ms] [ERROR] Failed to load resource: net::ERR_CONNECTION_REFUSED @ http://localhost:18501/_stcore/health:0
[16273681ms] [ERROR] Client Error in reaching server endpoint - No response received when attempting to reach /_stcore/health @ http://localhost:18501/static/js/index.k-9rUdPI.js:19
[16273681ms] [ERROR] Is Streamlit still running? If you accidentally stopped Streamlit, just restart it in your terminal: @ http://localhost:18501/static/js/index.k-9rUdPI.js:24
[16273996ms] [ERROR] Failed to load resource: net::ERR_CONNECTION_REFUSED @ http://localhost:18501/_stcore/host-config:0
[16278059ms] [ERROR] Failed to load resource: net::ERR_CONNECTION_REFUSED @ http://localhost:18501/_stcore/health:0
[16278059ms] [ERROR] Client Error in reaching server endpoint - No response received when attempting to reach /_stcore/health @ http://localhost:18501/static/js/index.k-9rUdPI.js:19
[16278059ms] [ERROR] Is Streamlit still running? If you accidentally stopped Streamlit, just restart it in your terminal: @ http://localhost:18501/static/js/index.k-9rUdPI.js:24
[16278223ms] [ERROR] Failed to load resource: net::ERR_CONNECTION_REFUSED @ http://localhost:18501/_stcore/host-config:0
[16282446ms] [ERROR] Failed to load resource: net::ERR_CONNECTION_REFUSED @ http://localhost:18501/_stcore/health:0
[16282447ms] [ERROR] Client Error in reaching server endpoint - No response received when attempting to reach /_stcore/health @ http://localhost:18501/static/js/index.k-9rUdPI.js:19
[16282448ms] [ERROR] Is Streamlit still running? If you accidentally stopped Streamlit, just restart it in your terminal: @ http://localhost:18501/static/js/index.k-9rUdPI.js:24
[16282574ms] [ERROR] Failed to load resource: net::ERR_CONNECTION_REFUSED @ http://localhost:18501/_stcore/host-config:0
[16286889ms] [ERROR] Failed to load resource: net::ERR_CONNECTION_REFUSED @ http://localhost:18501/_stcore/health:0
[16286890ms] [ERROR] Client Error in reaching server endpoint - No response received when attempting to reach /_stcore/health @ http://localhost:18501/static/js/index.k-9rUdPI.js:19
[16286892ms] [ERROR] Is Streamlit still running? If you accidentally stopped Streamlit, just restart it in your terminal: @ http://localhost:18501/static/js/index.k-9rUdPI.js:24
[16286893ms] [ERROR] Failed to load resource: net::ERR_CONNECTION_REFUSED @ http://localhost:18501/_stcore/host-config:0
[16291308ms] [ERROR] Failed to load resource: net::ERR_CONNECTION_REFUSED @ http://localhost:18501/_stcore/health:0
[16291308ms] [ERROR] Client Error in reaching server endpoint - No response received when attempting to reach /_stcore/health @ http://localhost:18501/static/js/index.k-9rUdPI.js:19
[16291308ms] [ERROR] Is Streamlit still running? If you accidentally stopped Streamlit, just restart it in your terminal: @ http://localhost:18501/static/js/index.k-9rUdPI.js:24
[16291309ms] [ERROR] Failed to load resource: net::ERR_CONNECTION_REFUSED @ http://localhost:18501/_stcore/host-config:0
[16295686ms] [ERROR] Failed to load resource: net::ERR_CONNECTION_REFUSED @ http://localhost:18501/_stcore/health:0
[16295686ms] [ERROR] Client Error in reaching server endpoint - No response received when attempting to reach /_stcore/health @ http://localhost:18501/static/js/index.k-9rUdPI.js:19
[16295687ms] [ERROR] Is Streamlit still running? If you accidentally stopped Streamlit, just restart it in your terminal: @ http://localhost:18501/static/js/index.k-9rUdPI.js:24
[16295863ms] [ERROR] Failed to load resource: net::ERR_CONNECTION_REFUSED @ http://localhost:18501/_stcore/host-config:0
[16300070ms] [ERROR] Failed to load resource: net::ERR_CONNECTION_REFUSED @ http://localhost:18501/_stcore/health:0
[16300071ms] [ERROR] Client Error in reaching server endpoint - No response received when attempting to reach /_stcore/health @ http://localhost:18501/static/js/index.k-9rUdPI.js:19
[16300071ms] [ERROR] Is Streamlit still running? If you accidentally stopped Streamlit, just restart it in your terminal: @ http://localhost:18501/static/js/index.k-9rUdPI.js:24
[16300249ms] [ERROR] Failed to load resource: net::ERR_CONNECTION_REFUSED @ http://localhost:18501/_stcore/host-config:0
[16304465ms] [ERROR] Failed to load resource: net::ERR_CONNECTION_REFUSED @ http://localhost:18501/_stcore/health:0
[16304465ms] [ERROR] Client Error in reaching server endpoint - No response received when attempting to reach /_stcore/health @ http://localhost:18501/static/js/index.k-9rUdPI.js:19
[16304468ms] [ERROR] Is Streamlit still running? If you accidentally stopped Streamlit, just restart it in your terminal: @ http://localhost:18501/static/js/index.k-9rUdPI.js:24
[16304468ms] [ERROR] Failed to load resource: net::ERR_CONNECTION_REFUSED @ http://localhost:18501/_stcore/host-config:0
[16308887ms] [ERROR] Failed to load resource: net::ERR_CONNECTION_REFUSED @ http://localhost:18501/_stcore/health:0
[16308888ms] [ERROR] Client Error in reaching server endpoint - No response received when attempting to reach /_stcore/health @ http://localhost:18501/static/js/index.k-9rUdPI.js:19
[16308888ms] [ERROR] Is Streamlit still running? If you accidentally stopped Streamlit, just restart it in your terminal: @ http://localhost:18501/static/js/index.k-9rUdPI.js:24
[16308888ms] [ERROR] Failed to load resource: net::ERR_CONNECTION_REFUSED @ http://localhost:18501/_stcore/host-config:0
[16313340ms] [ERROR] Failed to load resource: net::ERR_CONNECTION_REFUSED @ http://localhost:18501/_stcore/health:0
[16313341ms] [ERROR] Client Error in reaching server endpoint - No response received when attempting to reach /_stcore/health @ http://localhost:18501/static/js/index.k-9rUdPI.js:19
[16313341ms] [ERROR] Is Streamlit still running? If you accidentally stopped Streamlit, just restart it in your terminal: @ http://localhost:18501/static/js/index.k-9rUdPI.js:24
[16313341ms] [ERROR] Failed to load resource: net::ERR_CONNECTION_REFUSED @ http://localhost:18501/_stcore/host-config:0
[16317772ms] [ERROR] Failed to load resource: net::ERR_CONNECTION_REFUSED @ http://localhost:18501/_stcore/health:0
[16317772ms] [ERROR] Client Error in reaching server endpoint - No response received when attempting to reach /_stcore/health @ http://localhost:18501/static/js/index.k-9rUdPI.js:19
[16317792ms] [ERROR] Is Streamlit still running? If you accidentally stopped Streamlit, just restart it in your terminal: @ http://localhost:18501/static/js/index.k-9rUdPI.js:24
[16317812ms] [ERROR] Failed to load resource: net::ERR_CONNECTION_REFUSED @ http://localhost:18501/_stcore/host-config:0
[16322191ms] [ERROR] Failed to load resource: net::ERR_CONNECTION_REFUSED @ http://localhost:18501/_stcore/health:0
[16322191ms] [ERROR] Client Error in reaching server endpoint - No response received when attempting to reach /_stcore/health @ http://localhost:18501/static/js/index.k-9rUdPI.js:19
[16322200ms] [ERROR] Is Streamlit still running? If you accidentally stopped Streamlit, just restart it in your terminal: @ http://localhost:18501/static/js/index.k-9rUdPI.js:24
[16322202ms] [ERROR] Failed to load resource: net::ERR_CONNECTION_REFUSED @ http://localhost:18501/_stcore/host-config:0
[16326622ms] [ERROR] Failed to load resource: net::ERR_CONNECTION_REFUSED @ http://localhost:18501/_stcore/health:0
[16326622ms] [ERROR] Client Error in reaching server endpoint - No response received when attempting to reach /_stcore/health @ http://localhost:18501/static/js/index.k-9rUdPI.js:19
[16326622ms] [ERROR] Is Streamlit still running? If you accidentally stopped Streamlit, just restart it in your terminal: @ http://localhost:18501/static/js/index.k-9rUdPI.js:24
[16326622ms] [ERROR] Failed to load resource: net::ERR_CONNECTION_REFUSED @ http://localhost:18501/_stcore/host-config:0
[16330977ms] [ERROR] Failed to load resource: net::ERR_CONNECTION_REFUSED @ http://localhost:18501/_stcore/health:0
[16330977ms] [ERROR] Client Error in reaching server endpoint - No response received when attempting to reach /_stcore/health @ http://localhost:18501/static/js/index.k-9rUdPI.js:19
[16330977ms] [ERROR] Is Streamlit still running? If you accidentally stopped Streamlit, just restart it in your terminal: @ http://localhost:18501/static/js/index.k-9rUdPI.js:24
[16330977ms] [ERROR] Failed to load resource: net::ERR_CONNECTION_REFUSED @ http://localhost:18501/_stcore/host-config:0
[16335336ms] [ERROR] Failed to load resource: net::ERR_CONNECTION_REFUSED @ http://localhost:18501/_stcore/health:0
[16335336ms] [ERROR] Client Error in reaching server endpoint - No response received when attempting to reach /_stcore/health @ http://localhost:18501/static/js/index.k-9rUdPI.js:19
[16335336ms] [ERROR] Is Streamlit still running? If you accidentally stopped Streamlit, just restart it in your terminal: @ http://localhost:18501/static/js/index.k-9rUdPI.js:24
[16335366ms] [ERROR] Failed to load resource: net::ERR_CONNECTION_REFUSED @ http://localhost:18501/_stcore/host-config:0
[16339700ms] [ERROR] Failed to load resource: net::ERR_CONNECTION_REFUSED @ http://localhost:18501/_stcore/health:0
[16339702ms] [ERROR] Client Error in reaching server endpoint - No response received when attempting to reach /_stcore/health @ http://localhost:18501/static/js/index.k-9rUdPI.js:19
[16339702ms] [ERROR] Is Streamlit still running? If you accidentally stopped Streamlit, just restart it in your terminal: @ http://localhost:18501/static/js/index.k-9rUdPI.js:24
[16339707ms] [ERROR] Failed to load resource: net::ERR_CONNECTION_REFUSED @ http://localhost:18501/_stcore/host-config:0
[16344079ms] [ERROR] Failed to load resource: net::ERR_CONNECTION_REFUSED @ http://localhost:18501/_stcore/health:0
[16344079ms] [ERROR] Client Error in reaching server endpoint - No response received when attempting to reach /_stcore/health @ http://localhost:18501/static/js/index.k-9rUdPI.js:19
[16344080ms] [ERROR] Is Streamlit still running? If you accidentally stopped Streamlit, just restart it in your terminal: @ http://localhost:18501/static/js/index.k-9rUdPI.js:24
[16344106ms] [ERROR] Failed to load resource: net::ERR_CONNECTION_REFUSED @ http://localhost:18501/_stcore/host-config:0
[16348429ms] [ERROR] Failed to load resource: net::ERR_CONNECTION_REFUSED @ http://localhost:18501/_stcore/health:0
[16348430ms] [ERROR] Client Error in reaching server endpoint - No response received when attempting to reach /_stcore/health @ http://localhost:18501/static/js/index.k-9rUdPI.js:19
[16348430ms] [ERROR] Is Streamlit still running? If you accidentally stopped Streamlit, just restart it in your terminal: @ http://localhost:18501/static/js/index.k-9rUdPI.js:24
[16348431ms] [ERROR] Failed to load resource: net::ERR_CONNECTION_REFUSED @ http://localhost:18501/_stcore/host-config:0
[16352810ms] [ERROR] Failed to load resource: net::ERR_CONNECTION_REFUSED @ http://localhost:18501/_stcore/health:0
[16352810ms] [ERROR] Client Error in reaching server endpoint - No response received when attempting to reach /_stcore/health @ http://localhost:18501/static/js/index.k-9rUdPI.js:19
[16352811ms] [ERROR] Is Streamlit still running? If you accidentally stopped Streamlit, just restart it in your terminal: @ http://localhost:18501/static/js/index.k-9rUdPI.js:24
[16352860ms] [ERROR] Failed to load resource: net::ERR_CONNECTION_REFUSED @ http://localhost:18501/_stcore/host-config:0
[16357496ms] [ERROR] Failed to load resource: net::ERR_CONNECTION_REFUSED @ http://localhost:18501/_stcore/health:0
[16357497ms] [ERROR] Client Error in reaching server endpoint - No response received when attempting to reach /_stcore/health @ http://localhost:18501/static/js/index.k-9rUdPI.js:19
[16357498ms] [ERROR] Is Streamlit still running? If you accidentally stopped Streamlit, just restart it in your terminal: @ http://localhost:18501/static/js/index.k-9rUdPI.js:24
[16357602ms] [ERROR] Failed to load resource: net::ERR_CONNECTION_REFUSED @ http://localhost:18501/_stcore/host-config:0
[16361871ms] [ERROR] Failed to load resource: net::ERR_CONNECTION_REFUSED @ http://localhost:18501/_stcore/health:0
[16361871ms] [ERROR] Client Error in reaching server endpoint - No response received when attempting to reach /_stcore/health @ http://localhost:18501/static/js/index.k-9rUdPI.js:19
[16361873ms] [ERROR] Is Streamlit still running? If you accidentally stopped Streamlit, just restart it in your terminal: @ http://localhost:18501/static/js/index.k-9rUdPI.js:24
[16362046ms] [ERROR] Failed to load resource: net::ERR_CONNECTION_REFUSED @ http://localhost:18501/_stcore/host-config:0
[16366261ms] [ERROR] Failed to load resource: net::ERR_CONNECTION_REFUSED @ http://localhost:18501/_stcore/health:0
[16366261ms] [ERROR] Client Error in reaching server endpoint - No response received when attempting to reach /_stcore/health @ http://localhost:18501/static/js/index.k-9rUdPI.js:19
[16366262ms] [ERROR] Is Streamlit still running? If you accidentally stopped Streamlit, just restart it in your terminal: @ http://localhost:18501/static/js/index.k-9rUdPI.js:24
[16366262ms] [ERROR] Failed to load resource: net::ERR_CONNECTION_REFUSED @ http://localhost:18501/_stcore/host-config:0
[16370646ms] [ERROR] Failed to load resource: net::ERR_CONNECTION_REFUSED @ http://localhost:18501/_stcore/health:0
[16370647ms] [ERROR] Client Error in reaching server endpoint - No response received when attempting to reach /_stcore/health @ http://localhost:18501/static/js/index.k-9rUdPI.js:19
[16370647ms] [ERROR] Is Streamlit still running? If you accidentally stopped Streamlit, just restart it in your terminal: @ http://localhost:18501/static/js/index.k-9rUdPI.js:24
[16370647ms] [ERROR] Failed to load resource: net::ERR_CONNECTION_REFUSED @ http://localhost:18501/_stcore/host-config:0
[16375048ms] [ERROR] Failed to load resource: net::ERR_CONNECTION_REFUSED @ http://localhost:18501/_stcore/health:0
[16375049ms] [ERROR] Client Error in reaching server endpoint - No response received when attempting to reach /_stcore/health @ http://localhost:18501/static/js/index.k-9rUdPI.js:19
[16375050ms] [ERROR] Is Streamlit still running? If you accidentally stopped Streamlit, just restart it in your terminal: @ http://localhost:18501/static/js/index.k-9rUdPI.js:24
[16375052ms] [ERROR] Failed to load resource: net::ERR_CONNECTION_REFUSED @ http://localhost:18501/_stcore/host-config:0
[16379488ms] [ERROR] Failed to load resource: net::ERR_CONNECTION_REFUSED @ http://localhost:18501/_stcore/health:0
[16379488ms] [ERROR] Client Error in reaching server endpoint - No response received when attempting to reach /_stcore/health @ http://localhost:18501/static/js/index.k-9rUdPI.js:19
[16379489ms] [ERROR] Is Streamlit still running? If you accidentally stopped Streamlit, just restart it in your terminal: @ http://localhost:18501/static/js/index.k-9rUdPI.js:24
[16379489ms] [ERROR] Failed to load resource: net::ERR_CONNECTION_REFUSED @ http://localhost:18501/_stcore/host-config:0
[16383884ms] [ERROR] Failed to load resource: net::ERR_CONNECTION_REFUSED @ http://localhost:18501/_stcore/health:0
[16383888ms] [ERROR] Client Error in reaching server endpoint - No response received when attempting to reach /_stcore/health @ http://localhost:18501/static/js/index.k-9rUdPI.js:19
[16383890ms] [ERROR] Is Streamlit still running? If you accidentally stopped Streamlit, just restart it in your terminal: @ http://localhost:18501/static/js/index.k-9rUdPI.js:24
[16383897ms] [ERROR] Failed to load resource: net::ERR_CONNECTION_REFUSED @ http://localhost:18501/_stcore/host-config:0
[16388351ms] [ERROR] Failed to load resource: net::ERR_CONNECTION_REFUSED @ http://localhost:18501/_stcore/health:0
[16388352ms] [ERROR] Client Error in reaching server endpoint - No response received when attempting to reach /_stcore/health @ http://localhost:18501/static/js/index.k-9rUdPI.js:19
[16388364ms] [ERROR] Is Streamlit still running? If you accidentally stopped Streamlit, just restart it in your terminal: @ http://localhost:18501/static/js/index.k-9rUdPI.js:24
[16388366ms] [ERROR] Failed to load resource: net::ERR_CONNECTION_REFUSED @ http://localhost:18501/_stcore/host-config:0
[16392805ms] [ERROR] Failed to load resource: net::ERR_CONNECTION_REFUSED @ http://localhost:18501/_stcore/health:0
[16392805ms] [ERROR] Client Error in reaching server endpoint - No response received when attempting to reach /_stcore/health @ http://localhost:18501/static/js/index.k-9rUdPI.js:19
[16392808ms] [ERROR] Is Streamlit still running? If you accidentally stopped Streamlit, just restart it in your terminal: @ http://localhost:18501/static/js/index.k-9rUdPI.js:24
[16392809ms] [ERROR] Failed to load resource: net::ERR_CONNECTION_REFUSED @ http://localhost:18501/_stcore/host-config:0
[16397211ms] [ERROR] Failed to load resource: net::ERR_CONNECTION_REFUSED @ http://localhost:18501/_stcore/health:0
[16397211ms] [ERROR] Client Error in reaching server endpoint - No response received when attempting to reach /_stcore/health @ http://localhost:18501/static/js/index.k-9rUdPI.js:19
[16397213ms] [ERROR] Is Streamlit still running? If you accidentally stopped Streamlit, just restart it in your terminal: @ http://localhost:18501/static/js/index.k-9rUdPI.js:24
[16397603ms] [ERROR] Failed to load resource: net::ERR_CONNECTION_REFUSED @ http://localhost:18501/_stcore/host-config:0
[16401623ms] [ERROR] Failed to load resource: net::ERR_CONNECTION_REFUSED @ http://localhost:18501/_stcore/health:0
[16401627ms] [ERROR] Client Error in reaching server endpoint - No response received when attempting to reach /_stcore/health @ http://localhost:18501/static/js/index.k-9rUdPI.js:19
[16401635ms] [ERROR] Is Streamlit still running? If you accidentally stopped Streamlit, just restart it in your terminal: @ http://localhost:18501/static/js/index.k-9rUdPI.js:24
[16401857ms] [ERROR] Failed to load resource: net::ERR_CONNECTION_REFUSED @ http://localhost:18501/_stcore/host-config:0
[16406040ms] [ERROR] Failed to load resource: net::ERR_CONNECTION_REFUSED @ http://localhost:18501/_stcore/health:0
[16406040ms] [ERROR] Client Error in reaching server endpoint - No response received when attempting to reach /_stcore/health @ http://localhost:18501/static/js/index.k-9rUdPI.js:19
[16406041ms] [ERROR] Is Streamlit still running? If you accidentally stopped Streamlit, just restart it in your terminal: @ http://localhost:18501/static/js/index.k-9rUdPI.js:24
[16406042ms] [ERROR] Failed to load resource: net::ERR_CONNECTION_REFUSED @ http://localhost:18501/_stcore/host-config:0
[16410438ms] [ERROR] Failed to load resource: net::ERR_CONNECTION_REFUSED @ http://localhost:18501/_stcore/health:0
[16410438ms] [ERROR] Client Error in reaching server endpoint - No response received when attempting to reach /_stcore/health @ http://localhost:18501/static/js/index.k-9rUdPI.js:19
[16410438ms] [ERROR] Is Streamlit still running? If you accidentally stopped Streamlit, just restart it in your terminal: @ http://localhost:18501/static/js/index.k-9rUdPI.js:24
[16410605ms] [ERROR] Failed to load resource: net::ERR_CONNECTION_REFUSED @ http://localhost:18501/_stcore/host-config:0
[16414862ms] [ERROR] Failed to load resource: net::ERR_CONNECTION_REFUSED @ http://localhost:18501/_stcore/health:0
[16414863ms] [ERROR] Client Error in reaching server endpoint - No response received when attempting to reach /_stcore/health @ http://localhost:18501/static/js/index.k-9rUdPI.js:19
[16414863ms] [ERROR] Is Streamlit still running? If you accidentally stopped Streamlit, just restart it in your terminal: @ http://localhost:18501/static/js/index.k-9rUdPI.js:24
[16415233ms] [ERROR] Failed to load resource: net::ERR_CONNECTION_REFUSED @ http://localhost:18501/_stcore/host-config:0
[16419527ms] [ERROR] Failed to load resource: net::ERR_CONNECTION_REFUSED @ http://localhost:18501/_stcore/health:0
[16419528ms] [ERROR] Client Error in reaching server endpoint - No response received when attempting to reach /_stcore/health @ http://localhost:18501/static/js/index.k-9rUdPI.js:19
[16419530ms] [ERROR] Is Streamlit still running? If you accidentally stopped Streamlit, just restart it in your terminal: @ http://localhost:18501/static/js/index.k-9rUdPI.js:24
[16419531ms] [ERROR] Failed to load resource: net::ERR_CONNECTION_REFUSED @ http://localhost:18501/_stcore/host-config:0
[16423938ms] [ERROR] Failed to load resource: net::ERR_CONNECTION_REFUSED @ http://localhost:18501/_stcore/health:0
[16423938ms] [ERROR] Client Error in reaching server endpoint - No response received when attempting to reach /_stcore/health @ http://localhost:18501/static/js/index.k-9rUdPI.js:19
[16423938ms] [ERROR] Is Streamlit still running? If you accidentally stopped Streamlit, just restart it in your terminal: @ http://localhost:18501/static/js/index.k-9rUdPI.js:24
[16423943ms] [ERROR] Failed to load resource: net::ERR_CONNECTION_REFUSED @ http://localhost:18501/_stcore/host-config:0
[16428313ms] [ERROR] Failed to load resource: net::ERR_CONNECTION_REFUSED @ http://localhost:18501/_stcore/health:0
[16428317ms] [ERROR] Client Error in reaching server endpoint - No response received when attempting to reach /_stcore/health @ http://localhost:18501/static/js/index.k-9rUdPI.js:19
[16428317ms] [ERROR] Is Streamlit still running? If you accidentally stopped Streamlit, just restart it in your terminal: @ http://localhost:18501/static/js/index.k-9rUdPI.js:24
[16428556ms] [ERROR] Failed to load resource: net::ERR_CONNECTION_REFUSED @ http://localhost:18501/_stcore/host-config:0
[16432743ms] [ERROR] Failed to load resource: net::ERR_CONNECTION_REFUSED @ http://localhost:18501/_stcore/health:0
[16432743ms] [ERROR] Client Error in reaching server endpoint - No response received when attempting to reach /_stcore/health @ http://localhost:18501/static/js/index.k-9rUdPI.js:19
[16432744ms] [ERROR] Is Streamlit still running? If you accidentally stopped Streamlit, just restart it in your terminal: @ http://localhost:18501/static/js/index.k-9rUdPI.js:24
[16432745ms] [ERROR] Failed to load resource: net::ERR_CONNECTION_REFUSED @ http://localhost:18501/_stcore/host-config:0
[16437133ms] [ERROR] Failed to load resource: net::ERR_CONNECTION_REFUSED @ http://localhost:18501/_stcore/health:0
[16437133ms] [ERROR] Client Error in reaching server endpoint - No response received when attempting to reach /_stcore/health @ http://localhost:18501/static/js/index.k-9rUdPI.js:19
[16437134ms] [ERROR] Is Streamlit still running? If you accidentally stopped Streamlit, just restart it in your terminal: @ http://localhost:18501/static/js/index.k-9rUdPI.js:24
[16437243ms] [ERROR] Failed to load resource: net::ERR_CONNECTION_REFUSED @ http://localhost:18501/_stcore/host-config:0
[16441507ms] [ERROR] Failed to load resource: net::ERR_CONNECTION_REFUSED @ http://localhost:18501/_stcore/health:0
[16441508ms] [ERROR] Client Error in reaching server endpoint - No response received when attempting to reach /_stcore/health @ http://localhost:18501/static/js/index.k-9rUdPI.js:19
[16441516ms] [ERROR] Is Streamlit still running? If you accidentally stopped Streamlit, just restart it in your terminal: @ http://localhost:18501/static/js/index.k-9rUdPI.js:24
[16441789ms] [ERROR] Failed to load resource: net::ERR_CONNECTION_REFUSED @ http://localhost:18501/_stcore/host-config:0
[16446004ms] [ERROR] Failed to load resource: net::ERR_CONNECTION_REFUSED @ http://localhost:18501/_stcore/health:0
[16446004ms] [ERROR] Client Error in reaching server endpoint - No response received when attempting to reach /_stcore/health @ http://localhost:18501/static/js/index.k-9rUdPI.js:19
[16446004ms] [ERROR] Is Streamlit still running? If you accidentally stopped Streamlit, just restart it in your terminal: @ http://localhost:18501/static/js/index.k-9rUdPI.js:24
[16446270ms] [ERROR] Failed to load resource: net::ERR_CONNECTION_REFUSED @ http://localhost:18501/_stcore/host-config:0
[16450422ms] [ERROR] Failed to load resource: net::ERR_CONNECTION_REFUSED @ http://localhost:18501/_stcore/health:0
[16450424ms] [ERROR] Client Error in reaching server endpoint - No response received when attempting to reach /_stcore/health @ http://localhost:18501/static/js/index.k-9rUdPI.js:19
[16450429ms] [ERROR] Is Streamlit still running? If you accidentally stopped Streamlit, just restart it in your terminal: @ http://localhost:18501/static/js/index.k-9rUdPI.js:24
[16450429ms] [ERROR] Failed to load resource: net::ERR_CONNECTION_REFUSED @ http://localhost:18501/_stcore/host-config:0
[16454855ms] [ERROR] Failed to load resource: net::ERR_CONNECTION_REFUSED @ http://localhost:18501/_stcore/health:0
[16454859ms] [ERROR] Client Error in reaching server endpoint - No response received when attempting to reach /_stcore/health @ http://localhost:18501/static/js/index.k-9rUdPI.js:19
[16454860ms] [ERROR] Is Streamlit still running? If you accidentally stopped Streamlit, just restart it in your terminal: @ http://localhost:18501/static/js/index.k-9rUdPI.js:24
[16454862ms] [ERROR] Failed to load resource: net::ERR_CONNECTION_REFUSED @ http://localhost:18501/_stcore/host-config:0
[16459269ms] [ERROR] Failed to load resource: net::ERR_CONNECTION_REFUSED @ http://localhost:18501/_stcore/health:0
[16459269ms] [ERROR] Client Error in reaching server endpoint - No response received when attempting to reach /_stcore/health @ http://localhost:18501/static/js/index.k-9rUdPI.js:19
[16459269ms] [ERROR] Is Streamlit still running? If you accidentally stopped Streamlit, just restart it in your terminal: @ http://localhost:18501/static/js/index.k-9rUdPI.js:24
[16459270ms] [ERROR] Failed to load resource: net::ERR_CONNECTION_REFUSED @ http://localhost:18501/_stcore/host-config:0
[16463652ms] [ERROR] Failed to load resource: net::ERR_CONNECTION_REFUSED @ http://localhost:18501/_stcore/health:0
[16463652ms] [ERROR] Client Error in reaching server endpoint - No response received when attempting to reach /_stcore/health @ http://localhost:18501/static/js/index.k-9rUdPI.js:19
[16463652ms] [ERROR] Is Streamlit still running? If you accidentally stopped Streamlit, just restart it in your terminal: @ http://localhost:18501/static/js/index.k-9rUdPI.js:24
[16463652ms] [ERROR] Failed to load resource: net::ERR_CONNECTION_REFUSED @ http://localhost:18501/_stcore/host-config:0
[16468010ms] [ERROR] Failed to load resource: net::ERR_CONNECTION_REFUSED @ http://localhost:18501/_stcore/health:0
[16468010ms] [ERROR] Client Error in reaching server endpoint - No response received when attempting to reach /_stcore/health @ http://localhost:18501/static/js/index.k-9rUdPI.js:19
[16468010ms] [ERROR] Is Streamlit still running? If you accidentally stopped Streamlit, just restart it in your terminal: @ http://localhost:18501/static/js/index.k-9rUdPI.js:24
[16468010ms] [ERROR] Failed to load resource: net::ERR_CONNECTION_REFUSED @ http://localhost:18501/_stcore/host-config:0
[16472387ms] [ERROR] Failed to load resource: net::ERR_CONNECTION_REFUSED @ http://localhost:18501/_stcore/health:0
[16472388ms] [ERROR] Client Error in reaching server endpoint - No response received when attempting to reach /_stcore/health @ http://localhost:18501/static/js/index.k-9rUdPI.js:19
[16472388ms] [ERROR] Is Streamlit still running? If you accidentally stopped Streamlit, just restart it in your terminal: @ http://localhost:18501/static/js/index.k-9rUdPI.js:24
[16472388ms] [ERROR] Failed to load resource: net::ERR_CONNECTION_REFUSED @ http://localhost:18501/_stcore/host-config:0
[16476773ms] [ERROR] Failed to load resource: net::ERR_CONNECTION_REFUSED @ http://localhost:18501/_stcore/health:0
[16476773ms] [ERROR] Client Error in reaching server endpoint - No response received when attempting to reach /_stcore/health @ http://localhost:18501/static/js/index.k-9rUdPI.js:19
[16476773ms] [ERROR] Is Streamlit still running? If you accidentally stopped Streamlit, just restart it in your terminal: @ http://localhost:18501/static/js/index.k-9rUdPI.js:24
[16476777ms] [ERROR] Failed to load resource: net::ERR_CONNECTION_REFUSED @ http://localhost:18501/_stcore/host-config:0
[16481155ms] [ERROR] Failed to load resource: net::ERR_CONNECTION_REFUSED @ http://localhost:18501/_stcore/health:0
[16481155ms] [ERROR] Client Error in reaching server endpoint - No response received when attempting to reach /_stcore/health @ http://localhost:18501/static/js/index.k-9rUdPI.js:19
[16481156ms] [ERROR] Is Streamlit still running? If you accidentally stopped Streamlit, just restart it in your terminal: @ http://localhost:18501/static/js/index.k-9rUdPI.js:24
[16481159ms] [ERROR] Failed to load resource: net::ERR_CONNECTION_REFUSED @ http://localhost:18501/_stcore/host-config:0
[16485543ms] [ERROR] Failed to load resource: net::ERR_CONNECTION_REFUSED @ http://localhost:18501/_stcore/health:0
[16485544ms] [ERROR] Client Error in reaching server endpoint - No response received when attempting to reach /_stcore/health @ http://localhost:18501/static/js/index.k-9rUdPI.js:19
[16485548ms] [ERROR] Is Streamlit still running? If you accidentally stopped Streamlit, just restart it in your terminal: @ http://localhost:18501/static/js/index.k-9rUdPI.js:24
[16485656ms] [ERROR] Failed to load resource: net::ERR_CONNECTION_REFUSED @ http://localhost:18501/_stcore/host-config:0
[16489927ms] [ERROR] Failed to load resource: net::ERR_CONNECTION_REFUSED @ http://localhost:18501/_stcore/health:0
[16489928ms] [ERROR] Client Error in reaching server endpoint - No response received when attempting to reach /_stcore/health @ http://localhost:18501/static/js/index.k-9rUdPI.js:19
[16489928ms] [ERROR] Is Streamlit still running? If you accidentally stopped Streamlit, just restart it in your terminal: @ http://localhost:18501/static/js/index.k-9rUdPI.js:24
[16489928ms] [ERROR] Failed to load resource: net::ERR_CONNECTION_REFUSED @ http://localhost:18501/_stcore/host-config:0
[16494313ms] [ERROR] Failed to load resource: net::ERR_CONNECTION_REFUSED @ http://localhost:18501/_stcore/health:0
[16494313ms] [ERROR] Client Error in reaching server endpoint - No response received when attempting to reach /_stcore/health @ http://localhost:18501/static/js/index.k-9rUdPI.js:19
[16494313ms] [ERROR] Is Streamlit still running? If you accidentally stopped Streamlit, just restart it in your terminal: @ http://localhost:18501/static/js/index.k-9rUdPI.js:24
[16494314ms] [ERROR] Failed to load resource: net::ERR_CONNECTION_REFUSED @ http://localhost:18501/_stcore/host-config:0
[16498719ms] [ERROR] Failed to load resource: net::ERR_CONNECTION_REFUSED @ http://localhost:18501/_stcore/health:0
[16498719ms] [ERROR] Client Error in reaching server endpoint - No response received when attempting to reach /_stcore/health @ http://localhost:18501/static/js/index.k-9rUdPI.js:19
[16498719ms] [ERROR] Is Streamlit still running? If you accidentally stopped Streamlit, just restart it in your terminal: @ http://localhost:18501/static/js/index.k-9rUdPI.js:24
[16498789ms] [ERROR] Failed to load resource: net::ERR_CONNECTION_REFUSED @ http://localhost:18501/_stcore/host-config:0
[16503104ms] [ERROR] Failed to load resource: net::ERR_CONNECTION_REFUSED @ http://localhost:18501/_stcore/health:0
[16503105ms] [ERROR] Client Error in reaching server endpoint - No response received when attempting to reach /_stcore/health @ http://localhost:18501/static/js/index.k-9rUdPI.js:19
[16503106ms] [ERROR] Is Streamlit still running? If you accidentally stopped Streamlit, just restart it in your terminal: @ http://localhost:18501/static/js/index.k-9rUdPI.js:24
[16503106ms] [ERROR] Failed to load resource: net::ERR_CONNECTION_REFUSED @ http://localhost:18501/_stcore/host-config:0
[16507482ms] [ERROR] Failed to load resource: net::ERR_CONNECTION_REFUSED @ http://localhost:18501/_stcore/health:0
[16507483ms] [ERROR] Client Error in reaching server endpoint - No response received when attempting to reach /_stcore/health @ http://localhost:18501/static/js/index.k-9rUdPI.js:19
[16507483ms] [ERROR] Is Streamlit still running? If you accidentally stopped Streamlit, just restart it in your terminal: @ http://localhost:18501/static/js/index.k-9rUdPI.js:24
[16507483ms] [ERROR] Failed to load resource: net::ERR_CONNECTION_REFUSED @ http://localhost:18501/_stcore/host-config:0
[16511862ms] [ERROR] Failed to load resource: net::ERR_CONNECTION_REFUSED @ http://localhost:18501/_stcore/health:0
[16511862ms] [ERROR] Client Error in reaching server endpoint - No response received when attempting to reach /_stcore/health @ http://localhost:18501/static/js/index.k-9rUdPI.js:19
[16511862ms] [ERROR] Is Streamlit still running? If you accidentally stopped Streamlit, just restart it in your terminal: @ http://localhost:18501/static/js/index.k-9rUdPI.js:24
[16511862ms] [ERROR] Failed to load resource: net::ERR_CONNECTION_REFUSED @ http://localhost:18501/_stcore/host-config:0
[16516218ms] [ERROR] Failed to load resource: net::ERR_CONNECTION_REFUSED @ http://localhost:18501/_stcore/health:0
[16516218ms] [ERROR] Client Error in reaching server endpoint - No response received when attempting to reach /_stcore/health @ http://localhost:18501/static/js/index.k-9rUdPI.js:19
[16516218ms] [ERROR] Is Streamlit still running? If you accidentally stopped Streamlit, just restart it in your terminal: @ http://localhost:18501/static/js/index.k-9rUdPI.js:24
[16516324ms] [ERROR] Failed to load resource: net::ERR_CONNECTION_REFUSED @ http://localhost:18501/_stcore/host-config:0
[16520609ms] [ERROR] Failed to load resource: net::ERR_CONNECTION_REFUSED @ http://localhost:18501/_stcore/health:0
[16520610ms] [ERROR] Client Error in reaching server endpoint - No response received when attempting to reach /_stcore/health @ http://localhost:18501/static/js/index.k-9rUdPI.js:19
[16520611ms] [ERROR] Is Streamlit still running? If you accidentally stopped Streamlit, just restart it in your terminal: @ http://localhost:18501/static/js/index.k-9rUdPI.js:24
[16520613ms] [ERROR] Failed to load resource: net::ERR_CONNECTION_REFUSED @ http://localhost:18501/_stcore/host-config:0
[16524987ms] [ERROR] Failed to load resource: net::ERR_CONNECTION_REFUSED @ http://localhost:18501/_stcore/health:0
[16524988ms] [ERROR] Client Error in reaching server endpoint - No response received when attempting to reach /_stcore/health @ http://localhost:18501/static/js/index.k-9rUdPI.js:19
[16524988ms] [ERROR] Is Streamlit still running? If you accidentally stopped Streamlit, just restart it in your terminal: @ http://localhost:18501/static/js/index.k-9rUdPI.js:24
[16524988ms] [ERROR] Failed to load resource: net::ERR_CONNECTION_REFUSED @ http://localhost:18501/_stcore/host-config:0
[16529369ms] [ERROR] Failed to load resource: net::ERR_CONNECTION_REFUSED @ http://localhost:18501/_stcore/health:0
[16529369ms] [ERROR] Client Error in reaching server endpoint - No response received when attempting to reach /_stcore/health @ http://localhost:18501/static/js/index.k-9rUdPI.js:19
[16529369ms] [ERROR] Is Streamlit still running? If you accidentally stopped Streamlit, just restart it in your terminal: @ http://localhost:18501/static/js/index.k-9rUdPI.js:24
[16529370ms] [ERROR] Failed to load resource: net::ERR_CONNECTION_REFUSED @ http://localhost:18501/_stcore/host-config:0
[16533784ms] [ERROR] Failed to load resource: net::ERR_CONNECTION_REFUSED @ http://localhost:18501/_stcore/health:0
[16533785ms] [ERROR] Client Error in reaching server endpoint - No response received when attempting to reach /_stcore/health @ http://localhost:18501/static/js/index.k-9rUdPI.js:19
[16533785ms] [ERROR] Is Streamlit still running? If you accidentally stopped Streamlit, just restart it in your terminal: @ http://localhost:18501/static/js/index.k-9rUdPI.js:24
[16533785ms] [ERROR] Failed to load resource: net::ERR_CONNECTION_REFUSED @ http://localhost:18501/_stcore/host-config:0
[16538173ms] [ERROR] Failed to load resource: net::ERR_CONNECTION_REFUSED @ http://localhost:18501/_stcore/health:0
[16538173ms] [ERROR] Client Error in reaching server endpoint - No response received when attempting to reach /_stcore/health @ http://localhost:18501/static/js/index.k-9rUdPI.js:19
[16538173ms] [ERROR] Is Streamlit still running? If you accidentally stopped Streamlit, just restart it in your terminal: @ http://localhost:18501/static/js/index.k-9rUdPI.js:24
[16538174ms] [ERROR] Failed to load resource: net::ERR_CONNECTION_REFUSED @ http://localhost:18501/_stcore/host-config:0
[16542555ms] [ERROR] Failed to load resource: net::ERR_CONNECTION_REFUSED @ http://localhost:18501/_stcore/health:0
[16542555ms] [ERROR] Client Error in reaching server endpoint - No response received when attempting to reach /_stcore/health @ http://localhost:18501/static/js/index.k-9rUdPI.js:19
[16542555ms] [ERROR] Is Streamlit still running? If you accidentally stopped Streamlit, just restart it in your terminal: @ http://localhost:18501/static/js/index.k-9rUdPI.js:24
[16542556ms] [ERROR] Failed to load resource: net::ERR_CONNECTION_REFUSED @ http://localhost:18501/_stcore/host-config:0
[16546968ms] [ERROR] Failed to load resource: net::ERR_CONNECTION_REFUSED @ http://localhost:18501/_stcore/health:0
[16546968ms] [ERROR] Client Error in reaching server endpoint - No response received when attempting to reach /_stcore/health @ http://localhost:18501/static/js/index.k-9rUdPI.js:19
[16546968ms] [ERROR] Is Streamlit still running? If you accidentally stopped Streamlit, just restart it in your terminal: @ http://localhost:18501/static/js/index.k-9rUdPI.js:24
[16546969ms] [ERROR] Failed to load resource: net::ERR_CONNECTION_REFUSED @ http://localhost:18501/_stcore/host-config:0
[16551392ms] [ERROR] Failed to load resource: net::ERR_CONNECTION_REFUSED @ http://localhost:18501/_stcore/health:0
[16551392ms] [ERROR] Client Error in reaching server endpoint - No response received when attempting to reach /_stcore/health @ http://localhost:18501/static/js/index.k-9rUdPI.js:19
[16551393ms] [ERROR] Is Streamlit still running? If you accidentally stopped Streamlit, just restart it in your terminal: @ http://localhost:18501/static/js/index.k-9rUdPI.js:24
[16551397ms] [ERROR] Failed to load resource: net::ERR_CONNECTION_REFUSED @ http://localhost:18501/_stcore/host-config:0
[16555783ms] [ERROR] Failed to load resource: net::ERR_CONNECTION_REFUSED @ http://localhost:18501/_stcore/health:0
[16555783ms] [ERROR] Client Error in reaching server endpoint - No response received when attempting to reach /_stcore/health @ http://localhost:18501/static/js/index.k-9rUdPI.js:19
[16555784ms] [ERROR] Is Streamlit still running? If you accidentally stopped Streamlit, just restart it in your terminal: @ http://localhost:18501/static/js/index.k-9rUdPI.js:24
[16555784ms] [ERROR] Failed to load resource: net::ERR_CONNECTION_REFUSED @ http://localhost:18501/_stcore/host-config:0
[16560249ms] [ERROR] Failed to load resource: net::ERR_CONNECTION_REFUSED @ http://localhost:18501/_stcore/health:0
[16560249ms] [ERROR] Client Error in reaching server endpoint - No response received when attempting to reach /_stcore/health @ http://localhost:18501/static/js/index.k-9rUdPI.js:19
[16560250ms] [ERROR] Is Streamlit still running? If you accidentally stopped Streamlit, just restart it in your terminal: @ http://localhost:18501/static/js/index.k-9rUdPI.js:24
[16560250ms] [ERROR] Failed to load resource: net::ERR_CONNECTION_REFUSED @ http://localhost:18501/_stcore/host-config:0
[16564627ms] [ERROR] Failed to load resource: net::ERR_CONNECTION_REFUSED @ http://localhost:18501/_stcore/health:0
[16564630ms] [ERROR] Client Error in reaching server endpoint - No response received when attempting to reach /_stcore/health @ http://localhost:18501/static/js/index.k-9rUdPI.js:19
[16564631ms] [ERROR] Is Streamlit still running? If you accidentally stopped Streamlit, just restart it in your terminal: @ http://localhost:18501/static/js/index.k-9rUdPI.js:24
[16564821ms] [ERROR] Failed to load resource: net::ERR_CONNECTION_REFUSED @ http://localhost:18501/_stcore/host-config:0
[16569068ms] [ERROR] Failed to load resource: net::ERR_CONNECTION_REFUSED @ http://localhost:18501/_stcore/health:0
[16569068ms] [ERROR] Client Error in reaching server endpoint - No response received when attempting to reach /_stcore/health @ http://localhost:18501/static/js/index.k-9rUdPI.js:19
[16569068ms] [ERROR] Is Streamlit still running? If you accidentally stopped Streamlit, just restart it in your terminal: @ http://localhost:18501/static/js/index.k-9rUdPI.js:24
[16569069ms] [ERROR] Failed to load resource: net::ERR_CONNECTION_REFUSED @ http://localhost:18501/_stcore/host-config:0
[16573571ms] [ERROR] Failed to load resource: net::ERR_CONNECTION_REFUSED @ http://localhost:18501/_stcore/health:0
[16573571ms] [ERROR] Client Error in reaching server endpoint - No response received when attempting to reach /_stcore/health @ http://localhost:18501/static/js/index.k-9rUdPI.js:19
[16573573ms] [ERROR] Is Streamlit still running? If you accidentally stopped Streamlit, just restart it in your terminal: @ http://localhost:18501/static/js/index.k-9rUdPI.js:24
[16573574ms] [ERROR] Failed to load resource: net::ERR_CONNECTION_REFUSED @ http://localhost:18501/_stcore/host-config:0
[16578026ms] [ERROR] Failed to load resource: net::ERR_CONNECTION_REFUSED @ http://localhost:18501/_stcore/health:0
[16578026ms] [ERROR] Client Error in reaching server endpoint - No response received when attempting to reach /_stcore/health @ http://localhost:18501/static/js/index.k-9rUdPI.js:19
[16578026ms] [ERROR] Is Streamlit still running? If you accidentally stopped Streamlit, just restart it in your terminal: @ http://localhost:18501/static/js/index.k-9rUdPI.js:24
[16578188ms] [ERROR] Failed to load resource: net::ERR_CONNECTION_REFUSED @ http://localhost:18501/_stcore/host-config:0
[16582453ms] [ERROR] Failed to load resource: net::ERR_CONNECTION_REFUSED @ http://localhost:18501/_stcore/health:0
[16582453ms] [ERROR] Client Error in reaching server endpoint - No response received when attempting to reach /_stcore/health @ http://localhost:18501/static/js/index.k-9rUdPI.js:19
[16582454ms] [ERROR] Is Streamlit still running? If you accidentally stopped Streamlit, just restart it in your terminal: @ http://localhost:18501/static/js/index.k-9rUdPI.js:24
[16582457ms] [ERROR] Failed to load resource: net::ERR_CONNECTION_REFUSED @ http://localhost:18501/_stcore/host-config:0
[16586847ms] [ERROR] Failed to load resource: net::ERR_CONNECTION_REFUSED @ http://localhost:18501/_stcore/health:0
[16586847ms] [ERROR] Client Error in reaching server endpoint - No response received when attempting to reach /_stcore/health @ http://localhost:18501/static/js/index.k-9rUdPI.js:19
[16586847ms] [ERROR] Is Streamlit still running? If you accidentally stopped Streamlit, just restart it in your terminal: @ http://localhost:18501/static/js/index.k-9rUdPI.js:24
[16587003ms] [ERROR] Failed to load resource: net::ERR_CONNECTION_REFUSED @ http://localhost:18501/_stcore/host-config:0
[16591226ms] [ERROR] Failed to load resource: net::ERR_CONNECTION_REFUSED @ http://localhost:18501/_stcore/health:0
[16591226ms] [ERROR] Client Error in reaching server endpoint - No response received when attempting to reach /_stcore/health @ http://localhost:18501/static/js/index.k-9rUdPI.js:19
[16591228ms] [ERROR] Is Streamlit still running? If you accidentally stopped Streamlit, just restart it in your terminal: @ http://localhost:18501/static/js/index.k-9rUdPI.js:24
[16591314ms] [ERROR] Failed to load resource: net::ERR_CONNECTION_REFUSED @ http://localhost:18501/_stcore/host-config:0
[16595604ms] [ERROR] Failed to load resource: net::ERR_CONNECTION_REFUSED @ http://localhost:18501/_stcore/health:0
[16595604ms] [ERROR] Client Error in reaching server endpoint - No response received when attempting to reach /_stcore/health @ http://localhost:18501/static/js/index.k-9rUdPI.js:19
[16595604ms] [ERROR] Is Streamlit still running? If you accidentally stopped Streamlit, just restart it in your terminal: @ http://localhost:18501/static/js/index.k-9rUdPI.js:24
[16595724ms] [ERROR] Failed to load resource: net::ERR_CONNECTION_REFUSED @ http://localhost:18501/_stcore/host-config:0
[16600025ms] [ERROR] Failed to load resource: net::ERR_CONNECTION_REFUSED @ http://localhost:18501/_stcore/health:0
[16600027ms] [ERROR] Client Error in reaching server endpoint - No response received when attempting to reach /_stcore/health @ http://localhost:18501/static/js/index.k-9rUdPI.js:19
[16600027ms] [ERROR] Is Streamlit still running? If you accidentally stopped Streamlit, just restart it in your terminal: @ http://localhost:18501/static/js/index.k-9rUdPI.js:24
[16600027ms] [ERROR] Failed to load resource: net::ERR_CONNECTION_REFUSED @ http://localhost:18501/_stcore/host-config:0
[16604426ms] [ERROR] Failed to load resource: net::ERR_CONNECTION_REFUSED @ http://localhost:18501/_stcore/health:0
[16604426ms] [ERROR] Client Error in reaching server endpoint - No response received when attempting to reach /_stcore/health @ http://localhost:18501/static/js/index.k-9rUdPI.js:19
[16604426ms] [ERROR] Is Streamlit still running? If you accidentally stopped Streamlit, just restart it in your terminal: @ http://localhost:18501/static/js/index.k-9rUdPI.js:24
[16604454ms] [ERROR] Failed to load resource: net::ERR_CONNECTION_REFUSED @ http://localhost:18501/_stcore/host-config:0
[16608790ms] [ERROR] Failed to load resource: net::ERR_CONNECTION_REFUSED @ http://localhost:18501/_stcore/health:0
[16608790ms] [ERROR] Client Error in reaching server endpoint - No response received when attempting to reach /_stcore/health @ http://localhost:18501/static/js/index.k-9rUdPI.js:19
[16608791ms] [ERROR] Is Streamlit still running? If you accidentally stopped Streamlit, just restart it in your terminal: @ http://localhost:18501/static/js/index.k-9rUdPI.js:24
[16608791ms] [ERROR] Failed to load resource: net::ERR_CONNECTION_REFUSED @ http://localhost:18501/_stcore/host-config:0
[16613172ms] [ERROR] Failed to load resource: net::ERR_CONNECTION_REFUSED @ http://localhost:18501/_stcore/health:0
[16613172ms] [ERROR] Client Error in reaching server endpoint - No response received when attempting to reach /_stcore/health @ http://localhost:18501/static/js/index.k-9rUdPI.js:19
[16613172ms] [ERROR] Is Streamlit still running? If you accidentally stopped Streamlit, just restart it in your terminal: @ http://localhost:18501/static/js/index.k-9rUdPI.js:24
[16613278ms] [ERROR] Failed to load resource: net::ERR_CONNECTION_REFUSED @ http://localhost:18501/_stcore/host-config:0
[16617550ms] [ERROR] Failed to load resource: net::ERR_CONNECTION_REFUSED @ http://localhost:18501/_stcore/health:0
[16617551ms] [ERROR] Client Error in reaching server endpoint - No response received when attempting to reach /_stcore/health @ http://localhost:18501/static/js/index.k-9rUdPI.js:19
[16617551ms] [ERROR] Is Streamlit still running? If you accidentally stopped Streamlit, just restart it in your terminal: @ http://localhost:18501/static/js/index.k-9rUdPI.js:24
[16617551ms] [ERROR] Failed to load resource: net::ERR_CONNECTION_REFUSED @ http://localhost:18501/_stcore/host-config:0
[16621920ms] [ERROR] Failed to load resource: net::ERR_CONNECTION_REFUSED @ http://localhost:18501/_stcore/health:0
[16621922ms] [ERROR] Client Error in reaching server endpoint - No response received when attempting to reach /_stcore/health @ http://localhost:18501/static/js/index.k-9rUdPI.js:19
[16621922ms] [ERROR] Is Streamlit still running? If you accidentally stopped Streamlit, just restart it in your terminal: @ http://localhost:18501/static/js/index.k-9rUdPI.js:24
[16621926ms] [ERROR] Failed to load resource: net::ERR_CONNECTION_REFUSED @ http://localhost:18501/_stcore/host-config:0
[16626332ms] [ERROR] Failed to load resource: net::ERR_CONNECTION_REFUSED @ http://localhost:18501/_stcore/health:0
[16626332ms] [ERROR] Client Error in reaching server endpoint - No response received when attempting to reach /_stcore/health @ http://localhost:18501/static/js/index.k-9rUdPI.js:19
[16626332ms] [ERROR] Is Streamlit still running? If you accidentally stopped Streamlit, just restart it in your terminal: @ http://localhost:18501/static/js/index.k-9rUdPI.js:24
[16626332ms] [ERROR] Failed to load resource: net::ERR_CONNECTION_REFUSED @ http://localhost:18501/_stcore/host-config:0
[16630730ms] [ERROR] Failed to load resource: net::ERR_CONNECTION_REFUSED @ http://localhost:18501/_stcore/health:0
[16630735ms] [ERROR] Client Error in reaching server endpoint - No response received when attempting to reach /_stcore/health @ http://localhost:18501/static/js/index.k-9rUdPI.js:19
[16630735ms] [ERROR] Is Streamlit still running? If you accidentally stopped Streamlit, just restart it in your terminal: @ http://localhost:18501/static/js/index.k-9rUdPI.js:24
[16630736ms] [ERROR] Failed to load resource: net::ERR_CONNECTION_REFUSED @ http://localhost:18501/_stcore/host-config:0
[16635131ms] [ERROR] Failed to load resource: net::ERR_CONNECTION_REFUSED @ http://localhost:18501/_stcore/health:0
[16635132ms] [ERROR] Client Error in reaching server endpoint - No response received when attempting to reach /_stcore/health @ http://localhost:18501/static/js/index.k-9rUdPI.js:19
[16635133ms] [ERROR] Is Streamlit still running? If you accidentally stopped Streamlit, just restart it in your terminal: @ http://localhost:18501/static/js/index.k-9rUdPI.js:24
[16635321ms] [ERROR] Failed to load resource: net::ERR_CONNECTION_REFUSED @ http://localhost:18501/_stcore/host-config:0
[16639580ms] [ERROR] Failed to load resource: net::ERR_CONNECTION_REFUSED @ http://localhost:18501/_stcore/health:0
[16639580ms] [ERROR] Client Error in reaching server endpoint - No response received when attempting to reach /_stcore/health @ http://localhost:18501/static/js/index.k-9rUdPI.js:19
[16639583ms] [ERROR] Is Streamlit still running? If you accidentally stopped Streamlit, just restart it in your terminal: @ http://localhost:18501/static/js/index.k-9rUdPI.js:24
[16639583ms] [ERROR] Failed to load resource: net::ERR_CONNECTION_REFUSED @ http://localhost:18501/_stcore/host-config:0
[16643945ms] [ERROR] Failed to load resource: net::ERR_CONNECTION_REFUSED @ http://localhost:18501/_stcore/health:0
[16643946ms] [ERROR] Client Error in reaching server endpoint - No response received when attempting to reach /_stcore/health @ http://localhost:18501/static/js/index.k-9rUdPI.js:19
[16643947ms] [ERROR] Is Streamlit still running? If you accidentally stopped Streamlit, just restart it in your terminal: @ http://localhost:18501/static/js/index.k-9rUdPI.js:24
[16643998ms] [ERROR] Failed to load resource: net::ERR_CONNECTION_REFUSED @ http://localhost:18501/_stcore/host-config:0
[16648366ms] [ERROR] Failed to load resource: net::ERR_CONNECTION_REFUSED @ http://localhost:18501/_stcore/health:0
[16648366ms] [ERROR] Client Error in reaching server endpoint - No response received when attempting to reach /_stcore/health @ http://localhost:18501/static/js/index.k-9rUdPI.js:19
[16648366ms] [ERROR] Is Streamlit still running? If you accidentally stopped Streamlit, just restart it in your terminal: @ http://localhost:18501/static/js/index.k-9rUdPI.js:24
[16648366ms] [ERROR] Failed to load resource: net::ERR_CONNECTION_REFUSED @ http://localhost:18501/_stcore/host-config:0
[16652746ms] [ERROR] Failed to load resource: net::ERR_CONNECTION_REFUSED @ http://localhost:18501/_stcore/health:0
[16652746ms] [ERROR] Client Error in reaching server endpoint - No response received when attempting to reach /_stcore/health @ http://localhost:18501/static/js/index.k-9rUdPI.js:19
[16652746ms] [ERROR] Is Streamlit still running? If you accidentally stopped Streamlit, just restart it in your terminal: @ http://localhost:18501/static/js/index.k-9rUdPI.js:24
[16652746ms] [ERROR] Failed to load resource: net::ERR_CONNECTION_REFUSED @ http://localhost:18501/_stcore/host-config:0
[16657105ms] [ERROR] Failed to load resource: net::ERR_CONNECTION_REFUSED @ http://localhost:18501/_stcore/health:0
[16657105ms] [ERROR] Client Error in reaching server endpoint - No response received when attempting to reach /_stcore/health @ http://localhost:18501/static/js/index.k-9rUdPI.js:19
[16657105ms] [ERROR] Is Streamlit still running? If you accidentally stopped Streamlit, just restart it in your terminal: @ http://localhost:18501/static/js/index.k-9rUdPI.js:24
[16657105ms] [ERROR] Failed to load resource: net::ERR_CONNECTION_REFUSED @ http://localhost:18501/_stcore/host-config:0
[16661505ms] [ERROR] Failed to load resource: net::ERR_CONNECTION_REFUSED @ http://localhost:18501/_stcore/health:0
[16661505ms] [ERROR] Client Error in reaching server endpoint - No response received when attempting to reach /_stcore/health @ http://localhost:18501/static/js/index.k-9rUdPI.js:19
[16661505ms] [ERROR] Is Streamlit still running? If you accidentally stopped Streamlit, just restart it in your terminal: @ http://localhost:18501/static/js/index.k-9rUdPI.js:24
[16661505ms] [ERROR] Failed to load resource: net::ERR_CONNECTION_REFUSED @ http://localhost:18501/_stcore/host-config:0
[16665906ms] [ERROR] Failed to load resource: net::ERR_CONNECTION_REFUSED @ http://localhost:18501/_stcore/health:0
[16665906ms] [ERROR] Client Error in reaching server endpoint - No response received when attempting to reach /_stcore/health @ http://localhost:18501/static/js/index.k-9rUdPI.js:19
[16665907ms] [ERROR] Is Streamlit still running? If you accidentally stopped Streamlit, just restart it in your terminal: @ http://localhost:18501/static/js/index.k-9rUdPI.js:24
[16666035ms] [ERROR] Failed to load resource: net::ERR_CONNECTION_REFUSED @ http://localhost:18501/_stcore/host-config:0
[16670286ms] [ERROR] Failed to load resource: net::ERR_CONNECTION_REFUSED @ http://localhost:18501/_stcore/health:0
[16670286ms] [ERROR] Client Error in reaching server endpoint - No response received when attempting to reach /_stcore/health @ http://localhost:18501/static/js/index.k-9rUdPI.js:19
[16670286ms] [ERROR] Is Streamlit still running? If you accidentally stopped Streamlit, just restart it in your terminal: @ http://localhost:18501/static/js/index.k-9rUdPI.js:24
[16670503ms] [ERROR] Failed to load resource: net::ERR_CONNECTION_REFUSED @ http://localhost:18501/_stcore/host-config:0
[16674821ms] [ERROR] Failed to load resource: net::ERR_CONNECTION_REFUSED @ http://localhost:18501/_stcore/health:0
[16674821ms] [ERROR] Client Error in reaching server endpoint - No response received when attempting to reach /_stcore/health @ http://localhost:18501/static/js/index.k-9rUdPI.js:19
[16674821ms] [ERROR] Is Streamlit still running? If you accidentally stopped Streamlit, just restart it in your terminal: @ http://localhost:18501/static/js/index.k-9rUdPI.js:24
[16674823ms] [ERROR] Failed to load resource: net::ERR_CONNECTION_REFUSED @ http://localhost:18501/_stcore/host-config:0
[16679210ms] [ERROR] Failed to load resource: net::ERR_CONNECTION_REFUSED @ http://localhost:18501/_stcore/health:0
[16679211ms] [ERROR] Client Error in reaching server endpoint - No response received when attempting to reach /_stcore/health @ http://localhost:18501/static/js/index.k-9rUdPI.js:19
[16679211ms] [ERROR] Is Streamlit still running? If you accidentally stopped Streamlit, just restart it in your terminal: @ http://localhost:18501/static/js/index.k-9rUdPI.js:24
[16679291ms] [ERROR] Failed to load resource: net::ERR_CONNECTION_REFUSED @ http://localhost:18501/_stcore/host-config:0
[16683607ms] [ERROR] Failed to load resource: net::ERR_CONNECTION_REFUSED @ http://localhost:18501/_stcore/health:0
[16683615ms] [ERROR] Client Error in reaching server endpoint - No response received when attempting to reach /_stcore/health @ http://localhost:18501/static/js/index.k-9rUdPI.js:19
[16683615ms] [ERROR] Is Streamlit still running? If you accidentally stopped Streamlit, just restart it in your terminal: @ http://localhost:18501/static/js/index.k-9rUdPI.js:24
[16683615ms] [ERROR] Failed to load resource: net::ERR_CONNECTION_REFUSED @ http://localhost:18501/_stcore/host-config:0
[16688302ms] [ERROR] Failed to load resource: net::ERR_CONNECTION_REFUSED @ http://localhost:18501/_stcore/health:0
[16688305ms] [ERROR] Client Error in reaching server endpoint - No response received when attempting to reach /_stcore/health @ http://localhost:18501/static/js/index.k-9rUdPI.js:19
[16688305ms] [ERROR] Is Streamlit still running? If you accidentally stopped Streamlit, just restart it in your terminal: @ http://localhost:18501/static/js/index.k-9rUdPI.js:24
[16688457ms] [ERROR] Failed to load resource: net::ERR_CONNECTION_REFUSED @ http://localhost:18501/_stcore/host-config:0
[16692720ms] [ERROR] Failed to load resource: net::ERR_CONNECTION_REFUSED @ http://localhost:18501/_stcore/health:0
[16692720ms] [ERROR] Client Error in reaching server endpoint - No response received when attempting to reach /_stcore/health @ http://localhost:18501/static/js/index.k-9rUdPI.js:19
[16692721ms] [ERROR] Is Streamlit still running? If you accidentally stopped Streamlit, just restart it in your terminal: @ http://localhost:18501/static/js/index.k-9rUdPI.js:24
[16692877ms] [ERROR] Failed to load resource: net::ERR_CONNECTION_REFUSED @ http://localhost:18501/_stcore/host-config:0
[16697108ms] [ERROR] Failed to load resource: net::ERR_CONNECTION_REFUSED @ http://localhost:18501/_stcore/health:0
[16697109ms] [ERROR] Client Error in reaching server endpoint - No response received when attempting to reach /_stcore/health @ http://localhost:18501/static/js/index.k-9rUdPI.js:19
[16697109ms] [ERROR] Is Streamlit still running? If you accidentally stopped Streamlit, just restart it in your terminal: @ http://localhost:18501/static/js/index.k-9rUdPI.js:24
[16697277ms] [ERROR] Failed to load resource: net::ERR_CONNECTION_REFUSED @ http://localhost:18501/_stcore/host-config:0
[16701487ms] [ERROR] Failed to load resource: net::ERR_CONNECTION_REFUSED @ http://localhost:18501/_stcore/health:0
[16701487ms] [ERROR] Client Error in reaching server endpoint - No response received when attempting to reach /_stcore/health @ http://localhost:18501/static/js/index.k-9rUdPI.js:19
[16701487ms] [ERROR] Is Streamlit still running? If you accidentally stopped Streamlit, just restart it in your terminal: @ http://localhost:18501/static/js/index.k-9rUdPI.js:24
[16701487ms] [ERROR] Failed to load resource: net::ERR_CONNECTION_REFUSED @ http://localhost:18501/_stcore/host-config:0
[16705871ms] [ERROR] Failed to load resource: net::ERR_CONNECTION_REFUSED @ http://localhost:18501/_stcore/health:0
[16705874ms] [ERROR] Client Error in reaching server endpoint - No response received when attempting to reach /_stcore/health @ http://localhost:18501/static/js/index.k-9rUdPI.js:19
[16705874ms] [ERROR] Is Streamlit still running? If you accidentally stopped Streamlit, just restart it in your terminal: @ http://localhost:18501/static/js/index.k-9rUdPI.js:24
[16705874ms] [ERROR] Failed to load resource: net::ERR_CONNECTION_REFUSED @ http://localhost:18501/_stcore/host-config:0
[16710254ms] [ERROR] Failed to load resource: net::ERR_CONNECTION_REFUSED @ http://localhost:18501/_stcore/health:0
[16710254ms] [ERROR] Client Error in reaching server endpoint - No response received when attempting to reach /_stcore/health @ http://localhost:18501/static/js/index.k-9rUdPI.js:19
[16710254ms] [ERROR] Is Streamlit still running? If you accidentally stopped Streamlit, just restart it in your terminal: @ http://localhost:18501/static/js/index.k-9rUdPI.js:24
[16710255ms] [ERROR] Failed to load resource: net::ERR_CONNECTION_REFUSED @ http://localhost:18501/_stcore/host-config:0
[16714616ms] [ERROR] Failed to load resource: net::ERR_CONNECTION_REFUSED @ http://localhost:18501/_stcore/health:0
[16714616ms] [ERROR] Client Error in reaching server endpoint - No response received when attempting to reach /_stcore/health @ http://localhost:18501/static/js/index.k-9rUdPI.js:19
[16714616ms] [ERROR] Is Streamlit still running? If you accidentally stopped Streamlit, just restart it in your terminal: @ http://localhost:18501/static/js/index.k-9rUdPI.js:24
[16714786ms] [ERROR] Failed to load resource: net::ERR_CONNECTION_REFUSED @ http://localhost:18501/_stcore/host-config:0
[16718983ms] [ERROR] Failed to load resource: net::ERR_CONNECTION_REFUSED @ http://localhost:18501/_stcore/health:0
[16718983ms] [ERROR] Client Error in reaching server endpoint - No response received when attempting to reach /_stcore/health @ http://localhost:18501/static/js/index.k-9rUdPI.js:19
[16718983ms] [ERROR] Is Streamlit still running? If you accidentally stopped Streamlit, just restart it in your terminal: @ http://localhost:18501/static/js/index.k-9rUdPI.js:24
[16719158ms] [ERROR] Failed to load resource: net::ERR_CONNECTION_REFUSED @ http://localhost:18501/_stcore/host-config:0
[16723347ms] [ERROR] Failed to load resource: net::ERR_CONNECTION_REFUSED @ http://localhost:18501/_stcore/health:0
[16723347ms] [ERROR] Client Error in reaching server endpoint - No response received when attempting to reach /_stcore/health @ http://localhost:18501/static/js/index.k-9rUdPI.js:19
[16723347ms] [ERROR] Is Streamlit still running? If you accidentally stopped Streamlit, just restart it in your terminal: @ http://localhost:18501/static/js/index.k-9rUdPI.js:24
[16723348ms] [ERROR] Failed to load resource: net::ERR_CONNECTION_REFUSED @ http://localhost:18501/_stcore/host-config:0
[16727714ms] [ERROR] Failed to load resource: net::ERR_CONNECTION_REFUSED @ http://localhost:18501/_stcore/health:0
[16727714ms] [ERROR] Client Error in reaching server endpoint - No response received when attempting to reach /_stcore/health @ http://localhost:18501/static/js/index.k-9rUdPI.js:19
[16727715ms] [ERROR] Is Streamlit still running? If you accidentally stopped Streamlit, just restart it in your terminal: @ http://localhost:18501/static/js/index.k-9rUdPI.js:24
[16727715ms] [ERROR] Failed to load resource: net::ERR_CONNECTION_REFUSED @ http://localhost:18501/_stcore/host-config:0
[16732063ms] [ERROR] Failed to load resource: net::ERR_CONNECTION_REFUSED @ http://localhost:18501/_stcore/health:0
[16732063ms] [ERROR] Client Error in reaching server endpoint - No response received when attempting to reach /_stcore/health @ http://localhost:18501/static/js/index.k-9rUdPI.js:19
[16732063ms] [ERROR] Is Streamlit still running? If you accidentally stopped Streamlit, just restart it in your terminal: @ http://localhost:18501/static/js/index.k-9rUdPI.js:24
[16732064ms] [ERROR] Failed to load resource: net::ERR_CONNECTION_REFUSED @ http://localhost:18501/_stcore/host-config:0
[16736428ms] [ERROR] Failed to load resource: net::ERR_CONNECTION_REFUSED @ http://localhost:18501/_stcore/health:0
[16736428ms] [ERROR] Client Error in reaching server endpoint - No response received when attempting to reach /_stcore/health @ http://localhost:18501/static/js/index.k-9rUdPI.js:19
[16736429ms] [ERROR] Is Streamlit still running? If you accidentally stopped Streamlit, just restart it in your terminal: @ http://localhost:18501/static/js/index.k-9rUdPI.js:24
[16736429ms] [ERROR] Failed to load resource: net::ERR_CONNECTION_REFUSED @ http://localhost:18501/_stcore/host-config:0
[16740799ms] [ERROR] Failed to load resource: net::ERR_CONNECTION_REFUSED @ http://localhost:18501/_stcore/health:0
[16740799ms] [ERROR] Client Error in reaching server endpoint - No response received when attempting to reach /_stcore/health @ http://localhost:18501/static/js/index.k-9rUdPI.js:19
[16740799ms] [ERROR] Is Streamlit still running? If you accidentally stopped Streamlit, just restart it in your terminal: @ http://localhost:18501/static/js/index.k-9rUdPI.js:24
[16740799ms] [ERROR] Failed to load resource: net::ERR_CONNECTION_REFUSED @ http://localhost:18501/_stcore/host-config:0
[16745161ms] [ERROR] Failed to load resource: net::ERR_CONNECTION_REFUSED @ http://localhost:18501/_stcore/health:0
[16745161ms] [ERROR] Client Error in reaching server endpoint - No response received when attempting to reach /_stcore/health @ http://localhost:18501/static/js/index.k-9rUdPI.js:19
[16745162ms] [ERROR] Is Streamlit still running? If you accidentally stopped Streamlit, just restart it in your terminal: @ http://localhost:18501/static/js/index.k-9rUdPI.js:24
[16745162ms] [ERROR] Failed to load resource: net::ERR_CONNECTION_REFUSED @ http://localhost:18501/_stcore/host-config:0
[16749499ms] [ERROR] Failed to load resource: net::ERR_CONNECTION_REFUSED @ http://localhost:18501/_stcore/health:0
[16749499ms] [ERROR] Client Error in reaching server endpoint - No response received when attempting to reach /_stcore/health @ http://localhost:18501/static/js/index.k-9rUdPI.js:19
[16749499ms] [ERROR] Is Streamlit still running? If you accidentally stopped Streamlit, just restart it in your terminal: @ http://localhost:18501/static/js/index.k-9rUdPI.js:24
[16749500ms] [ERROR] Failed to load resource: net::ERR_CONNECTION_REFUSED @ http://localhost:18501/_stcore/host-config:0
[16753880ms] [ERROR] Failed to load resource: net::ERR_CONNECTION_REFUSED @ http://localhost:18501/_stcore/health:0
[16753880ms] [ERROR] Client Error in reaching server endpoint - No response received when attempting to reach /_stcore/health @ http://localhost:18501/static/js/index.k-9rUdPI.js:19
[16753880ms] [ERROR] Is Streamlit still running? If you accidentally stopped Streamlit, just restart it in your terminal: @ http://localhost:18501/static/js/index.k-9rUdPI.js:24
[16753881ms] [ERROR] Failed to load resource: net::ERR_CONNECTION_REFUSED @ http://localhost:18501/_stcore/host-config:0
[16758261ms] [ERROR] Failed to load resource: net::ERR_CONNECTION_REFUSED @ http://localhost:18501/_stcore/health:0
[16758261ms] [ERROR] Client Error in reaching server endpoint - No response received when attempting to reach /_stcore/health @ http://localhost:18501/static/js/index.k-9rUdPI.js:19
[16758261ms] [ERROR] Is Streamlit still running? If you accidentally stopped Streamlit, just restart it in your terminal: @ http://localhost:18501/static/js/index.k-9rUdPI.js:24
[16758262ms] [ERROR] Failed to load resource: net::ERR_CONNECTION_REFUSED @ http://localhost:18501/_stcore/host-config:0
[16762634ms] [ERROR] Failed to load resource: net::ERR_CONNECTION_REFUSED @ http://localhost:18501/_stcore/health:0
[16762634ms] [ERROR] Client Error in reaching server endpoint - No response received when attempting to reach /_stcore/health @ http://localhost:18501/static/js/index.k-9rUdPI.js:19
[16762634ms] [ERROR] Is Streamlit still running? If you accidentally stopped Streamlit, just restart it in your terminal: @ http://localhost:18501/static/js/index.k-9rUdPI.js:24
[16762634ms] [ERROR] Failed to load resource: net::ERR_CONNECTION_REFUSED @ http://localhost:18501/_stcore/host-config:0
[16766988ms] [ERROR] Failed to load resource: net::ERR_CONNECTION_REFUSED @ http://localhost:18501/_stcore/health:0
[16766988ms] [ERROR] Client Error in reaching server endpoint - No response received when attempting to reach /_stcore/health @ http://localhost:18501/static/js/index.k-9rUdPI.js:19
[16766989ms] [ERROR] Is Streamlit still running? If you accidentally stopped Streamlit, just restart it in your terminal: @ http://localhost:18501/static/js/index.k-9rUdPI.js:24
[16767015ms] [ERROR] Failed to load resource: net::ERR_CONNECTION_REFUSED @ http://localhost:18501/_stcore/host-config:0
[16771352ms] [ERROR] Failed to load resource: net::ERR_CONNECTION_REFUSED @ http://localhost:18501/_stcore/health:0
[16771353ms] [ERROR] Client Error in reaching server endpoint - No response received when attempting to reach /_stcore/health @ http://localhost:18501/static/js/index.k-9rUdPI.js:19
[16771353ms] [ERROR] Is Streamlit still running? If you accidentally stopped Streamlit, just restart it in your terminal: @ http://localhost:18501/static/js/index.k-9rUdPI.js:24
[16771353ms] [ERROR] Failed to load resource: net::ERR_CONNECTION_REFUSED @ http://localhost:18501/_stcore/host-config:0
[16775724ms] [ERROR] Failed to load resource: net::ERR_CONNECTION_REFUSED @ http://localhost:18501/_stcore/health:0
[16775724ms] [ERROR] Client Error in reaching server endpoint - No response received when attempting to reach /_stcore/health @ http://localhost:18501/static/js/index.k-9rUdPI.js:19
[16775724ms] [ERROR] Is Streamlit still running? If you accidentally stopped Streamlit, just restart it in your terminal: @ http://localhost:18501/static/js/index.k-9rUdPI.js:24
[16775724ms] [ERROR] Failed to load resource: net::ERR_CONNECTION_REFUSED @ http://localhost:18501/_stcore/host-config:0
[16780103ms] [ERROR] Failed to load resource: net::ERR_CONNECTION_REFUSED @ http://localhost:18501/_stcore/health:0
[16780103ms] [ERROR] Client Error in reaching server endpoint - No response received when attempting to reach /_stcore/health @ http://localhost:18501/static/js/index.k-9rUdPI.js:19
[16780104ms] [ERROR] Is Streamlit still running? If you accidentally stopped Streamlit, just restart it in your terminal: @ http://localhost:18501/static/js/index.k-9rUdPI.js:24
[16780104ms] [ERROR] Failed to load resource: net::ERR_CONNECTION_REFUSED @ http://localhost:18501/_stcore/host-config:0
[16784476ms] [ERROR] Failed to load resource: net::ERR_CONNECTION_REFUSED @ http://localhost:18501/_stcore/health:0
[16784476ms] [ERROR] Client Error in reaching server endpoint - No response received when attempting to reach /_stcore/health @ http://localhost:18501/static/js/index.k-9rUdPI.js:19
[16784476ms] [ERROR] Is Streamlit still running? If you accidentally stopped Streamlit, just restart it in your terminal: @ http://localhost:18501/static/js/index.k-9rUdPI.js:24
[16784477ms] [ERROR] Failed to load resource: net::ERR_CONNECTION_REFUSED @ http://localhost:18501/_stcore/host-config:0
[16788827ms] [ERROR] Failed to load resource: net::ERR_CONNECTION_REFUSED @ http://localhost:18501/_stcore/health:0
[16788827ms] [ERROR] Client Error in reaching server endpoint - No response received when attempting to reach /_stcore/health @ http://localhost:18501/static/js/index.k-9rUdPI.js:19
[16788827ms] [ERROR] Is Streamlit still running? If you accidentally stopped Streamlit, just restart it in your terminal: @ http://localhost:18501/static/js/index.k-9rUdPI.js:24
[16788828ms] [ERROR] Failed to load resource: net::ERR_CONNECTION_REFUSED @ http://localhost:18501/_stcore/host-config:0
[16793187ms] [ERROR] Failed to load resource: net::ERR_CONNECTION_REFUSED @ http://localhost:18501/_stcore/health:0
[16793188ms] [ERROR] Client Error in reaching server endpoint - No response received when attempting to reach /_stcore/health @ http://localhost:18501/static/js/index.k-9rUdPI.js:19
[16793188ms] [ERROR] Is Streamlit still running? If you accidentally stopped Streamlit, just restart it in your terminal: @ http://localhost:18501/static/js/index.k-9rUdPI.js:24
[16793188ms] [ERROR] Failed to load resource: net::ERR_CONNECTION_REFUSED @ http://localhost:18501/_stcore/host-config:0
[16797545ms] [ERROR] Failed to load resource: net::ERR_CONNECTION_REFUSED @ http://localhost:18501/_stcore/health:0
[16797545ms] [ERROR] Client Error in reaching server endpoint - No response received when attempting to reach /_stcore/health @ http://localhost:18501/static/js/index.k-9rUdPI.js:19
[16797545ms] [ERROR] Is Streamlit still running? If you accidentally stopped Streamlit, just restart it in your terminal: @ http://localhost:18501/static/js/index.k-9rUdPI.js:24
[16797545ms] [ERROR] Failed to load resource: net::ERR_CONNECTION_REFUSED @ http://localhost:18501/_stcore/host-config:0
[16801900ms] [ERROR] Failed to load resource: net::ERR_CONNECTION_REFUSED @ http://localhost:18501/_stcore/health:0
[16801901ms] [ERROR] Client Error in reaching server endpoint - No response received when attempting to reach /_stcore/health @ http://localhost:18501/static/js/index.k-9rUdPI.js:19
[16801901ms] [ERROR] Is Streamlit still running? If you accidentally stopped Streamlit, just restart it in your terminal: @ http://localhost:18501/static/js/index.k-9rUdPI.js:24
[16801901ms] [ERROR] Failed to load resource: net::ERR_CONNECTION_REFUSED @ http://localhost:18501/_stcore/host-config:0
[16806251ms] [ERROR] Failed to load resource: net::ERR_CONNECTION_REFUSED @ http://localhost:18501/_stcore/health:0
[16806251ms] [ERROR] Client Error in reaching server endpoint - No response received when attempting to reach /_stcore/health @ http://localhost:18501/static/js/index.k-9rUdPI.js:19
[16806251ms] [ERROR] Is Streamlit still running? If you accidentally stopped Streamlit, just restart it in your terminal: @ http://localhost:18501/static/js/index.k-9rUdPI.js:24
[16806251ms] [ERROR] Failed to load resource: net::ERR_CONNECTION_REFUSED @ http://localhost:18501/_stcore/host-config:0
[16810619ms] [ERROR] Failed to load resource: net::ERR_CONNECTION_REFUSED @ http://localhost:18501/_stcore/health:0
[16810619ms] [ERROR] Client Error in reaching server endpoint - No response received when attempting to reach /_stcore/health @ http://localhost:18501/static/js/index.k-9rUdPI.js:19
[16810619ms] [ERROR] Is Streamlit still running? If you accidentally stopped Streamlit, just restart it in your terminal: @ http://localhost:18501/static/js/index.k-9rUdPI.js:24
[16810619ms] [ERROR] Failed to load resource: net::ERR_CONNECTION_REFUSED @ http://localhost:18501/_stcore/host-config:0
[16814984ms] [ERROR] Failed to load resource: net::ERR_CONNECTION_REFUSED @ http://localhost:18501/_stcore/health:0
[16814984ms] [ERROR] Client Error in reaching server endpoint - No response received when attempting to reach /_stcore/health @ http://localhost:18501/static/js/index.k-9rUdPI.js:19
[16814984ms] [ERROR] Is Streamlit still running? If you accidentally stopped Streamlit, just restart it in your terminal: @ http://localhost:18501/static/js/index.k-9rUdPI.js:24
[16814985ms] [ERROR] Failed to load resource: net::ERR_CONNECTION_REFUSED @ http://localhost:18501/_stcore/host-config:0
[16819368ms] [ERROR] Failed to load resource: net::ERR_CONNECTION_REFUSED @ http://localhost:18501/_stcore/health:0
[16819373ms] [ERROR] Client Error in reaching server endpoint - No response received when attempting to reach /_stcore/health @ http://localhost:18501/static/js/index.k-9rUdPI.js:19
[16819373ms] [ERROR] Is Streamlit still running? If you accidentally stopped Streamlit, just restart it in your terminal: @ http://localhost:18501/static/js/index.k-9rUdPI.js:24
[16819373ms] [ERROR] Failed to load resource: net::ERR_CONNECTION_REFUSED @ http://localhost:18501/_stcore/host-config:0
[16823741ms] [ERROR] Failed to load resource: net::ERR_CONNECTION_REFUSED @ http://localhost:18501/_stcore/health:0
[16823741ms] [ERROR] Client Error in reaching server endpoint - No response received when attempting to reach /_stcore/health @ http://localhost:18501/static/js/index.k-9rUdPI.js:19
[16823743ms] [ERROR] Is Streamlit still running? If you accidentally stopped Streamlit, just restart it in your terminal: @ http://localhost:18501/static/js/index.k-9rUdPI.js:24
[16823881ms] [ERROR] Failed to load resource: net::ERR_CONNECTION_REFUSED @ http://localhost:18501/_stcore/host-config:0
[16828125ms] [ERROR] Failed to load resource: net::ERR_CONNECTION_REFUSED @ http://localhost:18501/_stcore/health:0
[16828125ms] [ERROR] Client Error in reaching server endpoint - No response received when attempting to reach /_stcore/health @ http://localhost:18501/static/js/index.k-9rUdPI.js:19
[16828126ms] [ERROR] Is Streamlit still running? If you accidentally stopped Streamlit, just restart it in your terminal: @ http://localhost:18501/static/js/index.k-9rUdPI.js:24
[16828254ms] [ERROR] Failed to load resource: net::ERR_CONNECTION_REFUSED @ http://localhost:18501/_stcore/host-config:0
[16832495ms] [ERROR] Failed to load resource: net::ERR_CONNECTION_REFUSED @ http://localhost:18501/_stcore/health:0
[16832496ms] [ERROR] Client Error in reaching server endpoint - No response received when attempting to reach /_stcore/health @ http://localhost:18501/static/js/index.k-9rUdPI.js:19
[16832496ms] [ERROR] Is Streamlit still running? If you accidentally stopped Streamlit, just restart it in your terminal: @ http://localhost:18501/static/js/index.k-9rUdPI.js:24
[16832595ms] [ERROR] Failed to load resource: net::ERR_CONNECTION_REFUSED @ http://localhost:18501/_stcore/host-config:0
[16836889ms] [ERROR] Failed to load resource: net::ERR_CONNECTION_REFUSED @ http://localhost:18501/_stcore/health:0
[16836889ms] [ERROR] Client Error in reaching server endpoint - No response received when attempting to reach /_stcore/health @ http://localhost:18501/static/js/index.k-9rUdPI.js:19
[16836891ms] [ERROR] Is Streamlit still running? If you accidentally stopped Streamlit, just restart it in your terminal: @ http://localhost:18501/static/js/index.k-9rUdPI.js:24
[16836891ms] [ERROR] Failed to load resource: net::ERR_CONNECTION_REFUSED @ http://localhost:18501/_stcore/host-config:0
[16841252ms] [ERROR] Failed to load resource: net::ERR_CONNECTION_REFUSED @ http://localhost:18501/_stcore/health:0
[16841252ms] [ERROR] Client Error in reaching server endpoint - No response received when attempting to reach /_stcore/health @ http://localhost:18501/static/js/index.k-9rUdPI.js:19
[16841253ms] [ERROR] Is Streamlit still running? If you accidentally stopped Streamlit, just restart it in your terminal: @ http://localhost:18501/static/js/index.k-9rUdPI.js:24
[16841256ms] [ERROR] Failed to load resource: net::ERR_CONNECTION_REFUSED @ http://localhost:18501/_stcore/host-config:0
[16845628ms] [ERROR] Failed to load resource: net::ERR_CONNECTION_REFUSED @ http://localhost:18501/_stcore/health:0
[16845628ms] [ERROR] Client Error in reaching server endpoint - No response received when attempting to reach /_stcore/health @ http://localhost:18501/static/js/index.k-9rUdPI.js:19
[16845629ms] [ERROR] Is Streamlit still running? If you accidentally stopped Streamlit, just restart it in your terminal: @ http://localhost:18501/static/js/index.k-9rUdPI.js:24
[16845703ms] [ERROR] Failed to load resource: net::ERR_CONNECTION_REFUSED @ http://localhost:18501/_stcore/host-config:0
[16850005ms] [ERROR] Failed to load resource: net::ERR_CONNECTION_REFUSED @ http://localhost:18501/_stcore/health:0
[16850005ms] [ERROR] Client Error in reaching server endpoint - No response received when attempting to reach /_stcore/health @ http://localhost:18501/static/js/index.k-9rUdPI.js:19
[16850007ms] [ERROR] Is Streamlit still running? If you accidentally stopped Streamlit, just restart it in your terminal: @ http://localhost:18501/static/js/index.k-9rUdPI.js:24
[16850007ms] [ERROR] Failed to load resource: net::ERR_CONNECTION_REFUSED @ http://localhost:18501/_stcore/host-config:0
[16854373ms] [ERROR] Failed to load resource: net::ERR_CONNECTION_REFUSED @ http://localhost:18501/_stcore/health:0
[16854374ms] [ERROR] Client Error in reaching server endpoint - No response received when attempting to reach /_stcore/health @ http://localhost:18501/static/js/index.k-9rUdPI.js:19
[16854374ms] [ERROR] Is Streamlit still running? If you accidentally stopped Streamlit, just restart it in your terminal: @ http://localhost:18501/static/js/index.k-9rUdPI.js:24
[16854377ms] [ERROR] Failed to load resource: net::ERR_CONNECTION_REFUSED @ http://localhost:18501/_stcore/host-config:0
[16858738ms] [ERROR] Failed to load resource: net::ERR_CONNECTION_REFUSED @ http://localhost:18501/_stcore/health:0
[16858738ms] [ERROR] Client Error in reaching server endpoint - No response received when attempting to reach /_stcore/health @ http://localhost:18501/static/js/index.k-9rUdPI.js:19
[16858738ms] [ERROR] Is Streamlit still running? If you accidentally stopped Streamlit, just restart it in your terminal: @ http://localhost:18501/static/js/index.k-9rUdPI.js:24
[16858739ms] [ERROR] Failed to load resource: net::ERR_CONNECTION_REFUSED @ http://localhost:18501/_stcore/host-config:0
[16863124ms] [ERROR] Failed to load resource: net::ERR_CONNECTION_REFUSED @ http://localhost:18501/_stcore/health:0
[16863124ms] [ERROR] Client Error in reaching server endpoint - No response received when attempting to reach /_stcore/health @ http://localhost:18501/static/js/index.k-9rUdPI.js:19
[16863124ms] [ERROR] Is Streamlit still running? If you accidentally stopped Streamlit, just restart it in your terminal: @ http://localhost:18501/static/js/index.k-9rUdPI.js:24
[16863125ms] [ERROR] Failed to load resource: net::ERR_CONNECTION_REFUSED @ http://localhost:18501/_stcore/host-config:0
[16867508ms] [ERROR] Failed to load resource: net::ERR_CONNECTION_REFUSED @ http://localhost:18501/_stcore/health:0
[16867508ms] [ERROR] Client Error in reaching server endpoint - No response received when attempting to reach /_stcore/health @ http://localhost:18501/static/js/index.k-9rUdPI.js:19
[16867509ms] [ERROR] Is Streamlit still running? If you accidentally stopped Streamlit, just restart it in your terminal: @ http://localhost:18501/static/js/index.k-9rUdPI.js:24
[16867511ms] [ERROR] Failed to load resource: net::ERR_CONNECTION_REFUSED @ http://localhost:18501/_stcore/host-config:0
[16871894ms] [ERROR] Failed to load resource: net::ERR_CONNECTION_REFUSED @ http://localhost:18501/_stcore/health:0
[16871894ms] [ERROR] Client Error in reaching server endpoint - No response received when attempting to reach /_stcore/health @ http://localhost:18501/static/js/index.k-9rUdPI.js:19
[16871895ms] [ERROR] Is Streamlit still running? If you accidentally stopped Streamlit, just restart it in your terminal: @ http://localhost:18501/static/js/index.k-9rUdPI.js:24
[16872143ms] [ERROR] Failed to load resource: net::ERR_CONNECTION_REFUSED @ http://localhost:18501/_stcore/host-config:0
[16876289ms] [ERROR] Failed to load resource: net::ERR_CONNECTION_REFUSED @ http://localhost:18501/_stcore/health:0
[16876289ms] [ERROR] Client Error in reaching server endpoint - No response received when attempting to reach /_stcore/health @ http://localhost:18501/static/js/index.k-9rUdPI.js:19
[16876290ms] [ERROR] Is Streamlit still running? If you accidentally stopped Streamlit, just restart it in your terminal: @ http://localhost:18501/static/js/index.k-9rUdPI.js:24
[16876363ms] [ERROR] Failed to load resource: net::ERR_CONNECTION_REFUSED @ http://localhost:18501/_stcore/host-config:0
[16880661ms] [ERROR] Failed to load resource: net::ERR_CONNECTION_REFUSED @ http://localhost:18501/_stcore/health:0
[16880661ms] [ERROR] Client Error in reaching server endpoint - No response received when attempting to reach /_stcore/health @ http://localhost:18501/static/js/index.k-9rUdPI.js:19
[16880661ms] [ERROR] Is Streamlit still running? If you accidentally stopped Streamlit, just restart it in your terminal: @ http://localhost:18501/static/js/index.k-9rUdPI.js:24
[16880814ms] [ERROR] Failed to load resource: net::ERR_CONNECTION_REFUSED @ http://localhost:18501/_stcore/host-config:0
[16885032ms] [ERROR] Failed to load resource: net::ERR_CONNECTION_REFUSED @ http://localhost:18501/_stcore/health:0
[16885032ms] [ERROR] Client Error in reaching server endpoint - No response received when attempting to reach /_stcore/health @ http://localhost:18501/static/js/index.k-9rUdPI.js:19
[16885033ms] [ERROR] Is Streamlit still running? If you accidentally stopped Streamlit, just restart it in your terminal: @ http://localhost:18501/static/js/index.k-9rUdPI.js:24
[16885062ms] [ERROR] Failed to load resource: net::ERR_CONNECTION_REFUSED @ http://localhost:18501/_stcore/host-config:0
[16889410ms] [ERROR] Failed to load resource: net::ERR_CONNECTION_REFUSED @ http://localhost:18501/_stcore/health:0
[16889410ms] [ERROR] Client Error in reaching server endpoint - No response received when attempting to reach /_stcore/health @ http://localhost:18501/static/js/index.k-9rUdPI.js:19
[16889410ms] [ERROR] Is Streamlit still running? If you accidentally stopped Streamlit, just restart it in your terminal: @ http://localhost:18501/static/js/index.k-9rUdPI.js:24
[16889410ms] [ERROR] Failed to load resource: net::ERR_CONNECTION_REFUSED @ http://localhost:18501/_stcore/host-config:0
[16893776ms] [ERROR] Failed to load resource: net::ERR_CONNECTION_REFUSED @ http://localhost:18501/_stcore/health:0
[16893776ms] [ERROR] Client Error in reaching server endpoint - No response received when attempting to reach /_stcore/health @ http://localhost:18501/static/js/index.k-9rUdPI.js:19
[16893777ms] [ERROR] Is Streamlit still running? If you accidentally stopped Streamlit, just restart it in your terminal: @ http://localhost:18501/static/js/index.k-9rUdPI.js:24
[16893777ms] [ERROR] Failed to load resource: net::ERR_CONNECTION_REFUSED @ http://localhost:18501/_stcore/host-config:0
[16898142ms] [ERROR] Failed to load resource: net::ERR_CONNECTION_REFUSED @ http://localhost:18501/_stcore/health:0
[16898142ms] [ERROR] Client Error in reaching server endpoint - No response received when attempting to reach /_stcore/health @ http://localhost:18501/static/js/index.k-9rUdPI.js:19
[16898142ms] [ERROR] Is Streamlit still running? If you accidentally stopped Streamlit, just restart it in your terminal: @ http://localhost:18501/static/js/index.k-9rUdPI.js:24
[16898303ms] [ERROR] Failed to load resource: net::ERR_CONNECTION_REFUSED @ http://localhost:18501/_stcore/host-config:0
[16902510ms] [ERROR] Failed to load resource: net::ERR_CONNECTION_REFUSED @ http://localhost:18501/_stcore/health:0
[16902510ms] [ERROR] Client Error in reaching server endpoint - No response received when attempting to reach /_stcore/health @ http://localhost:18501/static/js/index.k-9rUdPI.js:19
[16902510ms] [ERROR] Is Streamlit still running? If you accidentally stopped Streamlit, just restart it in your terminal: @ http://localhost:18501/static/js/index.k-9rUdPI.js:24
[16902607ms] [ERROR] Failed to load resource: net::ERR_CONNECTION_REFUSED @ http://localhost:18501/_stcore/host-config:0
[16906907ms] [ERROR] Failed to load resource: net::ERR_CONNECTION_REFUSED @ http://localhost:18501/_stcore/health:0
[16906909ms] [ERROR] Client Error in reaching server endpoint - No response received when attempting to reach /_stcore/health @ http://localhost:18501/static/js/index.k-9rUdPI.js:19
[16906909ms] [ERROR] Is Streamlit still running? If you accidentally stopped Streamlit, just restart it in your terminal: @ http://localhost:18501/static/js/index.k-9rUdPI.js:24
[16906909ms] [ERROR] Failed to load resource: net::ERR_CONNECTION_REFUSED @ http://localhost:18501/_stcore/host-config:0
[16911290ms] [ERROR] Failed to load resource: net::ERR_CONNECTION_REFUSED @ http://localhost:18501/_stcore/health:0
[16911291ms] [ERROR] Client Error in reaching server endpoint - No response received when attempting to reach /_stcore/health @ http://localhost:18501/static/js/index.k-9rUdPI.js:19
[16911292ms] [ERROR] Is Streamlit still running? If you accidentally stopped Streamlit, just restart it in your terminal: @ http://localhost:18501/static/js/index.k-9rUdPI.js:24
[16911428ms] [ERROR] Failed to load resource: net::ERR_CONNECTION_REFUSED @ http://localhost:18501/_stcore/host-config:0
[16915793ms] [ERROR] Failed to load resource: net::ERR_CONNECTION_REFUSED @ http://localhost:18501/_stcore/health:0
[16915793ms] [ERROR] Client Error in reaching server endpoint - No response received when attempting to reach /_stcore/health @ http://localhost:18501/static/js/index.k-9rUdPI.js:19
[16915793ms] [ERROR] Is Streamlit still running? If you accidentally stopped Streamlit, just restart it in your terminal: @ http://localhost:18501/static/js/index.k-9rUdPI.js:24
[16915794ms] [ERROR] Failed to load resource: net::ERR_CONNECTION_REFUSED @ http://localhost:18501/_stcore/host-config:0
[16920174ms] [ERROR] Failed to load resource: net::ERR_CONNECTION_REFUSED @ http://localhost:18501/_stcore/health:0
[16920174ms] [ERROR] Client Error in reaching server endpoint - No response received when attempting to reach /_stcore/health @ http://localhost:18501/static/js/index.k-9rUdPI.js:19
[16920174ms] [ERROR] Is Streamlit still running? If you accidentally stopped Streamlit, just restart it in your terminal: @ http://localhost:18501/static/js/index.k-9rUdPI.js:24
[16920290ms] [ERROR] Failed to load resource: net::ERR_CONNECTION_REFUSED @ http://localhost:18501/_stcore/host-config:0
[16924594ms] [ERROR] Failed to load resource: net::ERR_CONNECTION_REFUSED @ http://localhost:18501/_stcore/health:0
[16924594ms] [ERROR] Client Error in reaching server endpoint - No response received when attempting to reach /_stcore/health @ http://localhost:18501/static/js/index.k-9rUdPI.js:19
[16924595ms] [ERROR] Is Streamlit still running? If you accidentally stopped Streamlit, just restart it in your terminal: @ http://localhost:18501/static/js/index.k-9rUdPI.js:24
[16924810ms] [ERROR] Failed to load resource: net::ERR_CONNECTION_REFUSED @ http://localhost:18501/_stcore/host-config:0
[16928986ms] [ERROR] Failed to load resource: net::ERR_CONNECTION_REFUSED @ http://localhost:18501/_stcore/health:0
[16928987ms] [ERROR] Client Error in reaching server endpoint - No response received when attempting to reach /_stcore/health @ http://localhost:18501/static/js/index.k-9rUdPI.js:19
[16928987ms] [ERROR] Is Streamlit still running? If you accidentally stopped Streamlit, just restart it in your terminal: @ http://localhost:18501/static/js/index.k-9rUdPI.js:24
[16928989ms] [ERROR] Failed to load resource: net::ERR_CONNECTION_REFUSED @ http://localhost:18501/_stcore/host-config:0
[16933393ms] [ERROR] Failed to load resource: net::ERR_CONNECTION_REFUSED @ http://localhost:18501/_stcore/health:0
[16933393ms] [ERROR] Client Error in reaching server endpoint - No response received when attempting to reach /_stcore/health @ http://localhost:18501/static/js/index.k-9rUdPI.js:19
[16933393ms] [ERROR] Is Streamlit still running? If you accidentally stopped Streamlit, just restart it in your terminal: @ http://localhost:18501/static/js/index.k-9rUdPI.js:24
[16933393ms] [ERROR] Failed to load resource: net::ERR_CONNECTION_REFUSED @ http://localhost:18501/_stcore/host-config:0
[16937774ms] [ERROR] Failed to load resource: net::ERR_CONNECTION_REFUSED @ http://localhost:18501/_stcore/health:0
[16937775ms] [ERROR] Client Error in reaching server endpoint - No response received when attempting to reach /_stcore/health @ http://localhost:18501/static/js/index.k-9rUdPI.js:19
[16937775ms] [ERROR] Is Streamlit still running? If you accidentally stopped Streamlit, just restart it in your terminal: @ http://localhost:18501/static/js/index.k-9rUdPI.js:24
[16937990ms] [ERROR] Failed to load resource: net::ERR_CONNECTION_REFUSED @ http://localhost:18501/_stcore/host-config:0
[16942140ms] [ERROR] Failed to load resource: net::ERR_CONNECTION_REFUSED @ http://localhost:18501/_stcore/health:0
[16942140ms] [ERROR] Client Error in reaching server endpoint - No response received when attempting to reach /_stcore/health @ http://localhost:18501/static/js/index.k-9rUdPI.js:19
[16942140ms] [ERROR] Is Streamlit still running? If you accidentally stopped Streamlit, just restart it in your terminal: @ http://localhost:18501/static/js/index.k-9rUdPI.js:24
[16942295ms] [ERROR] Failed to load resource: net::ERR_CONNECTION_REFUSED @ http://localhost:18501/_stcore/host-config:0
[16946583ms] [ERROR] Failed to load resource: net::ERR_CONNECTION_REFUSED @ http://localhost:18501/_stcore/health:0
[16946584ms] [ERROR] Client Error in reaching server endpoint - No response received when attempting to reach /_stcore/health @ http://localhost:18501/static/js/index.k-9rUdPI.js:19
[16946587ms] [ERROR] Is Streamlit still running? If you accidentally stopped Streamlit, just restart it in your terminal: @ http://localhost:18501/static/js/index.k-9rUdPI.js:24
[16946587ms] [ERROR] Failed to load resource: net::ERR_CONNECTION_REFUSED @ http://localhost:18501/_stcore/host-config:0
[16951007ms] [ERROR] Failed to load resource: net::ERR_CONNECTION_REFUSED @ http://localhost:18501/_stcore/health:0
[16951008ms] [ERROR] Client Error in reaching server endpoint - No response received when attempting to reach /_stcore/health @ http://localhost:18501/static/js/index.k-9rUdPI.js:19
[16951008ms] [ERROR] Is Streamlit still running? If you accidentally stopped Streamlit, just restart it in your terminal: @ http://localhost:18501/static/js/index.k-9rUdPI.js:24
[16951008ms] [ERROR] Failed to load resource: net::ERR_CONNECTION_REFUSED @ http://localhost:18501/_stcore/host-config:0
[16955410ms] [ERROR] Failed to load resource: net::ERR_CONNECTION_REFUSED @ http://localhost:18501/_stcore/health:0
[16955410ms] [ERROR] Client Error in reaching server endpoint - No response received when attempting to reach /_stcore/health @ http://localhost:18501/static/js/index.k-9rUdPI.js:19
[16955410ms] [ERROR] Is Streamlit still running? If you accidentally stopped Streamlit, just restart it in your terminal: @ http://localhost:18501/static/js/index.k-9rUdPI.js:24
[16955410ms] [ERROR] Failed to load resource: net::ERR_CONNECTION_REFUSED @ http://localhost:18501/_stcore/host-config:0
[16959808ms] [ERROR] Failed to load resource: net::ERR_CONNECTION_REFUSED @ http://localhost:18501/_stcore/health:0
[16959808ms] [ERROR] Client Error in reaching server endpoint - No response received when attempting to reach /_stcore/health @ http://localhost:18501/static/js/index.k-9rUdPI.js:19
[16959808ms] [ERROR] Is Streamlit still running? If you accidentally stopped Streamlit, just restart it in your terminal: @ http://localhost:18501/static/js/index.k-9rUdPI.js:24
[16959809ms] [ERROR] Failed to load resource: net::ERR_CONNECTION_REFUSED @ http://localhost:18501/_stcore/host-config:0
[16964227ms] [ERROR] Failed to load resource: net::ERR_CONNECTION_REFUSED @ http://localhost:18501/_stcore/health:0
[16964228ms] [ERROR] Client Error in reaching server endpoint - No response received when attempting to reach /_stcore/health @ http://localhost:18501/static/js/index.k-9rUdPI.js:19
[16964228ms] [ERROR] Is Streamlit still running? If you accidentally stopped Streamlit, just restart it in your terminal: @ http://localhost:18501/static/js/index.k-9rUdPI.js:24
[16964396ms] [ERROR] Failed to load resource: net::ERR_CONNECTION_REFUSED @ http://localhost:18501/_stcore/host-config:0
[16968631ms] [ERROR] Failed to load resource: net::ERR_CONNECTION_REFUSED @ http://localhost:18501/_stcore/health:0
[16968631ms] [ERROR] Client Error in reaching server endpoint - No response received when attempting to reach /_stcore/health @ http://localhost:18501/static/js/index.k-9rUdPI.js:19
[16968631ms] [ERROR] Is Streamlit still running? If you accidentally stopped Streamlit, just restart it in your terminal: @ http://localhost:18501/static/js/index.k-9rUdPI.js:24
[16968631ms] [ERROR] Failed to load resource: net::ERR_CONNECTION_REFUSED @ http://localhost:18501/_stcore/host-config:0
[16973032ms] [ERROR] Failed to load resource: net::ERR_CONNECTION_REFUSED @ http://localhost:18501/_stcore/health:0
[16973032ms] [ERROR] Client Error in reaching server endpoint - No response received when attempting to reach /_stcore/health @ http://localhost:18501/static/js/index.k-9rUdPI.js:19
[16973033ms] [ERROR] Is Streamlit still running? If you accidentally stopped Streamlit, just restart it in your terminal: @ http://localhost:18501/static/js/index.k-9rUdPI.js:24
[16973212ms] [ERROR] Failed to load resource: net::ERR_CONNECTION_REFUSED @ http://localhost:18501/_stcore/host-config:0
[16977424ms] [ERROR] Failed to load resource: net::ERR_CONNECTION_REFUSED @ http://localhost:18501/_stcore/health:0
[16977425ms] [ERROR] Client Error in reaching server endpoint - No response received when attempting to reach /_stcore/health @ http://localhost:18501/static/js/index.k-9rUdPI.js:19
[16977425ms] [ERROR] Is Streamlit still running? If you accidentally stopped Streamlit, just restart it in your terminal: @ http://localhost:18501/static/js/index.k-9rUdPI.js:24
[16977425ms] [ERROR] Failed to load resource: net::ERR_CONNECTION_REFUSED @ http://localhost:18501/_stcore/host-config:0
[16981825ms] [ERROR] Failed to load resource: net::ERR_CONNECTION_REFUSED @ http://localhost:18501/_stcore/health:0
[16981825ms] [ERROR] Client Error in reaching server endpoint - No response received when attempting to reach /_stcore/health @ http://localhost:18501/static/js/index.k-9rUdPI.js:19
[16981829ms] [ERROR] Is Streamlit still running? If you accidentally stopped Streamlit, just restart it in your terminal: @ http://localhost:18501/static/js/index.k-9rUdPI.js:24
[16982018ms] [ERROR] Failed to load resource: net::ERR_CONNECTION_REFUSED @ http://localhost:18501/_stcore/host-config:0
[16986393ms] [ERROR] Failed to load resource: net::ERR_CONNECTION_REFUSED @ http://localhost:18501/_stcore/health:0
[16986393ms] [ERROR] Client Error in reaching server endpoint - No response received when attempting to reach /_stcore/health @ http://localhost:18501/static/js/index.k-9rUdPI.js:19
[16986394ms] [ERROR] Is Streamlit still running? If you accidentally stopped Streamlit, just restart it in your terminal: @ http://localhost:18501/static/js/index.k-9rUdPI.js:24
[16986421ms] [ERROR] Failed to load resource: net::ERR_CONNECTION_REFUSED @ http://localhost:18501/_stcore/host-config:0
[16990763ms] [ERROR] Failed to load resource: net::ERR_CONNECTION_REFUSED @ http://localhost:18501/_stcore/health:0
[16990763ms] [ERROR] Client Error in reaching server endpoint - No response received when attempting to reach /_stcore/health @ http://localhost:18501/static/js/index.k-9rUdPI.js:19
[16990763ms] [ERROR] Is Streamlit still running? If you accidentally stopped Streamlit, just restart it in your terminal: @ http://localhost:18501/static/js/index.k-9rUdPI.js:24
[16990763ms] [ERROR] Failed to load resource: net::ERR_CONNECTION_REFUSED @ http://localhost:18501/_stcore/host-config:0
[16995211ms] [ERROR] Failed to load resource: net::ERR_CONNECTION_REFUSED @ http://localhost:18501/_stcore/health:0
[16995212ms] [ERROR] Client Error in reaching server endpoint - No response received when attempting to reach /_stcore/health @ http://localhost:18501/static/js/index.k-9rUdPI.js:19
[16995215ms] [ERROR] Is Streamlit still running? If you accidentally stopped Streamlit, just restart it in your terminal: @ http://localhost:18501/static/js/index.k-9rUdPI.js:24
[16995216ms] [ERROR] Failed to load resource: net::ERR_CONNECTION_REFUSED @ http://localhost:18501/_stcore/host-config:0
[16999573ms] [ERROR] Failed to load resource: net::ERR_CONNECTION_REFUSED @ http://localhost:18501/_stcore/health:0
[16999573ms] [ERROR] Client Error in reaching server endpoint - No response received when attempting to reach /_stcore/health @ http://localhost:18501/static/js/index.k-9rUdPI.js:19
[16999573ms] [ERROR] Is Streamlit still running? If you accidentally stopped Streamlit, just restart it in your terminal: @ http://localhost:18501/static/js/index.k-9rUdPI.js:24
[16999672ms] [ERROR] Failed to load resource: net::ERR_CONNECTION_REFUSED @ http://localhost:18501/_stcore/host-config:0
[17003949ms] [ERROR] Failed to load resource: net::ERR_CONNECTION_REFUSED @ http://localhost:18501/_stcore/health:0
[17003949ms] [ERROR] Client Error in reaching server endpoint - No response received when attempting to reach /_stcore/health @ http://localhost:18501/static/js/index.k-9rUdPI.js:19
[17003949ms] [ERROR] Is Streamlit still running? If you accidentally stopped Streamlit, just restart it in your terminal: @ http://localhost:18501/static/js/index.k-9rUdPI.js:24
[17003949ms] [ERROR] Failed to load resource: net::ERR_CONNECTION_REFUSED @ http://localhost:18501/_stcore/host-config:0
[17008308ms] [ERROR] Failed to load resource: net::ERR_CONNECTION_REFUSED @ http://localhost:18501/_stcore/health:0
[17008308ms] [ERROR] Client Error in reaching server endpoint - No response received when attempting to reach /_stcore/health @ http://localhost:18501/static/js/index.k-9rUdPI.js:19
[17008308ms] [ERROR] Is Streamlit still running? If you accidentally stopped Streamlit, just restart it in your terminal: @ http://localhost:18501/static/js/index.k-9rUdPI.js:24
[17008425ms] [ERROR] Failed to load resource: net::ERR_CONNECTION_REFUSED @ http://localhost:18501/_stcore/host-config:0
[17012763ms] [ERROR] Failed to load resource: net::ERR_CONNECTION_REFUSED @ http://localhost:18501/_stcore/health:0
[17012763ms] [ERROR] Client Error in reaching server endpoint - No response received when attempting to reach /_stcore/health @ http://localhost:18501/static/js/index.k-9rUdPI.js:19
[17012764ms] [ERROR] Is Streamlit still running? If you accidentally stopped Streamlit, just restart it in your terminal: @ http://localhost:18501/static/js/index.k-9rUdPI.js:24
[17012876ms] [ERROR] Failed to load resource: net::ERR_CONNECTION_REFUSED @ http://localhost:18501/_stcore/host-config:0
[17017150ms] [ERROR] Failed to load resource: net::ERR_CONNECTION_REFUSED @ http://localhost:18501/_stcore/health:0
[17017150ms] [ERROR] Client Error in reaching server endpoint - No response received when attempting to reach /_stcore/health @ http://localhost:18501/static/js/index.k-9rUdPI.js:19
[17017150ms] [ERROR] Is Streamlit still running? If you accidentally stopped Streamlit, just restart it in your terminal: @ http://localhost:18501/static/js/index.k-9rUdPI.js:24
[17017150ms] [ERROR] Failed to load resource: net::ERR_CONNECTION_REFUSED @ http://localhost:18501/_stcore/host-config:0
[17021578ms] [ERROR] Failed to load resource: net::ERR_CONNECTION_REFUSED @ http://localhost:18501/_stcore/health:0
[17021578ms] [ERROR] Client Error in reaching server endpoint - No response received when attempting to reach /_stcore/health @ http://localhost:18501/static/js/index.k-9rUdPI.js:19
[17021578ms] [ERROR] Is Streamlit still running? If you accidentally stopped Streamlit, just restart it in your terminal: @ http://localhost:18501/static/js/index.k-9rUdPI.js:24
[17021578ms] [ERROR] Failed to load resource: net::ERR_CONNECTION_REFUSED @ http://localhost:18501/_stcore/host-config:0
[17026076ms] [ERROR] Failed to load resource: net::ERR_CONNECTION_REFUSED @ http://localhost:18501/_stcore/health:0
[17026079ms] [ERROR] Client Error in reaching server endpoint - No response received when attempting to reach /_stcore/health @ http://localhost:18501/static/js/index.k-9rUdPI.js:19
[17026079ms] [ERROR] Is Streamlit still running? If you accidentally stopped Streamlit, just restart it in your terminal: @ http://localhost:18501/static/js/index.k-9rUdPI.js:24
[17026081ms] [ERROR] Failed to load resource: net::ERR_CONNECTION_REFUSED @ http://localhost:18501/_stcore/host-config:0
[17030477ms] [ERROR] Failed to load resource: net::ERR_CONNECTION_REFUSED @ http://localhost:18501/_stcore/health:0
[17030477ms] [ERROR] Client Error in reaching server endpoint - No response received when attempting to reach /_stcore/health @ http://localhost:18501/static/js/index.k-9rUdPI.js:19
[17030478ms] [ERROR] Is Streamlit still running? If you accidentally stopped Streamlit, just restart it in your terminal: @ http://localhost:18501/static/js/index.k-9rUdPI.js:24
[17030483ms] [ERROR] Failed to load resource: net::ERR_CONNECTION_REFUSED @ http://localhost:18501/_stcore/host-config:0
[17034879ms] [ERROR] Failed to load resource: net::ERR_CONNECTION_REFUSED @ http://localhost:18501/_stcore/health:0
[17034879ms] [ERROR] Client Error in reaching server endpoint - No response received when attempting to reach /_stcore/health @ http://localhost:18501/static/js/index.k-9rUdPI.js:19
[17034879ms] [ERROR] Is Streamlit still running? If you accidentally stopped Streamlit, just restart it in your terminal: @ http://localhost:18501/static/js/index.k-9rUdPI.js:24
[17035097ms] [ERROR] Failed to load resource: net::ERR_CONNECTION_REFUSED @ http://localhost:18501/_stcore/host-config:0
[17039276ms] [ERROR] Failed to load resource: net::ERR_CONNECTION_REFUSED @ http://localhost:18501/_stcore/health:0
[17039279ms] [ERROR] Client Error in reaching server endpoint - No response received when attempting to reach /_stcore/health @ http://localhost:18501/static/js/index.k-9rUdPI.js:19
[17039281ms] [ERROR] Is Streamlit still running? If you accidentally stopped Streamlit, just restart it in your terminal: @ http://localhost:18501/static/js/index.k-9rUdPI.js:24
[17039281ms] [ERROR] Failed to load resource: net::ERR_CONNECTION_REFUSED @ http://localhost:18501/_stcore/host-config:0
[17043674ms] [ERROR] Failed to load resource: net::ERR_CONNECTION_REFUSED @ http://localhost:18501/_stcore/health:0
[17043675ms] [ERROR] Client Error in reaching server endpoint - No response received when attempting to reach /_stcore/health @ http://localhost:18501/static/js/index.k-9rUdPI.js:19
[17043675ms] [ERROR] Is Streamlit still running? If you accidentally stopped Streamlit, just restart it in your terminal: @ http://localhost:18501/static/js/index.k-9rUdPI.js:24
[17043757ms] [ERROR] Failed to load resource: net::ERR_CONNECTION_REFUSED @ http://localhost:18501/_stcore/host-config:0
[17048190ms] [ERROR] Failed to load resource: net::ERR_CONNECTION_REFUSED @ http://localhost:18501/_stcore/health:0
[17048190ms] [ERROR] Client Error in reaching server endpoint - No response received when attempting to reach /_stcore/health @ http://localhost:18501/static/js/index.k-9rUdPI.js:19
[17048190ms] [ERROR] Is Streamlit still running? If you accidentally stopped Streamlit, just restart it in your terminal: @ http://localhost:18501/static/js/index.k-9rUdPI.js:24
[17048315ms] [ERROR] Failed to load resource: net::ERR_CONNECTION_REFUSED @ http://localhost:18501/_stcore/host-config:0
[17052577ms] [ERROR] Failed to load resource: net::ERR_CONNECTION_REFUSED @ http://localhost:18501/_stcore/health:0
[17052577ms] [ERROR] Client Error in reaching server endpoint - No response received when attempting to reach /_stcore/health @ http://localhost:18501/static/js/index.k-9rUdPI.js:19
[17052578ms] [ERROR] Is Streamlit still running? If you accidentally stopped Streamlit, just restart it in your terminal: @ http://localhost:18501/static/js/index.k-9rUdPI.js:24
[17052579ms] [ERROR] Failed to load resource: net::ERR_CONNECTION_REFUSED @ http://localhost:18501/_stcore/host-config:0
[17057056ms] [ERROR] Failed to load resource: net::ERR_CONNECTION_REFUSED @ http://localhost:18501/_stcore/health:0
[17057056ms] [ERROR] Client Error in reaching server endpoint - No response received when attempting to reach /_stcore/health @ http://localhost:18501/static/js/index.k-9rUdPI.js:19
[17057057ms] [ERROR] Is Streamlit still running? If you accidentally stopped Streamlit, just restart it in your terminal: @ http://localhost:18501/static/js/index.k-9rUdPI.js:24
[17057058ms] [ERROR] Failed to load resource: net::ERR_CONNECTION_REFUSED @ http://localhost:18501/_stcore/host-config:0
[17061442ms] [ERROR] Failed to load resource: net::ERR_CONNECTION_REFUSED @ http://localhost:18501/_stcore/health:0
[17061442ms] [ERROR] Client Error in reaching server endpoint - No response received when attempting to reach /_stcore/health @ http://localhost:18501/static/js/index.k-9rUdPI.js:19
[17061442ms] [ERROR] Is Streamlit still running? If you accidentally stopped Streamlit, just restart it in your terminal: @ http://localhost:18501/static/js/index.k-9rUdPI.js:24
[17061466ms] [ERROR] Failed to load resource: net::ERR_CONNECTION_REFUSED @ http://localhost:18501/_stcore/host-config:0
[17065826ms] [ERROR] Failed to load resource: net::ERR_CONNECTION_REFUSED @ http://localhost:18501/_stcore/health:0
[17065827ms] [ERROR] Client Error in reaching server endpoint - No response received when attempting to reach /_stcore/health @ http://localhost:18501/static/js/index.k-9rUdPI.js:19
[17065827ms] [ERROR] Is Streamlit still running? If you accidentally stopped Streamlit, just restart it in your terminal: @ http://localhost:18501/static/js/index.k-9rUdPI.js:24
[17065827ms] [ERROR] Failed to load resource: net::ERR_CONNECTION_REFUSED @ http://localhost:18501/_stcore/host-config:0
[17070258ms] [ERROR] Failed to load resource: net::ERR_CONNECTION_REFUSED @ http://localhost:18501/_stcore/health:0
[17070258ms] [ERROR] Client Error in reaching server endpoint - No response received when attempting to reach /_stcore/health @ http://localhost:18501/static/js/index.k-9rUdPI.js:19
[17070258ms] [ERROR] Is Streamlit still running? If you accidentally stopped Streamlit, just restart it in your terminal: @ http://localhost:18501/static/js/index.k-9rUdPI.js:24
[17070380ms] [ERROR] Failed to load resource: net::ERR_CONNECTION_REFUSED @ http://localhost:18501/_stcore/host-config:0
[17074640ms] [ERROR] Failed to load resource: net::ERR_CONNECTION_REFUSED @ http://localhost:18501/_stcore/health:0
[17074640ms] [ERROR] Client Error in reaching server endpoint - No response received when attempting to reach /_stcore/health @ http://localhost:18501/static/js/index.k-9rUdPI.js:19
[17074641ms] [ERROR] Is Streamlit still running? If you accidentally stopped Streamlit, just restart it in your terminal: @ http://localhost:18501/static/js/index.k-9rUdPI.js:24
[17074737ms] [ERROR] Failed to load resource: net::ERR_CONNECTION_REFUSED @ http://localhost:18501/_stcore/host-config:0
[17079022ms] [ERROR] Failed to load resource: net::ERR_CONNECTION_REFUSED @ http://localhost:18501/_stcore/health:0
[17079022ms] [ERROR] Client Error in reaching server endpoint - No response received when attempting to reach /_stcore/health @ http://localhost:18501/static/js/index.k-9rUdPI.js:19
[17079022ms] [ERROR] Is Streamlit still running? If you accidentally stopped Streamlit, just restart it in your terminal: @ http://localhost:18501/static/js/index.k-9rUdPI.js:24
[17079022ms] [ERROR] Failed to load resource: net::ERR_CONNECTION_REFUSED @ http://localhost:18501/_stcore/host-config:0
[17083403ms] [ERROR] Failed to load resource: net::ERR_CONNECTION_REFUSED @ http://localhost:18501/_stcore/health:0
[17083403ms] [ERROR] Client Error in reaching server endpoint - No response received when attempting to reach /_stcore/health @ http://localhost:18501/static/js/index.k-9rUdPI.js:19
[17083404ms] [ERROR] Is Streamlit still running? If you accidentally stopped Streamlit, just restart it in your terminal: @ http://localhost:18501/static/js/index.k-9rUdPI.js:24
[17083404ms] [ERROR] Failed to load resource: net::ERR_CONNECTION_REFUSED @ http://localhost:18501/_stcore/host-config:0
[17087745ms] [ERROR] Failed to load resource: net::ERR_CONNECTION_REFUSED @ http://localhost:18501/_stcore/health:0
[17087746ms] [ERROR] Client Error in reaching server endpoint - No response received when attempting to reach /_stcore/health @ http://localhost:18501/static/js/index.k-9rUdPI.js:19
[17087746ms] [ERROR] Is Streamlit still running? If you accidentally stopped Streamlit, just restart it in your terminal: @ http://localhost:18501/static/js/index.k-9rUdPI.js:24
[17087862ms] [ERROR] Failed to load resource: net::ERR_CONNECTION_REFUSED @ http://localhost:18501/_stcore/host-config:0
[17092120ms] [ERROR] Failed to load resource: net::ERR_CONNECTION_REFUSED @ http://localhost:18501/_stcore/health:0
[17092122ms] [ERROR] Client Error in reaching server endpoint - No response received when attempting to reach /_stcore/health @ http://localhost:18501/static/js/index.k-9rUdPI.js:19
[17092122ms] [ERROR] Is Streamlit still running? If you accidentally stopped Streamlit, just restart it in your terminal: @ http://localhost:18501/static/js/index.k-9rUdPI.js:24
[17092398ms] [ERROR] Failed to load resource: net::ERR_CONNECTION_REFUSED @ http://localhost:18501/_stcore/host-config:0
[17096576ms] [ERROR] Failed to load resource: net::ERR_CONNECTION_REFUSED @ http://localhost:18501/_stcore/health:0
[17096576ms] [ERROR] Client Error in reaching server endpoint - No response received when attempting to reach /_stcore/health @ http://localhost:18501/static/js/index.k-9rUdPI.js:19
[17096576ms] [ERROR] Is Streamlit still running? If you accidentally stopped Streamlit, just restart it in your terminal: @ http://localhost:18501/static/js/index.k-9rUdPI.js:24
[17096737ms] [ERROR] Failed to load resource: net::ERR_CONNECTION_REFUSED @ http://localhost:18501/_stcore/host-config:0
[17100958ms] [ERROR] Failed to load resource: net::ERR_CONNECTION_REFUSED @ http://localhost:18501/_stcore/health:0
[17100958ms] [ERROR] Client Error in reaching server endpoint - No response received when attempting to reach /_stcore/health @ http://localhost:18501/static/js/index.k-9rUdPI.js:19
[17100960ms] [ERROR] Is Streamlit still running? If you accidentally stopped Streamlit, just restart it in your terminal: @ http://localhost:18501/static/js/index.k-9rUdPI.js:24
[17101127ms] [ERROR] Failed to load resource: net::ERR_CONNECTION_REFUSED @ http://localhost:18501/_stcore/host-config:0
[17105337ms] [ERROR] Failed to load resource: net::ERR_CONNECTION_REFUSED @ http://localhost:18501/_stcore/health:0
[17105338ms] [ERROR] Client Error in reaching server endpoint - No response received when attempting to reach /_stcore/health @ http://localhost:18501/static/js/index.k-9rUdPI.js:19
[17105339ms] [ERROR] Is Streamlit still running? If you accidentally stopped Streamlit, just restart it in your terminal: @ http://localhost:18501/static/js/index.k-9rUdPI.js:24
[17105340ms] [ERROR] Failed to load resource: net::ERR_CONNECTION_REFUSED @ http://localhost:18501/_stcore/host-config:0
[17109731ms] [ERROR] Failed to load resource: net::ERR_CONNECTION_REFUSED @ http://localhost:18501/_stcore/health:0
[17109732ms] [ERROR] Client Error in reaching server endpoint - No response received when attempting to reach /_stcore/health @ http://localhost:18501/static/js/index.k-9rUdPI.js:19
[17109733ms] [ERROR] Is Streamlit still running? If you accidentally stopped Streamlit, just restart it in your terminal: @ http://localhost:18501/static/js/index.k-9rUdPI.js:24
[17109869ms] [ERROR] Failed to load resource: net::ERR_CONNECTION_REFUSED @ http://localhost:18501/_stcore/host-config:0
[17114116ms] [ERROR] Failed to load resource: net::ERR_CONNECTION_REFUSED @ http://localhost:18501/_stcore/health:0
[17114117ms] [ERROR] Client Error in reaching server endpoint - No response received when attempting to reach /_stcore/health @ http://localhost:18501/static/js/index.k-9rUdPI.js:19
[17114117ms] [ERROR] Is Streamlit still running? If you accidentally stopped Streamlit, just restart it in your terminal: @ http://localhost:18501/static/js/index.k-9rUdPI.js:24
[17114291ms] [ERROR] Failed to load resource: net::ERR_CONNECTION_REFUSED @ http://localhost:18501/_stcore/host-config:0
[17118563ms] [ERROR] Failed to load resource: net::ERR_CONNECTION_REFUSED @ http://localhost:18501/_stcore/health:0
[17118564ms] [ERROR] Client Error in reaching server endpoint - No response received when attempting to reach /_stcore/health @ http://localhost:18501/static/js/index.k-9rUdPI.js:19
[17118564ms] [ERROR] Is Streamlit still running? If you accidentally stopped Streamlit, just restart it in your terminal: @ http://localhost:18501/static/js/index.k-9rUdPI.js:24
[17118689ms] [ERROR] Failed to load resource: net::ERR_CONNECTION_REFUSED @ http://localhost:18501/_stcore/host-config:0
[17122990ms] [ERROR] Failed to load resource: net::ERR_CONNECTION_REFUSED @ http://localhost:18501/_stcore/health:0
[17122991ms] [ERROR] Client Error in reaching server endpoint - No response received when attempting to reach /_stcore/health @ http://localhost:18501/static/js/index.k-9rUdPI.js:19
[17122991ms] [ERROR] Is Streamlit still running? If you accidentally stopped Streamlit, just restart it in your terminal: @ http://localhost:18501/static/js/index.k-9rUdPI.js:24
[17123153ms] [ERROR] Failed to load resource: net::ERR_CONNECTION_REFUSED @ http://localhost:18501/_stcore/host-config:0
[17127358ms] [ERROR] Failed to load resource: net::ERR_CONNECTION_REFUSED @ http://localhost:18501/_stcore/health:0
[17127358ms] [ERROR] Client Error in reaching server endpoint - No response received when attempting to reach /_stcore/health @ http://localhost:18501/static/js/index.k-9rUdPI.js:19
[17127358ms] [ERROR] Is Streamlit still running? If you accidentally stopped Streamlit, just restart it in your terminal: @ http://localhost:18501/static/js/index.k-9rUdPI.js:24
[17127358ms] [ERROR] Failed to load resource: net::ERR_CONNECTION_REFUSED @ http://localhost:18501/_stcore/host-config:0
[17131740ms] [ERROR] Failed to load resource: net::ERR_CONNECTION_REFUSED @ http://localhost:18501/_stcore/health:0
[17131740ms] [ERROR] Client Error in reaching server endpoint - No response received when attempting to reach /_stcore/health @ http://localhost:18501/static/js/index.k-9rUdPI.js:19
[17131740ms] [ERROR] Is Streamlit still running? If you accidentally stopped Streamlit, just restart it in your terminal: @ http://localhost:18501/static/js/index.k-9rUdPI.js:24
[17131766ms] [ERROR] Failed to load resource: net::ERR_CONNECTION_REFUSED @ http://localhost:18501/_stcore/host-config:0
[17136119ms] [ERROR] Failed to load resource: net::ERR_CONNECTION_REFUSED @ http://localhost:18501/_stcore/health:0
[17136119ms] [ERROR] Client Error in reaching server endpoint - No response received when attempting to reach /_stcore/health @ http://localhost:18501/static/js/index.k-9rUdPI.js:19
[17136120ms] [ERROR] Is Streamlit still running? If you accidentally stopped Streamlit, just restart it in your terminal: @ http://localhost:18501/static/js/index.k-9rUdPI.js:24
[17136145ms] [ERROR] Failed to load resource: net::ERR_CONNECTION_REFUSED @ http://localhost:18501/_stcore/host-config:0
[17140472ms] [ERROR] Failed to load resource: net::ERR_CONNECTION_REFUSED @ http://localhost:18501/_stcore/health:0
[17140472ms] [ERROR] Client Error in reaching server endpoint - No response received when attempting to reach /_stcore/health @ http://localhost:18501/static/js/index.k-9rUdPI.js:19
[17140473ms] [ERROR] Is Streamlit still running? If you accidentally stopped Streamlit, just restart it in your terminal: @ http://localhost:18501/static/js/index.k-9rUdPI.js:24
[17140473ms] [ERROR] Failed to load resource: net::ERR_CONNECTION_REFUSED @ http://localhost:18501/_stcore/host-config:0
[17144875ms] [ERROR] Failed to load resource: net::ERR_CONNECTION_REFUSED @ http://localhost:18501/_stcore/health:0
[17144875ms] [ERROR] Client Error in reaching server endpoint - No response received when attempting to reach /_stcore/health @ http://localhost:18501/static/js/index.k-9rUdPI.js:19
[17144876ms] [ERROR] Is Streamlit still running? If you accidentally stopped Streamlit, just restart it in your terminal: @ http://localhost:18501/static/js/index.k-9rUdPI.js:24
[17144878ms] [ERROR] Failed to load resource: net::ERR_CONNECTION_REFUSED @ http://localhost:18501/_stcore/host-config:0
[17149243ms] [ERROR] Failed to load resource: net::ERR_CONNECTION_REFUSED @ http://localhost:18501/_stcore/health:0
[17149243ms] [ERROR] Client Error in reaching server endpoint - No response received when attempting to reach /_stcore/health @ http://localhost:18501/static/js/index.k-9rUdPI.js:19
[17149243ms] [ERROR] Is Streamlit still running? If you accidentally stopped Streamlit, just restart it in your terminal: @ http://localhost:18501/static/js/index.k-9rUdPI.js:24
[17149244ms] [ERROR] Failed to load resource: net::ERR_CONNECTION_REFUSED @ http://localhost:18501/_stcore/host-config:0
[17153646ms] [ERROR] Failed to load resource: net::ERR_CONNECTION_REFUSED @ http://localhost:18501/_stcore/health:0
[17153647ms] [ERROR] Client Error in reaching server endpoint - No response received when attempting to reach /_stcore/health @ http://localhost:18501/static/js/index.k-9rUdPI.js:19
[17153647ms] [ERROR] Is Streamlit still running? If you accidentally stopped Streamlit, just restart it in your terminal: @ http://localhost:18501/static/js/index.k-9rUdPI.js:24
[17153648ms] [ERROR] Failed to load resource: net::ERR_CONNECTION_REFUSED @ http://localhost:18501/_stcore/host-config:0
[17158039ms] [ERROR] Failed to load resource: net::ERR_CONNECTION_REFUSED @ http://localhost:18501/_stcore/health:0
[17158039ms] [ERROR] Client Error in reaching server endpoint - No response received when attempting to reach /_stcore/health @ http://localhost:18501/static/js/index.k-9rUdPI.js:19
[17158039ms] [ERROR] Is Streamlit still running? If you accidentally stopped Streamlit, just restart it in your terminal: @ http://localhost:18501/static/js/index.k-9rUdPI.js:24
[17158039ms] [ERROR] Failed to load resource: net::ERR_CONNECTION_REFUSED @ http://localhost:18501/_stcore/host-config:0
[17162460ms] [ERROR] Failed to load resource: net::ERR_CONNECTION_REFUSED @ http://localhost:18501/_stcore/health:0
[17162460ms] [ERROR] Client Error in reaching server endpoint - No response received when attempting to reach /_stcore/health @ http://localhost:18501/static/js/index.k-9rUdPI.js:19
[17162461ms] [ERROR] Is Streamlit still running? If you accidentally stopped Streamlit, just restart it in your terminal: @ http://localhost:18501/static/js/index.k-9rUdPI.js:24
[17162462ms] [ERROR] Failed to load resource: net::ERR_CONNECTION_REFUSED @ http://localhost:18501/_stcore/host-config:0
[17166872ms] [ERROR] Failed to load resource: net::ERR_CONNECTION_REFUSED @ http://localhost:18501/_stcore/health:0
[17166873ms] [ERROR] Client Error in reaching server endpoint - No response received when attempting to reach /_stcore/health @ http://localhost:18501/static/js/index.k-9rUdPI.js:19
[17166874ms] [ERROR] Is Streamlit still running? If you accidentally stopped Streamlit, just restart it in your terminal: @ http://localhost:18501/static/js/index.k-9rUdPI.js:24
[17166877ms] [ERROR] Failed to load resource: net::ERR_CONNECTION_REFUSED @ http://localhost:18501/_stcore/host-config:0
[17171245ms] [ERROR] Failed to load resource: net::ERR_CONNECTION_REFUSED @ http://localhost:18501/_stcore/health:0
[17171245ms] [ERROR] Client Error in reaching server endpoint - No response received when attempting to reach /_stcore/health @ http://localhost:18501/static/js/index.k-9rUdPI.js:19
[17171245ms] [ERROR] Is Streamlit still running? If you accidentally stopped Streamlit, just restart it in your terminal: @ http://localhost:18501/static/js/index.k-9rUdPI.js:24
[17171245ms] [ERROR] Failed to load resource: net::ERR_CONNECTION_REFUSED @ http://localhost:18501/_stcore/host-config:0
[17175622ms] [ERROR] Failed to load resource: net::ERR_CONNECTION_REFUSED @ http://localhost:18501/_stcore/health:0
[17175622ms] [ERROR] Client Error in reaching server endpoint - No response received when attempting to reach /_stcore/health @ http://localhost:18501/static/js/index.k-9rUdPI.js:19
[17175622ms] [ERROR] Is Streamlit still running? If you accidentally stopped Streamlit, just restart it in your terminal: @ http://localhost:18501/static/js/index.k-9rUdPI.js:24
[17175622ms] [ERROR] Failed to load resource: net::ERR_CONNECTION_REFUSED @ http://localhost:18501/_stcore/host-config:0
[17180008ms] [ERROR] Failed to load resource: net::ERR_CONNECTION_REFUSED @ http://localhost:18501/_stcore/health:0
[17180008ms] [ERROR] Client Error in reaching server endpoint - No response received when attempting to reach /_stcore/health @ http://localhost:18501/static/js/index.k-9rUdPI.js:19
[17180008ms] [ERROR] Is Streamlit still running? If you accidentally stopped Streamlit, just restart it in your terminal: @ http://localhost:18501/static/js/index.k-9rUdPI.js:24
[17180008ms] [ERROR] Failed to load resource: net::ERR_CONNECTION_REFUSED @ http://localhost:18501/_stcore/host-config:0
[17184384ms] [ERROR] Failed to load resource: net::ERR_CONNECTION_REFUSED @ http://localhost:18501/_stcore/health:0
[17184384ms] [ERROR] Client Error in reaching server endpoint - No response received when attempting to reach /_stcore/health @ http://localhost:18501/static/js/index.k-9rUdPI.js:19
[17184384ms] [ERROR] Is Streamlit still running? If you accidentally stopped Streamlit, just restart it in your terminal: @ http://localhost:18501/static/js/index.k-9rUdPI.js:24
[17184477ms] [ERROR] Failed to load resource: net::ERR_CONNECTION_REFUSED @ http://localhost:18501/_stcore/host-config:0
[17188787ms] [ERROR] Failed to load resource: net::ERR_CONNECTION_REFUSED @ http://localhost:18501/_stcore/health:0
[17188788ms] [ERROR] Client Error in reaching server endpoint - No response received when attempting to reach /_stcore/health @ http://localhost:18501/static/js/index.k-9rUdPI.js:19
[17188788ms] [ERROR] Is Streamlit still running? If you accidentally stopped Streamlit, just restart it in your terminal: @ http://localhost:18501/static/js/index.k-9rUdPI.js:24
[17188790ms] [ERROR] Failed to load resource: net::ERR_CONNECTION_REFUSED @ http://localhost:18501/_stcore/host-config:0
[17193177ms] [ERROR] Failed to load resource: net::ERR_CONNECTION_REFUSED @ http://localhost:18501/_stcore/health:0
[17193177ms] [ERROR] Client Error in reaching server endpoint - No response received when attempting to reach /_stcore/health @ http://localhost:18501/static/js/index.k-9rUdPI.js:19
[17193177ms] [ERROR] Is Streamlit still running? If you accidentally stopped Streamlit, just restart it in your terminal: @ http://localhost:18501/static/js/index.k-9rUdPI.js:24
[17193179ms] [ERROR] Failed to load resource: net::ERR_CONNECTION_REFUSED @ http://localhost:18501/_stcore/host-config:0
[17197585ms] [ERROR] Failed to load resource: net::ERR_CONNECTION_REFUSED @ http://localhost:18501/_stcore/health:0
[17197586ms] [ERROR] Client Error in reaching server endpoint - No response received when attempting to reach /_stcore/health @ http://localhost:18501/static/js/index.k-9rUdPI.js:19
[17197587ms] [ERROR] Is Streamlit still running? If you accidentally stopped Streamlit, just restart it in your terminal: @ http://localhost:18501/static/js/index.k-9rUdPI.js:24
[17197589ms] [ERROR] Failed to load resource: net::ERR_CONNECTION_REFUSED @ http://localhost:18501/_stcore/host-config:0
[17201973ms] [ERROR] Failed to load resource: net::ERR_CONNECTION_REFUSED @ http://localhost:18501/_stcore/health:0
[17201973ms] [ERROR] Client Error in reaching server endpoint - No response received when attempting to reach /_stcore/health @ http://localhost:18501/static/js/index.k-9rUdPI.js:19
[17201974ms] [ERROR] Is Streamlit still running? If you accidentally stopped Streamlit, just restart it in your terminal: @ http://localhost:18501/static/js/index.k-9rUdPI.js:24
[17201974ms] [ERROR] Failed to load resource: net::ERR_CONNECTION_REFUSED @ http://localhost:18501/_stcore/host-config:0
[17206328ms] [ERROR] Failed to load resource: net::ERR_CONNECTION_REFUSED @ http://localhost:18501/_stcore/health:0
[17206328ms] [ERROR] Client Error in reaching server endpoint - No response received when attempting to reach /_stcore/health @ http://localhost:18501/static/js/index.k-9rUdPI.js:19
[17206328ms] [ERROR] Is Streamlit still running? If you accidentally stopped Streamlit, just restart it in your terminal: @ http://localhost:18501/static/js/index.k-9rUdPI.js:24
[17206329ms] [ERROR] Failed to load resource: net::ERR_CONNECTION_REFUSED @ http://localhost:18501/_stcore/host-config:0
[17210690ms] [ERROR] Failed to load resource: net::ERR_CONNECTION_REFUSED @ http://localhost:18501/_stcore/health:0
[17210690ms] [ERROR] Client Error in reaching server endpoint - No response received when attempting to reach /_stcore/health @ http://localhost:18501/static/js/index.k-9rUdPI.js:19
[17210690ms] [ERROR] Is Streamlit still running? If you accidentally stopped Streamlit, just restart it in your terminal: @ http://localhost:18501/static/js/index.k-9rUdPI.js:24
[17210691ms] [ERROR] Failed to load resource: net::ERR_CONNECTION_REFUSED @ http://localhost:18501/_stcore/host-config:0
[17215087ms] [ERROR] Failed to load resource: net::ERR_CONNECTION_REFUSED @ http://localhost:18501/_stcore/health:0
[17215087ms] [ERROR] Client Error in reaching server endpoint - No response received when attempting to reach /_stcore/health @ http://localhost:18501/static/js/index.k-9rUdPI.js:19
[17215087ms] [ERROR] Is Streamlit still running? If you accidentally stopped Streamlit, just restart it in your terminal: @ http://localhost:18501/static/js/index.k-9rUdPI.js:24
[17215088ms] [ERROR] Failed to load resource: net::ERR_CONNECTION_REFUSED @ http://localhost:18501/_stcore/host-config:0
[17219480ms] [ERROR] Failed to load resource: net::ERR_CONNECTION_REFUSED @ http://localhost:18501/_stcore/health:0
[17219481ms] [ERROR] Client Error in reaching server endpoint - No response received when attempting to reach /_stcore/health @ http://localhost:18501/static/js/index.k-9rUdPI.js:19
[17219484ms] [ERROR] Is Streamlit still running? If you accidentally stopped Streamlit, just restart it in your terminal: @ http://localhost:18501/static/js/index.k-9rUdPI.js:24
[17219560ms] [ERROR] Failed to load resource: net::ERR_CONNECTION_REFUSED @ http://localhost:18501/_stcore/host-config:0
[17223862ms] [ERROR] Failed to load resource: net::ERR_CONNECTION_REFUSED @ http://localhost:18501/_stcore/health:0
[17223862ms] [ERROR] Client Error in reaching server endpoint - No response received when attempting to reach /_stcore/health @ http://localhost:18501/static/js/index.k-9rUdPI.js:19
[17223862ms] [ERROR] Is Streamlit still running? If you accidentally stopped Streamlit, just restart it in your terminal: @ http://localhost:18501/static/js/index.k-9rUdPI.js:24
[17223888ms] [ERROR] Failed to load resource: net::ERR_CONNECTION_REFUSED @ http://localhost:18501/_stcore/host-config:0
[17228226ms] [ERROR] Failed to load resource: net::ERR_CONNECTION_REFUSED @ http://localhost:18501/_stcore/health:0
[17228226ms] [ERROR] Client Error in reaching server endpoint - No response received when attempting to reach /_stcore/health @ http://localhost:18501/static/js/index.k-9rUdPI.js:19
[17228227ms] [ERROR] Is Streamlit still running? If you accidentally stopped Streamlit, just restart it in your terminal: @ http://localhost:18501/static/js/index.k-9rUdPI.js:24
[17228228ms] [ERROR] Failed to load resource: net::ERR_CONNECTION_REFUSED @ http://localhost:18501/_stcore/host-config:0
[17232632ms] [ERROR] Failed to load resource: net::ERR_CONNECTION_REFUSED @ http://localhost:18501/_stcore/health:0
[17232632ms] [ERROR] Client Error in reaching server endpoint - No response received when attempting to reach /_stcore/health @ http://localhost:18501/static/js/index.k-9rUdPI.js:19
[17232632ms] [ERROR] Is Streamlit still running? If you accidentally stopped Streamlit, just restart it in your terminal: @ http://localhost:18501/static/js/index.k-9rUdPI.js:24
[17232707ms] [ERROR] Failed to load resource: net::ERR_CONNECTION_REFUSED @ http://localhost:18501/_stcore/host-config:0
[17237033ms] [ERROR] Failed to load resource: net::ERR_CONNECTION_REFUSED @ http://localhost:18501/_stcore/health:0
[17237033ms] [ERROR] Client Error in reaching server endpoint - No response received when attempting to reach /_stcore/health @ http://localhost:18501/static/js/index.k-9rUdPI.js:19
[17237033ms] [ERROR] Is Streamlit still running? If you accidentally stopped Streamlit, just restart it in your terminal: @ http://localhost:18501/static/js/index.k-9rUdPI.js:24
[17237034ms] [ERROR] Failed to load resource: net::ERR_CONNECTION_REFUSED @ http://localhost:18501/_stcore/host-config:0
[17241446ms] [ERROR] Failed to load resource: net::ERR_CONNECTION_REFUSED @ http://localhost:18501/_stcore/health:0
[17241446ms] [ERROR] Client Error in reaching server endpoint - No response received when attempting to reach /_stcore/health @ http://localhost:18501/static/js/index.k-9rUdPI.js:19
[17241447ms] [ERROR] Is Streamlit still running? If you accidentally stopped Streamlit, just restart it in your terminal: @ http://localhost:18501/static/js/index.k-9rUdPI.js:24
[17241593ms] [ERROR] Failed to load resource: net::ERR_CONNECTION_REFUSED @ http://localhost:18501/_stcore/host-config:0
[17245927ms] [ERROR] Failed to load resource: net::ERR_CONNECTION_REFUSED @ http://localhost:18501/_stcore/health:0
[17245928ms] [ERROR] Client Error in reaching server endpoint - No response received when attempting to reach /_stcore/health @ http://localhost:18501/static/js/index.k-9rUdPI.js:19
[17245928ms] [ERROR] Is Streamlit still running? If you accidentally stopped Streamlit, just restart it in your terminal: @ http://localhost:18501/static/js/index.k-9rUdPI.js:24
[17245928ms] [ERROR] Failed to load resource: net::ERR_CONNECTION_REFUSED @ http://localhost:18501/_stcore/host-config:0
[17250295ms] [ERROR] Failed to load resource: net::ERR_CONNECTION_REFUSED @ http://localhost:18501/_stcore/health:0
[17250295ms] [ERROR] Client Error in reaching server endpoint - No response received when attempting to reach /_stcore/health @ http://localhost:18501/static/js/index.k-9rUdPI.js:19
[17250295ms] [ERROR] Is Streamlit still running? If you accidentally stopped Streamlit, just restart it in your terminal: @ http://localhost:18501/static/js/index.k-9rUdPI.js:24
[17250297ms] [ERROR] Failed to load resource: net::ERR_CONNECTION_REFUSED @ http://localhost:18501/_stcore/host-config:0
[17254690ms] [ERROR] Failed to load resource: net::ERR_CONNECTION_REFUSED @ http://localhost:18501/_stcore/health:0
[17254690ms] [ERROR] Client Error in reaching server endpoint - No response received when attempting to reach /_stcore/health @ http://localhost:18501/static/js/index.k-9rUdPI.js:19
[17254690ms] [ERROR] Is Streamlit still running? If you accidentally stopped Streamlit, just restart it in your terminal: @ http://localhost:18501/static/js/index.k-9rUdPI.js:24
[17254695ms] [ERROR] Failed to load resource: net::ERR_CONNECTION_REFUSED @ http://localhost:18501/_stcore/host-config:0
[17259148ms] [ERROR] Failed to load resource: net::ERR_CONNECTION_REFUSED @ http://localhost:18501/_stcore/health:0
[17259149ms] [ERROR] Client Error in reaching server endpoint - No response received when attempting to reach /_stcore/health @ http://localhost:18501/static/js/index.k-9rUdPI.js:19
[17259150ms] [ERROR] Is Streamlit still running? If you accidentally stopped Streamlit, just restart it in your terminal: @ http://localhost:18501/static/js/index.k-9rUdPI.js:24
[17259319ms] [ERROR] Failed to load resource: net::ERR_CONNECTION_REFUSED @ http://localhost:18501/_stcore/host-config:0
[17263496ms] [ERROR] Failed to load resource: net::ERR_CONNECTION_REFUSED @ http://localhost:18501/_stcore/health:0
[17263496ms] [ERROR] Client Error in reaching server endpoint - No response received when attempting to reach /_stcore/health @ http://localhost:18501/static/js/index.k-9rUdPI.js:19
[17263497ms] [ERROR] Is Streamlit still running? If you accidentally stopped Streamlit, just restart it in your terminal: @ http://localhost:18501/static/js/index.k-9rUdPI.js:24
[17263521ms] [ERROR] Failed to load resource: net::ERR_CONNECTION_REFUSED @ http://localhost:18501/_stcore/host-config:0
[17267856ms] [ERROR] Failed to load resource: net::ERR_CONNECTION_REFUSED @ http://localhost:18501/_stcore/health:0
[17267856ms] [ERROR] Client Error in reaching server endpoint - No response received when attempting to reach /_stcore/health @ http://localhost:18501/static/js/index.k-9rUdPI.js:19
[17267857ms] [ERROR] Is Streamlit still running? If you accidentally stopped Streamlit, just restart it in your terminal: @ http://localhost:18501/static/js/index.k-9rUdPI.js:24
[17267883ms] [ERROR] Failed to load resource: net::ERR_CONNECTION_REFUSED @ http://localhost:18501/_stcore/host-config:0
[17272227ms] [ERROR] Failed to load resource: net::ERR_CONNECTION_REFUSED @ http://localhost:18501/_stcore/health:0
[17272228ms] [ERROR] Client Error in reaching server endpoint - No response received when attempting to reach /_stcore/health @ http://localhost:18501/static/js/index.k-9rUdPI.js:19
[17272228ms] [ERROR] Is Streamlit still running? If you accidentally stopped Streamlit, just restart it in your terminal: @ http://localhost:18501/static/js/index.k-9rUdPI.js:24
[17272405ms] [ERROR] Failed to load resource: net::ERR_CONNECTION_REFUSED @ http://localhost:18501/_stcore/host-config:0
[17276626ms] [ERROR] Failed to load resource: net::ERR_CONNECTION_REFUSED @ http://localhost:18501/_stcore/health:0
[17276627ms] [ERROR] Client Error in reaching server endpoint - No response received when attempting to reach /_stcore/health @ http://localhost:18501/static/js/index.k-9rUdPI.js:19
[17276627ms] [ERROR] Is Streamlit still running? If you accidentally stopped Streamlit, just restart it in your terminal: @ http://localhost:18501/static/js/index.k-9rUdPI.js:24
[17276628ms] [ERROR] Failed to load resource: net::ERR_CONNECTION_REFUSED @ http://localhost:18501/_stcore/host-config:0
[17281000ms] [ERROR] Failed to load resource: net::ERR_CONNECTION_REFUSED @ http://localhost:18501/_stcore/health:0
[17281005ms] [ERROR] Client Error in reaching server endpoint - No response received when attempting to reach /_stcore/health @ http://localhost:18501/static/js/index.k-9rUdPI.js:19
[17281005ms] [ERROR] Is Streamlit still running? If you accidentally stopped Streamlit, just restart it in your terminal: @ http://localhost:18501/static/js/index.k-9rUdPI.js:24
[17281148ms] [ERROR] Failed to load resource: net::ERR_CONNECTION_REFUSED @ http://localhost:18501/_stcore/host-config:0
[17285431ms] [ERROR] Failed to load resource: net::ERR_CONNECTION_REFUSED @ http://localhost:18501/_stcore/health:0
[17285431ms] [ERROR] Client Error in reaching server endpoint - No response received when attempting to reach /_stcore/health @ http://localhost:18501/static/js/index.k-9rUdPI.js:19
[17285432ms] [ERROR] Is Streamlit still running? If you accidentally stopped Streamlit, just restart it in your terminal: @ http://localhost:18501/static/js/index.k-9rUdPI.js:24
[17285476ms] [ERROR] Failed to load resource: net::ERR_CONNECTION_REFUSED @ http://localhost:18501/_stcore/host-config:0
[17289783ms] [ERROR] Failed to load resource: net::ERR_CONNECTION_REFUSED @ http://localhost:18501/_stcore/health:0
[17289783ms] [ERROR] Client Error in reaching server endpoint - No response received when attempting to reach /_stcore/health @ http://localhost:18501/static/js/index.k-9rUdPI.js:19
[17289783ms] [ERROR] Is Streamlit still running? If you accidentally stopped Streamlit, just restart it in your terminal: @ http://localhost:18501/static/js/index.k-9rUdPI.js:24
[17289783ms] [ERROR] Failed to load resource: net::ERR_CONNECTION_REFUSED @ http://localhost:18501/_stcore/host-config:0
[17294140ms] [ERROR] Failed to load resource: net::ERR_CONNECTION_REFUSED @ http://localhost:18501/_stcore/health:0
[17294140ms] [ERROR] Client Error in reaching server endpoint - No response received when attempting to reach /_stcore/health @ http://localhost:18501/static/js/index.k-9rUdPI.js:19
[17294140ms] [ERROR] Is Streamlit still running? If you accidentally stopped Streamlit, just restart it in your terminal: @ http://localhost:18501/static/js/index.k-9rUdPI.js:24
[17294140ms] [ERROR] Failed to load resource: net::ERR_CONNECTION_REFUSED @ http://localhost:18501/_stcore/host-config:0
[17298500ms] [ERROR] Failed to load resource: net::ERR_CONNECTION_REFUSED @ http://localhost:18501/_stcore/health:0
[17298500ms] [ERROR] Client Error in reaching server endpoint - No response received when attempting to reach /_stcore/health @ http://localhost:18501/static/js/index.k-9rUdPI.js:19
[17298501ms] [ERROR] Is Streamlit still running? If you accidentally stopped Streamlit, just restart it in your terminal: @ http://localhost:18501/static/js/index.k-9rUdPI.js:24
[17298502ms] [ERROR] Failed to load resource: net::ERR_CONNECTION_REFUSED @ http://localhost:18501/_stcore/host-config:0
[17302890ms] [ERROR] Failed to load resource: net::ERR_CONNECTION_REFUSED @ http://localhost:18501/_stcore/health:0
[17302891ms] [ERROR] Client Error in reaching server endpoint - No response received when attempting to reach /_stcore/health @ http://localhost:18501/static/js/index.k-9rUdPI.js:19
[17302892ms] [ERROR] Is Streamlit still running? If you accidentally stopped Streamlit, just restart it in your terminal: @ http://localhost:18501/static/js/index.k-9rUdPI.js:24
[17302892ms] [ERROR] Failed to load resource: net::ERR_CONNECTION_REFUSED @ http://localhost:18501/_stcore/host-config:0
[17307254ms] [ERROR] Failed to load resource: net::ERR_CONNECTION_REFUSED @ http://localhost:18501/_stcore/health:0
[17307254ms] [ERROR] Client Error in reaching server endpoint - No response received when attempting to reach /_stcore/health @ http://localhost:18501/static/js/index.k-9rUdPI.js:19
[17307254ms] [ERROR] Is Streamlit still running? If you accidentally stopped Streamlit, just restart it in your terminal: @ http://localhost:18501/static/js/index.k-9rUdPI.js:24
[17307311ms] [ERROR] Failed to load resource: net::ERR_CONNECTION_REFUSED @ http://localhost:18501/_stcore/host-config:0
[17311618ms] [ERROR] Failed to load resource: net::ERR_CONNECTION_REFUSED @ http://localhost:18501/_stcore/health:0
[17311618ms] [ERROR] Client Error in reaching server endpoint - No response received when attempting to reach /_stcore/health @ http://localhost:18501/static/js/index.k-9rUdPI.js:19
[17311618ms] [ERROR] Is Streamlit still running? If you accidentally stopped Streamlit, just restart it in your terminal: @ http://localhost:18501/static/js/index.k-9rUdPI.js:24
[17311619ms] [ERROR] Failed to load resource: net::ERR_CONNECTION_REFUSED @ http://localhost:18501/_stcore/host-config:0
[17315978ms] [ERROR] Failed to load resource: net::ERR_CONNECTION_REFUSED @ http://localhost:18501/_stcore/health:0
[17315978ms] [ERROR] Client Error in reaching server endpoint - No response received when attempting to reach /_stcore/health @ http://localhost:18501/static/js/index.k-9rUdPI.js:19
[17315979ms] [ERROR] Is Streamlit still running? If you accidentally stopped Streamlit, just restart it in your terminal: @ http://localhost:18501/static/js/index.k-9rUdPI.js:24
[17315979ms] [ERROR] Failed to load resource: net::ERR_CONNECTION_REFUSED @ http://localhost:18501/_stcore/host-config:0
[17320343ms] [ERROR] Failed to load resource: net::ERR_CONNECTION_REFUSED @ http://localhost:18501/_stcore/health:0
[17320343ms] [ERROR] Client Error in reaching server endpoint - No response received when attempting to reach /_stcore/health @ http://localhost:18501/static/js/index.k-9rUdPI.js:19
[17320344ms] [ERROR] Is Streamlit still running? If you accidentally stopped Streamlit, just restart it in your terminal: @ http://localhost:18501/static/js/index.k-9rUdPI.js:24
[17320344ms] [ERROR] Failed to load resource: net::ERR_CONNECTION_REFUSED @ http://localhost:18501/_stcore/host-config:0
[17324706ms] [ERROR] Failed to load resource: net::ERR_CONNECTION_REFUSED @ http://localhost:18501/_stcore/health:0
[17324707ms] [ERROR] Client Error in reaching server endpoint - No response received when attempting to reach /_stcore/health @ http://localhost:18501/static/js/index.k-9rUdPI.js:19
[17324707ms] [ERROR] Is Streamlit still running? If you accidentally stopped Streamlit, just restart it in your terminal: @ http://localhost:18501/static/js/index.k-9rUdPI.js:24
[17324707ms] [ERROR] Failed to load resource: net::ERR_CONNECTION_REFUSED @ http://localhost:18501/_stcore/host-config:0
[17329067ms] [ERROR] Failed to load resource: net::ERR_CONNECTION_REFUSED @ http://localhost:18501/_stcore/health:0
[17329067ms] [ERROR] Client Error in reaching server endpoint - No response received when attempting to reach /_stcore/health @ http://localhost:18501/static/js/index.k-9rUdPI.js:19
[17329067ms] [ERROR] Is Streamlit still running? If you accidentally stopped Streamlit, just restart it in your terminal: @ http://localhost:18501/static/js/index.k-9rUdPI.js:24
[17329068ms] [ERROR] Failed to load resource: net::ERR_CONNECTION_REFUSED @ http://localhost:18501/_stcore/host-config:0
[17333432ms] [ERROR] Failed to load resource: net::ERR_CONNECTION_REFUSED @ http://localhost:18501/_stcore/health:0
[17333432ms] [ERROR] Client Error in reaching server endpoint - No response received when attempting to reach /_stcore/health @ http://localhost:18501/static/js/index.k-9rUdPI.js:19
[17333433ms] [ERROR] Is Streamlit still running? If you accidentally stopped Streamlit, just restart it in your terminal: @ http://localhost:18501/static/js/index.k-9rUdPI.js:24
[17333433ms] [ERROR] Failed to load resource: net::ERR_CONNECTION_REFUSED @ http://localhost:18501/_stcore/host-config:0
[17337799ms] [ERROR] Failed to load resource: net::ERR_CONNECTION_REFUSED @ http://localhost:18501/_stcore/health:0
[17337799ms] [ERROR] Client Error in reaching server endpoint - No response received when attempting to reach /_stcore/health @ http://localhost:18501/static/js/index.k-9rUdPI.js:19
[17337799ms] [ERROR] Is Streamlit still running? If you accidentally stopped Streamlit, just restart it in your terminal: @ http://localhost:18501/static/js/index.k-9rUdPI.js:24
[17337800ms] [ERROR] Failed to load resource: net::ERR_CONNECTION_REFUSED @ http://localhost:18501/_stcore/host-config:0
[17342142ms] [ERROR] Failed to load resource: net::ERR_CONNECTION_REFUSED @ http://localhost:18501/_stcore/health:0
[17342142ms] [ERROR] Client Error in reaching server endpoint - No response received when attempting to reach /_stcore/health @ http://localhost:18501/static/js/index.k-9rUdPI.js:19
[17342142ms] [ERROR] Is Streamlit still running? If you accidentally stopped Streamlit, just restart it in your terminal: @ http://localhost:18501/static/js/index.k-9rUdPI.js:24
[17342142ms] [ERROR] Failed to load resource: net::ERR_CONNECTION_REFUSED @ http://localhost:18501/_stcore/host-config:0
[17346500ms] [ERROR] Failed to load resource: net::ERR_CONNECTION_REFUSED @ http://localhost:18501/_stcore/health:0
[17346500ms] [ERROR] Client Error in reaching server endpoint - No response received when attempting to reach /_stcore/health @ http://localhost:18501/static/js/index.k-9rUdPI.js:19
[17346500ms] [ERROR] Is Streamlit still running? If you accidentally stopped Streamlit, just restart it in your terminal: @ http://localhost:18501/static/js/index.k-9rUdPI.js:24
[17346500ms] [ERROR] Failed to load resource: net::ERR_CONNECTION_REFUSED @ http://localhost:18501/_stcore/host-config:0
[17350852ms] [ERROR] Failed to load resource: net::ERR_CONNECTION_REFUSED @ http://localhost:18501/_stcore/health:0
[17350852ms] [ERROR] Client Error in reaching server endpoint - No response received when attempting to reach /_stcore/health @ http://localhost:18501/static/js/index.k-9rUdPI.js:19
[17350852ms] [ERROR] Is Streamlit still running? If you accidentally stopped Streamlit, just restart it in your terminal: @ http://localhost:18501/static/js/index.k-9rUdPI.js:24
[17350853ms] [ERROR] Failed to load resource: net::ERR_CONNECTION_REFUSED @ http://localhost:18501/_stcore/host-config:0
[17355219ms] [ERROR] Failed to load resource: net::ERR_CONNECTION_REFUSED @ http://localhost:18501/_stcore/health:0
[17355219ms] [ERROR] Client Error in reaching server endpoint - No response received when attempting to reach /_stcore/health @ http://localhost:18501/static/js/index.k-9rUdPI.js:19
[17355219ms] [ERROR] Is Streamlit still running? If you accidentally stopped Streamlit, just restart it in your terminal: @ http://localhost:18501/static/js/index.k-9rUdPI.js:24
[17355219ms] [ERROR] Failed to load resource: net::ERR_CONNECTION_REFUSED @ http://localhost:18501/_stcore/host-config:0
[17359582ms] [ERROR] Failed to load resource: net::ERR_CONNECTION_REFUSED @ http://localhost:18501/_stcore/health:0
[17359582ms] [ERROR] Client Error in reaching server endpoint - No response received when attempting to reach /_stcore/health @ http://localhost:18501/static/js/index.k-9rUdPI.js:19
[17359582ms] [ERROR] Is Streamlit still running? If you accidentally stopped Streamlit, just restart it in your terminal: @ http://localhost:18501/static/js/index.k-9rUdPI.js:24
[17359583ms] [ERROR] Failed to load resource: net::ERR_CONNECTION_REFUSED @ http://localhost:18501/_stcore/host-config:0
[17363935ms] [ERROR] Failed to load resource: net::ERR_CONNECTION_REFUSED @ http://localhost:18501/_stcore/health:0
[17363935ms] [ERROR] Client Error in reaching server endpoint - No response received when attempting to reach /_stcore/health @ http://localhost:18501/static/js/index.k-9rUdPI.js:19
[17363935ms] [ERROR] Is Streamlit still running? If you accidentally stopped Streamlit, just restart it in your terminal: @ http://localhost:18501/static/js/index.k-9rUdPI.js:24
[17363936ms] [ERROR] Failed to load resource: net::ERR_CONNECTION_REFUSED @ http://localhost:18501/_stcore/host-config:0
[17368318ms] [ERROR] Failed to load resource: net::ERR_CONNECTION_REFUSED @ http://localhost:18501/_stcore/health:0
[17368319ms] [ERROR] Client Error in reaching server endpoint - No response received when attempting to reach /_stcore/health @ http://localhost:18501/static/js/index.k-9rUdPI.js:19
[17368320ms] [ERROR] Is Streamlit still running? If you accidentally stopped Streamlit, just restart it in your terminal: @ http://localhost:18501/static/js/index.k-9rUdPI.js:24
[17368389ms] [ERROR] Failed to load resource: net::ERR_CONNECTION_REFUSED @ http://localhost:18501/_stcore/host-config:0
[17372740ms] [ERROR] Failed to load resource: net::ERR_CONNECTION_REFUSED @ http://localhost:18501/_stcore/health:0
[17372740ms] [ERROR] Client Error in reaching server endpoint - No response received when attempting to reach /_stcore/health @ http://localhost:18501/static/js/index.k-9rUdPI.js:19
[17372742ms] [ERROR] Is Streamlit still running? If you accidentally stopped Streamlit, just restart it in your terminal: @ http://localhost:18501/static/js/index.k-9rUdPI.js:24
[17372946ms] [ERROR] Failed to load resource: net::ERR_CONNECTION_REFUSED @ http://localhost:18501/_stcore/host-config:0
[17377140ms] [ERROR] Failed to load resource: net::ERR_CONNECTION_REFUSED @ http://localhost:18501/_stcore/health:0
[17377140ms] [ERROR] Client Error in reaching server endpoint - No response received when attempting to reach /_stcore/health @ http://localhost:18501/static/js/index.k-9rUdPI.js:19
[17377141ms] [ERROR] Is Streamlit still running? If you accidentally stopped Streamlit, just restart it in your terminal: @ http://localhost:18501/static/js/index.k-9rUdPI.js:24
[17377239ms] [ERROR] Failed to load resource: net::ERR_CONNECTION_REFUSED @ http://localhost:18501/_stcore/host-config:0
[17381505ms] [ERROR] Failed to load resource: net::ERR_CONNECTION_REFUSED @ http://localhost:18501/_stcore/health:0
[17381505ms] [ERROR] Client Error in reaching server endpoint - No response received when attempting to reach /_stcore/health @ http://localhost:18501/static/js/index.k-9rUdPI.js:19
[17381506ms] [ERROR] Is Streamlit still running? If you accidentally stopped Streamlit, just restart it in your terminal: @ http://localhost:18501/static/js/index.k-9rUdPI.js:24
[17381609ms] [ERROR] Failed to load resource: net::ERR_CONNECTION_REFUSED @ http://localhost:18501/_stcore/host-config:0
[17385895ms] [ERROR] Failed to load resource: net::ERR_CONNECTION_REFUSED @ http://localhost:18501/_stcore/health:0
[17385895ms] [ERROR] Client Error in reaching server endpoint - No response received when attempting to reach /_stcore/health @ http://localhost:18501/static/js/index.k-9rUdPI.js:19
[17385895ms] [ERROR] Is Streamlit still running? If you accidentally stopped Streamlit, just restart it in your terminal: @ http://localhost:18501/static/js/index.k-9rUdPI.js:24
[17385896ms] [ERROR] Failed to load resource: net::ERR_CONNECTION_REFUSED @ http://localhost:18501/_stcore/host-config:0
[17390241ms] [ERROR] Failed to load resource: net::ERR_CONNECTION_REFUSED @ http://localhost:18501/_stcore/health:0
[17390241ms] [ERROR] Client Error in reaching server endpoint - No response received when attempting to reach /_stcore/health @ http://localhost:18501/static/js/index.k-9rUdPI.js:19
[17390241ms] [ERROR] Is Streamlit still running? If you accidentally stopped Streamlit, just restart it in your terminal: @ http://localhost:18501/static/js/index.k-9rUdPI.js:24
[17390241ms] [ERROR] Failed to load resource: net::ERR_CONNECTION_REFUSED @ http://localhost:18501/_stcore/host-config:0
[17394628ms] [ERROR] Failed to load resource: net::ERR_CONNECTION_REFUSED @ http://localhost:18501/_stcore/health:0
[17394628ms] [ERROR] Client Error in reaching server endpoint - No response received when attempting to reach /_stcore/health @ http://localhost:18501/static/js/index.k-9rUdPI.js:19
[17394628ms] [ERROR] Is Streamlit still running? If you accidentally stopped Streamlit, just restart it in your terminal: @ http://localhost:18501/static/js/index.k-9rUdPI.js:24
[17394629ms] [ERROR] Failed to load resource: net::ERR_CONNECTION_REFUSED @ http://localhost:18501/_stcore/host-config:0
[17398993ms] [ERROR] Failed to load resource: net::ERR_CONNECTION_REFUSED @ http://localhost:18501/_stcore/health:0
[17398993ms] [ERROR] Client Error in reaching server endpoint - No response received when attempting to reach /_stcore/health @ http://localhost:18501/static/js/index.k-9rUdPI.js:19
[17398993ms] [ERROR] Is Streamlit still running? If you accidentally stopped Streamlit, just restart it in your terminal: @ http://localhost:18501/static/js/index.k-9rUdPI.js:24
[17399016ms] [ERROR] Failed to load resource: net::ERR_CONNECTION_REFUSED @ http://localhost:18501/_stcore/host-config:0
[17403367ms] [ERROR] Failed to load resource: net::ERR_CONNECTION_REFUSED @ http://localhost:18501/_stcore/health:0
[17403367ms] [ERROR] Client Error in reaching server endpoint - No response received when attempting to reach /_stcore/health @ http://localhost:18501/static/js/index.k-9rUdPI.js:19
[17403367ms] [ERROR] Is Streamlit still running? If you accidentally stopped Streamlit, just restart it in your terminal: @ http://localhost:18501/static/js/index.k-9rUdPI.js:24
[17403393ms] [ERROR] Failed to load resource: net::ERR_CONNECTION_REFUSED @ http://localhost:18501/_stcore/host-config:0
[17407741ms] [ERROR] Failed to load resource: net::ERR_CONNECTION_REFUSED @ http://localhost:18501/_stcore/health:0
[17407741ms] [ERROR] Client Error in reaching server endpoint - No response received when attempting to reach /_stcore/health @ http://localhost:18501/static/js/index.k-9rUdPI.js:19
[17407741ms] [ERROR] Is Streamlit still running? If you accidentally stopped Streamlit, just restart it in your terminal: @ http://localhost:18501/static/js/index.k-9rUdPI.js:24
[17407867ms] [ERROR] Failed to load resource: net::ERR_CONNECTION_REFUSED @ http://localhost:18501/_stcore/host-config:0
[17412116ms] [ERROR] Failed to load resource: net::ERR_CONNECTION_REFUSED @ http://localhost:18501/_stcore/health:0
[17412116ms] [ERROR] Client Error in reaching server endpoint - No response received when attempting to reach /_stcore/health @ http://localhost:18501/static/js/index.k-9rUdPI.js:19
[17412116ms] [ERROR] Is Streamlit still running? If you accidentally stopped Streamlit, just restart it in your terminal: @ http://localhost:18501/static/js/index.k-9rUdPI.js:24
[17412118ms] [ERROR] Failed to load resource: net::ERR_CONNECTION_REFUSED @ http://localhost:18501/_stcore/host-config:0
[17416485ms] [ERROR] Failed to load resource: net::ERR_CONNECTION_REFUSED @ http://localhost:18501/_stcore/health:0
[17416485ms] [ERROR] Client Error in reaching server endpoint - No response received when attempting to reach /_stcore/health @ http://localhost:18501/static/js/index.k-9rUdPI.js:19
[17416485ms] [ERROR] Is Streamlit still running? If you accidentally stopped Streamlit, just restart it in your terminal: @ http://localhost:18501/static/js/index.k-9rUdPI.js:24
[17416511ms] [ERROR] Failed to load resource: net::ERR_CONNECTION_REFUSED @ http://localhost:18501/_stcore/host-config:0
[17420856ms] [ERROR] Failed to load resource: net::ERR_CONNECTION_REFUSED @ http://localhost:18501/_stcore/health:0
[17420857ms] [ERROR] Client Error in reaching server endpoint - No response received when attempting to reach /_stcore/health @ http://localhost:18501/static/js/index.k-9rUdPI.js:19
[17420857ms] [ERROR] Is Streamlit still running? If you accidentally stopped Streamlit, just restart it in your terminal: @ http://localhost:18501/static/js/index.k-9rUdPI.js:24
[17421274ms] [ERROR] Failed to load resource: net::ERR_CONNECTION_REFUSED @ http://localhost:18501/_stcore/host-config:0
[17425245ms] [ERROR] Failed to load resource: net::ERR_CONNECTION_REFUSED @ http://localhost:18501/_stcore/health:0
[17425248ms] [ERROR] Client Error in reaching server endpoint - No response received when attempting to reach /_stcore/health @ http://localhost:18501/static/js/index.k-9rUdPI.js:19
[17425249ms] [ERROR] Is Streamlit still running? If you accidentally stopped Streamlit, just restart it in your terminal: @ http://localhost:18501/static/js/index.k-9rUdPI.js:24
[17425249ms] [ERROR] Failed to load resource: net::ERR_CONNECTION_REFUSED @ http://localhost:18501/_stcore/host-config:0
[17429647ms] [ERROR] Failed to load resource: net::ERR_CONNECTION_REFUSED @ http://localhost:18501/_stcore/health:0
[17429647ms] [ERROR] Client Error in reaching server endpoint - No response received when attempting to reach /_stcore/health @ http://localhost:18501/static/js/index.k-9rUdPI.js:19
[17429648ms] [ERROR] Is Streamlit still running? If you accidentally stopped Streamlit, just restart it in your terminal: @ http://localhost:18501/static/js/index.k-9rUdPI.js:24
[17429807ms] [ERROR] Failed to load resource: net::ERR_CONNECTION_REFUSED @ http://localhost:18501/_stcore/host-config:0
[17434020ms] [ERROR] Failed to load resource: net::ERR_CONNECTION_REFUSED @ http://localhost:18501/_stcore/health:0
[17434020ms] [ERROR] Client Error in reaching server endpoint - No response received when attempting to reach /_stcore/health @ http://localhost:18501/static/js/index.k-9rUdPI.js:19
[17434020ms] [ERROR] Is Streamlit still running? If you accidentally stopped Streamlit, just restart it in your terminal: @ http://localhost:18501/static/js/index.k-9rUdPI.js:24
[17434153ms] [ERROR] Failed to load resource: net::ERR_CONNECTION_REFUSED @ http://localhost:18501/_stcore/host-config:0
[17438435ms] [ERROR] Failed to load resource: net::ERR_CONNECTION_REFUSED @ http://localhost:18501/_stcore/health:0
[17438436ms] [ERROR] Client Error in reaching server endpoint - No response received when attempting to reach /_stcore/health @ http://localhost:18501/static/js/index.k-9rUdPI.js:19
[17438437ms] [ERROR] Is Streamlit still running? If you accidentally stopped Streamlit, just restart it in your terminal: @ http://localhost:18501/static/js/index.k-9rUdPI.js:24
[17438630ms] [ERROR] Failed to load resource: net::ERR_CONNECTION_REFUSED @ http://localhost:18501/_stcore/host-config:0
[17442796ms] [ERROR] Failed to load resource: net::ERR_CONNECTION_REFUSED @ http://localhost:18501/_stcore/health:0
[17442796ms] [ERROR] Client Error in reaching server endpoint - No response received when attempting to reach /_stcore/health @ http://localhost:18501/static/js/index.k-9rUdPI.js:19
[17442797ms] [ERROR] Is Streamlit still running? If you accidentally stopped Streamlit, just restart it in your terminal: @ http://localhost:18501/static/js/index.k-9rUdPI.js:24
[17442979ms] [ERROR] Failed to load resource: net::ERR_CONNECTION_REFUSED @ http://localhost:18501/_stcore/host-config:0
[17447199ms] [ERROR] Failed to load resource: net::ERR_CONNECTION_REFUSED @ http://localhost:18501/_stcore/health:0
[17447201ms] [ERROR] Client Error in reaching server endpoint - No response received when attempting to reach /_stcore/health @ http://localhost:18501/static/js/index.k-9rUdPI.js:19
[17447201ms] [ERROR] Is Streamlit still running? If you accidentally stopped Streamlit, just restart it in your terminal: @ http://localhost:18501/static/js/index.k-9rUdPI.js:24
[17447203ms] [ERROR] Failed to load resource: net::ERR_CONNECTION_REFUSED @ http://localhost:18501/_stcore/host-config:0
[17451589ms] [ERROR] Failed to load resource: net::ERR_CONNECTION_REFUSED @ http://localhost:18501/_stcore/health:0
[17451589ms] [ERROR] Client Error in reaching server endpoint - No response received when attempting to reach /_stcore/health @ http://localhost:18501/static/js/index.k-9rUdPI.js:19
[17451590ms] [ERROR] Is Streamlit still running? If you accidentally stopped Streamlit, just restart it in your terminal: @ http://localhost:18501/static/js/index.k-9rUdPI.js:24
[17451590ms] [ERROR] Failed to load resource: net::ERR_CONNECTION_REFUSED @ http://localhost:18501/_stcore/host-config:0
[17455940ms] [ERROR] Failed to load resource: net::ERR_CONNECTION_REFUSED @ http://localhost:18501/_stcore/health:0
[17455940ms] [ERROR] Client Error in reaching server endpoint - No response received when attempting to reach /_stcore/health @ http://localhost:18501/static/js/index.k-9rUdPI.js:19
[17455940ms] [ERROR] Is Streamlit still running? If you accidentally stopped Streamlit, just restart it in your terminal: @ http://localhost:18501/static/js/index.k-9rUdPI.js:24
[17456078ms] [ERROR] Failed to load resource: net::ERR_CONNECTION_REFUSED @ http://localhost:18501/_stcore/host-config:0
[17460312ms] [ERROR] Failed to load resource: net::ERR_CONNECTION_REFUSED @ http://localhost:18501/_stcore/health:0
[17460312ms] [ERROR] Client Error in reaching server endpoint - No response received when attempting to reach /_stcore/health @ http://localhost:18501/static/js/index.k-9rUdPI.js:19
[17460312ms] [ERROR] Is Streamlit still running? If you accidentally stopped Streamlit, just restart it in your terminal: @ http://localhost:18501/static/js/index.k-9rUdPI.js:24
[17460313ms] [ERROR] Failed to load resource: net::ERR_CONNECTION_REFUSED @ http://localhost:18501/_stcore/host-config:0
[17464682ms] [ERROR] Failed to load resource: net::ERR_CONNECTION_REFUSED @ http://localhost:18501/_stcore/health:0
[17464682ms] [ERROR] Client Error in reaching server endpoint - No response received when attempting to reach /_stcore/health @ http://localhost:18501/static/js/index.k-9rUdPI.js:19
[17464682ms] [ERROR] Is Streamlit still running? If you accidentally stopped Streamlit, just restart it in your terminal: @ http://localhost:18501/static/js/index.k-9rUdPI.js:24
[17464682ms] [ERROR] Failed to load resource: net::ERR_CONNECTION_REFUSED @ http://localhost:18501/_stcore/host-config:0
[17469052ms] [ERROR] Failed to load resource: net::ERR_CONNECTION_REFUSED @ http://localhost:18501/_stcore/health:0
[17469053ms] [ERROR] Client Error in reaching server endpoint - No response received when attempting to reach /_stcore/health @ http://localhost:18501/static/js/index.k-9rUdPI.js:19
[17469053ms] [ERROR] Is Streamlit still running? If you accidentally stopped Streamlit, just restart it in your terminal: @ http://localhost:18501/static/js/index.k-9rUdPI.js:24
[17469053ms] [ERROR] Failed to load resource: net::ERR_CONNECTION_REFUSED @ http://localhost:18501/_stcore/host-config:0
[17473414ms] [ERROR] Failed to load resource: net::ERR_CONNECTION_REFUSED @ http://localhost:18501/_stcore/health:0
[17473414ms] [ERROR] Client Error in reaching server endpoint - No response received when attempting to reach /_stcore/health @ http://localhost:18501/static/js/index.k-9rUdPI.js:19
[17473414ms] [ERROR] Is Streamlit still running? If you accidentally stopped Streamlit, just restart it in your terminal: @ http://localhost:18501/static/js/index.k-9rUdPI.js:24
[17473414ms] [ERROR] Failed to load resource: net::ERR_CONNECTION_REFUSED @ http://localhost:18501/_stcore/host-config:0
[17477783ms] [ERROR] Failed to load resource: net::ERR_CONNECTION_REFUSED @ http://localhost:18501/_stcore/health:0
[17477783ms] [ERROR] Client Error in reaching server endpoint - No response received when attempting to reach /_stcore/health @ http://localhost:18501/static/js/index.k-9rUdPI.js:19
[17477784ms] [ERROR] Is Streamlit still running? If you accidentally stopped Streamlit, just restart it in your terminal: @ http://localhost:18501/static/js/index.k-9rUdPI.js:24
[17477784ms] [ERROR] Failed to load resource: net::ERR_CONNECTION_REFUSED @ http://localhost:18501/_stcore/host-config:0
[17482160ms] [ERROR] Failed to load resource: net::ERR_CONNECTION_REFUSED @ http://localhost:18501/_stcore/health:0
[17482160ms] [ERROR] Client Error in reaching server endpoint - No response received when attempting to reach /_stcore/health @ http://localhost:18501/static/js/index.k-9rUdPI.js:19
[17482161ms] [ERROR] Is Streamlit still running? If you accidentally stopped Streamlit, just restart it in your terminal: @ http://localhost:18501/static/js/index.k-9rUdPI.js:24
[17482162ms] [ERROR] Failed to load resource: net::ERR_CONNECTION_REFUSED @ http://localhost:18501/_stcore/host-config:0
[17486537ms] [ERROR] Failed to load resource: net::ERR_CONNECTION_REFUSED @ http://localhost:18501/_stcore/health:0
[17486537ms] [ERROR] Client Error in reaching server endpoint - No response received when attempting to reach /_stcore/health @ http://localhost:18501/static/js/index.k-9rUdPI.js:19
[17486537ms] [ERROR] Is Streamlit still running? If you accidentally stopped Streamlit, just restart it in your terminal: @ http://localhost:18501/static/js/index.k-9rUdPI.js:24
[17486538ms] [ERROR] Failed to load resource: net::ERR_CONNECTION_REFUSED @ http://localhost:18501/_stcore/host-config:0
[17490907ms] [ERROR] Failed to load resource: net::ERR_CONNECTION_REFUSED @ http://localhost:18501/_stcore/health:0
[17490907ms] [ERROR] Client Error in reaching server endpoint - No response received when attempting to reach /_stcore/health @ http://localhost:18501/static/js/index.k-9rUdPI.js:19
[17490907ms] [ERROR] Is Streamlit still running? If you accidentally stopped Streamlit, just restart it in your terminal: @ http://localhost:18501/static/js/index.k-9rUdPI.js:24
[17490907ms] [ERROR] Failed to load resource: net::ERR_CONNECTION_REFUSED @ http://localhost:18501/_stcore/host-config:0
[17495279ms] [ERROR] Failed to load resource: net::ERR_CONNECTION_REFUSED @ http://localhost:18501/_stcore/health:0
[17495279ms] [ERROR] Client Error in reaching server endpoint - No response received when attempting to reach /_stcore/health @ http://localhost:18501/static/js/index.k-9rUdPI.js:19
[17495280ms] [ERROR] Is Streamlit still running? If you accidentally stopped Streamlit, just restart it in your terminal: @ http://localhost:18501/static/js/index.k-9rUdPI.js:24
[17495280ms] [ERROR] Failed to load resource: net::ERR_CONNECTION_REFUSED @ http://localhost:18501/_stcore/host-config:0
[17499653ms] [ERROR] Failed to load resource: net::ERR_CONNECTION_REFUSED @ http://localhost:18501/_stcore/health:0
[17499653ms] [ERROR] Client Error in reaching server endpoint - No response received when attempting to reach /_stcore/health @ http://localhost:18501/static/js/index.k-9rUdPI.js:19
[17499653ms] [ERROR] Is Streamlit still running? If you accidentally stopped Streamlit, just restart it in your terminal: @ http://localhost:18501/static/js/index.k-9rUdPI.js:24
[17499669ms] [ERROR] Failed to load resource: net::ERR_CONNECTION_REFUSED @ http://localhost:18501/_stcore/host-config:0
[17504005ms] [ERROR] Failed to load resource: net::ERR_CONNECTION_REFUSED @ http://localhost:18501/_stcore/health:0
[17504006ms] [ERROR] Client Error in reaching server endpoint - No response received when attempting to reach /_stcore/health @ http://localhost:18501/static/js/index.k-9rUdPI.js:19
[17504006ms] [ERROR] Is Streamlit still running? If you accidentally stopped Streamlit, just restart it in your terminal: @ http://localhost:18501/static/js/index.k-9rUdPI.js:24
[17504028ms] [ERROR] Failed to load resource: net::ERR_CONNECTION_REFUSED @ http://localhost:18501/_stcore/host-config:0
[17508356ms] [ERROR] Failed to load resource: net::ERR_CONNECTION_REFUSED @ http://localhost:18501/_stcore/health:0
[17508356ms] [ERROR] Client Error in reaching server endpoint - No response received when attempting to reach /_stcore/health @ http://localhost:18501/static/js/index.k-9rUdPI.js:19
[17508356ms] [ERROR] Is Streamlit still running? If you accidentally stopped Streamlit, just restart it in your terminal: @ http://localhost:18501/static/js/index.k-9rUdPI.js:24
[17508371ms] [ERROR] Failed to load resource: net::ERR_CONNECTION_REFUSED @ http://localhost:18501/_stcore/host-config:0
[17512737ms] [ERROR] Failed to load resource: net::ERR_CONNECTION_REFUSED @ http://localhost:18501/_stcore/health:0
[17512737ms] [ERROR] Client Error in reaching server endpoint - No response received when attempting to reach /_stcore/health @ http://localhost:18501/static/js/index.k-9rUdPI.js:19
[17512737ms] [ERROR] Is Streamlit still running? If you accidentally stopped Streamlit, just restart it in your terminal: @ http://localhost:18501/static/js/index.k-9rUdPI.js:24
[17512738ms] [ERROR] Failed to load resource: net::ERR_CONNECTION_REFUSED @ http://localhost:18501/_stcore/host-config:0
[17517099ms] [ERROR] Failed to load resource: net::ERR_CONNECTION_REFUSED @ http://localhost:18501/_stcore/health:0
[17517099ms] [ERROR] Client Error in reaching server endpoint - No response received when attempting to reach /_stcore/health @ http://localhost:18501/static/js/index.k-9rUdPI.js:19
[17517100ms] [ERROR] Is Streamlit still running? If you accidentally stopped Streamlit, just restart it in your terminal: @ http://localhost:18501/static/js/index.k-9rUdPI.js:24
[17517100ms] [ERROR] Failed to load resource: net::ERR_CONNECTION_REFUSED @ http://localhost:18501/_stcore/host-config:0
[17521466ms] [ERROR] Failed to load resource: net::ERR_CONNECTION_REFUSED @ http://localhost:18501/_stcore/health:0
[17521466ms] [ERROR] Client Error in reaching server endpoint - No response received when attempting to reach /_stcore/health @ http://localhost:18501/static/js/index.k-9rUdPI.js:19
[17521466ms] [ERROR] Is Streamlit still running? If you accidentally stopped Streamlit, just restart it in your terminal: @ http://localhost:18501/static/js/index.k-9rUdPI.js:24
[17521482ms] [ERROR] Failed to load resource: net::ERR_CONNECTION_REFUSED @ http://localhost:18501/_stcore/host-config:0
[17525813ms] [ERROR] Failed to load resource: net::ERR_CONNECTION_REFUSED @ http://localhost:18501/_stcore/health:0
[17525813ms] [ERROR] Client Error in reaching server endpoint - No response received when attempting to reach /_stcore/health @ http://localhost:18501/static/js/index.k-9rUdPI.js:19
[17525813ms] [ERROR] Is Streamlit still running? If you accidentally stopped Streamlit, just restart it in your terminal: @ http://localhost:18501/static/js/index.k-9rUdPI.js:24
[17525813ms] [ERROR] Failed to load resource: net::ERR_CONNECTION_REFUSED @ http://localhost:18501/_stcore/host-config:0
[17530153ms] [ERROR] Failed to load resource: net::ERR_CONNECTION_REFUSED @ http://localhost:18501/_stcore/health:0
[17530153ms] [ERROR] Client Error in reaching server endpoint - No response received when attempting to reach /_stcore/health @ http://localhost:18501/static/js/index.k-9rUdPI.js:19
[17530153ms] [ERROR] Is Streamlit still running? If you accidentally stopped Streamlit, just restart it in your terminal: @ http://localhost:18501/static/js/index.k-9rUdPI.js:24
[17530168ms] [ERROR] Failed to load resource: net::ERR_CONNECTION_REFUSED @ http://localhost:18501/_stcore/host-config:0
[17534527ms] [ERROR] Failed to load resource: net::ERR_CONNECTION_REFUSED @ http://localhost:18501/_stcore/health:0
[17534527ms] [ERROR] Client Error in reaching server endpoint - No response received when attempting to reach /_stcore/health @ http://localhost:18501/static/js/index.k-9rUdPI.js:19
[17534527ms] [ERROR] Is Streamlit still running? If you accidentally stopped Streamlit, just restart it in your terminal: @ http://localhost:18501/static/js/index.k-9rUdPI.js:24
[17534527ms] [ERROR] Failed to load resource: net::ERR_CONNECTION_REFUSED @ http://localhost:18501/_stcore/host-config:0
[17538889ms] [ERROR] Failed to load resource: net::ERR_CONNECTION_REFUSED @ http://localhost:18501/_stcore/health:0
[17538889ms] [ERROR] Client Error in reaching server endpoint - No response received when attempting to reach /_stcore/health @ http://localhost:18501/static/js/index.k-9rUdPI.js:19
[17538890ms] [ERROR] Is Streamlit still running? If you accidentally stopped Streamlit, just restart it in your terminal: @ http://localhost:18501/static/js/index.k-9rUdPI.js:24
[17538907ms] [ERROR] Failed to load resource: net::ERR_CONNECTION_REFUSED @ http://localhost:18501/_stcore/host-config:0
[17543253ms] [ERROR] Failed to load resource: net::ERR_CONNECTION_REFUSED @ http://localhost:18501/_stcore/health:0
[17543254ms] [ERROR] Client Error in reaching server endpoint - No response received when attempting to reach /_stcore/health @ http://localhost:18501/static/js/index.k-9rUdPI.js:19
[17543254ms] [ERROR] Is Streamlit still running? If you accidentally stopped Streamlit, just restart it in your terminal: @ http://localhost:18501/static/js/index.k-9rUdPI.js:24
[17543267ms] [ERROR] Failed to load resource: net::ERR_CONNECTION_REFUSED @ http://localhost:18501/_stcore/host-config:0
[17547620ms] [ERROR] Failed to load resource: net::ERR_CONNECTION_REFUSED @ http://localhost:18501/_stcore/health:0
[17547620ms] [ERROR] Client Error in reaching server endpoint - No response received when attempting to reach /_stcore/health @ http://localhost:18501/static/js/index.k-9rUdPI.js:19
[17547620ms] [ERROR] Is Streamlit still running? If you accidentally stopped Streamlit, just restart it in your terminal: @ http://localhost:18501/static/js/index.k-9rUdPI.js:24
[17547620ms] [ERROR] Failed to load resource: net::ERR_CONNECTION_REFUSED @ http://localhost:18501/_stcore/host-config:0
[17551984ms] [ERROR] Failed to load resource: net::ERR_CONNECTION_REFUSED @ http://localhost:18501/_stcore/health:0
[17551984ms] [ERROR] Client Error in reaching server endpoint - No response received when attempting to reach /_stcore/health @ http://localhost:18501/static/js/index.k-9rUdPI.js:19
[17551984ms] [ERROR] Is Streamlit still running? If you accidentally stopped Streamlit, just restart it in your terminal: @ http://localhost:18501/static/js/index.k-9rUdPI.js:24
[17551985ms] [ERROR] Failed to load resource: net::ERR_CONNECTION_REFUSED @ http://localhost:18501/_stcore/host-config:0
[17556353ms] [ERROR] Failed to load resource: net::ERR_CONNECTION_REFUSED @ http://localhost:18501/_stcore/health:0
[17556354ms] [ERROR] Client Error in reaching server endpoint - No response received when attempting to reach /_stcore/health @ http://localhost:18501/static/js/index.k-9rUdPI.js:19
[17556354ms] [ERROR] Is Streamlit still running? If you accidentally stopped Streamlit, just restart it in your terminal: @ http://localhost:18501/static/js/index.k-9rUdPI.js:24
[17556354ms] [ERROR] Failed to load resource: net::ERR_CONNECTION_REFUSED @ http://localhost:18501/_stcore/host-config:0
[17560705ms] [ERROR] Failed to load resource: net::ERR_CONNECTION_REFUSED @ http://localhost:18501/_stcore/health:0
[17560705ms] [ERROR] Client Error in reaching server endpoint - No response received when attempting to reach /_stcore/health @ http://localhost:18501/static/js/index.k-9rUdPI.js:19
[17560705ms] [ERROR] Is Streamlit still running? If you accidentally stopped Streamlit, just restart it in your terminal: @ http://localhost:18501/static/js/index.k-9rUdPI.js:24
[17560721ms] [ERROR] Failed to load resource: net::ERR_CONNECTION_REFUSED @ http://localhost:18501/_stcore/host-config:0
[17565073ms] [ERROR] Failed to load resource: net::ERR_CONNECTION_REFUSED @ http://localhost:18501/_stcore/health:0
[17565073ms] [ERROR] Client Error in reaching server endpoint - No response received when attempting to reach /_stcore/health @ http://localhost:18501/static/js/index.k-9rUdPI.js:19
[17565073ms] [ERROR] Is Streamlit still running? If you accidentally stopped Streamlit, just restart it in your terminal: @ http://localhost:18501/static/js/index.k-9rUdPI.js:24
[17565073ms] [ERROR] Failed to load resource: net::ERR_CONNECTION_REFUSED @ http://localhost:18501/_stcore/host-config:0
[17569422ms] [ERROR] Failed to load resource: net::ERR_CONNECTION_REFUSED @ http://localhost:18501/_stcore/health:0
[17569422ms] [ERROR] Client Error in reaching server endpoint - No response received when attempting to reach /_stcore/health @ http://localhost:18501/static/js/index.k-9rUdPI.js:19
[17569422ms] [ERROR] Is Streamlit still running? If you accidentally stopped Streamlit, just restart it in your terminal: @ http://localhost:18501/static/js/index.k-9rUdPI.js:24
[17569437ms] [ERROR] Failed to load resource: net::ERR_CONNECTION_REFUSED @ http://localhost:18501/_stcore/host-config:0
[17573790ms] [ERROR] Failed to load resource: net::ERR_CONNECTION_REFUSED @ http://localhost:18501/_stcore/health:0
[17573791ms] [ERROR] Client Error in reaching server endpoint - No response received when attempting to reach /_stcore/health @ http://localhost:18501/static/js/index.k-9rUdPI.js:19
[17573791ms] [ERROR] Is Streamlit still running? If you accidentally stopped Streamlit, just restart it in your terminal: @ http://localhost:18501/static/js/index.k-9rUdPI.js:24
[17573791ms] [ERROR] Failed to load resource: net::ERR_CONNECTION_REFUSED @ http://localhost:18501/_stcore/host-config:0
[17578154ms] [ERROR] Failed to load resource: net::ERR_CONNECTION_REFUSED @ http://localhost:18501/_stcore/health:0
[17578154ms] [ERROR] Client Error in reaching server endpoint - No response received when attempting to reach /_stcore/health @ http://localhost:18501/static/js/index.k-9rUdPI.js:19
[17578155ms] [ERROR] Is Streamlit still running? If you accidentally stopped Streamlit, just restart it in your terminal: @ http://localhost:18501/static/js/index.k-9rUdPI.js:24
[17578170ms] [ERROR] Failed to load resource: net::ERR_CONNECTION_REFUSED @ http://localhost:18501/_stcore/host-config:0
[17582507ms] [ERROR] Failed to load resource: net::ERR_CONNECTION_REFUSED @ http://localhost:18501/_stcore/health:0
[17582507ms] [ERROR] Client Error in reaching server endpoint - No response received when attempting to reach /_stcore/health @ http://localhost:18501/static/js/index.k-9rUdPI.js:19
[17582508ms] [ERROR] Is Streamlit still running? If you accidentally stopped Streamlit, just restart it in your terminal: @ http://localhost:18501/static/js/index.k-9rUdPI.js:24
[17582508ms] [ERROR] Failed to load resource: net::ERR_CONNECTION_REFUSED @ http://localhost:18501/_stcore/host-config:0
[17586861ms] [ERROR] Failed to load resource: net::ERR_CONNECTION_REFUSED @ http://localhost:18501/_stcore/health:0
[17586861ms] [ERROR] Client Error in reaching server endpoint - No response received when attempting to reach /_stcore/health @ http://localhost:18501/static/js/index.k-9rUdPI.js:19
[17586861ms] [ERROR] Is Streamlit still running? If you accidentally stopped Streamlit, just restart it in your terminal: @ http://localhost:18501/static/js/index.k-9rUdPI.js:24
[17586862ms] [ERROR] Failed to load resource: net::ERR_CONNECTION_REFUSED @ http://localhost:18501/_stcore/host-config:0
[17591246ms] [ERROR] Failed to load resource: net::ERR_CONNECTION_REFUSED @ http://localhost:18501/_stcore/health:0
[17591246ms] [ERROR] Client Error in reaching server endpoint - No response received when attempting to reach /_stcore/health @ http://localhost:18501/static/js/index.k-9rUdPI.js:19
[17591246ms] [ERROR] Is Streamlit still running? If you accidentally stopped Streamlit, just restart it in your terminal: @ http://localhost:18501/static/js/index.k-9rUdPI.js:24
[17591260ms] [ERROR] Failed to load resource: net::ERR_CONNECTION_REFUSED @ http://localhost:18501/_stcore/host-config:0
[17595612ms] [ERROR] Failed to load resource: net::ERR_CONNECTION_REFUSED @ http://localhost:18501/_stcore/health:0
[17595612ms] [ERROR] Client Error in reaching server endpoint - No response received when attempting to reach /_stcore/health @ http://localhost:18501/static/js/index.k-9rUdPI.js:19
[17595613ms] [ERROR] Is Streamlit still running? If you accidentally stopped Streamlit, just restart it in your terminal: @ http://localhost:18501/static/js/index.k-9rUdPI.js:24
[17595613ms] [ERROR] Failed to load resource: net::ERR_CONNECTION_REFUSED @ http://localhost:18501/_stcore/host-config:0
[17599963ms] [ERROR] Failed to load resource: net::ERR_CONNECTION_REFUSED @ http://localhost:18501/_stcore/health:0
[17599963ms] [ERROR] Client Error in reaching server endpoint - No response received when attempting to reach /_stcore/health @ http://localhost:18501/static/js/index.k-9rUdPI.js:19
[17599963ms] [ERROR] Is Streamlit still running? If you accidentally stopped Streamlit, just restart it in your terminal: @ http://localhost:18501/static/js/index.k-9rUdPI.js:24
[17599979ms] [ERROR] Failed to load resource: net::ERR_CONNECTION_REFUSED @ http://localhost:18501/_stcore/host-config:0
[17604336ms] [ERROR] Failed to load resource: net::ERR_CONNECTION_REFUSED @ http://localhost:18501/_stcore/health:0
[17604337ms] [ERROR] Client Error in reaching server endpoint - No response received when attempting to reach /_stcore/health @ http://localhost:18501/static/js/index.k-9rUdPI.js:19
[17604337ms] [ERROR] Is Streamlit still running? If you accidentally stopped Streamlit, just restart it in your terminal: @ http://localhost:18501/static/js/index.k-9rUdPI.js:24
[17604337ms] [ERROR] Failed to load resource: net::ERR_CONNECTION_REFUSED @ http://localhost:18501/_stcore/host-config:0
[17608710ms] [ERROR] Failed to load resource: net::ERR_CONNECTION_REFUSED @ http://localhost:18501/_stcore/health:0
[17608710ms] [ERROR] Client Error in reaching server endpoint - No response received when attempting to reach /_stcore/health @ http://localhost:18501/static/js/index.k-9rUdPI.js:19
[17608710ms] [ERROR] Is Streamlit still running? If you accidentally stopped Streamlit, just restart it in your terminal: @ http://localhost:18501/static/js/index.k-9rUdPI.js:24
[17608710ms] [ERROR] Failed to load resource: net::ERR_CONNECTION_REFUSED @ http://localhost:18501/_stcore/host-config:0
[17613077ms] [ERROR] Failed to load resource: net::ERR_CONNECTION_REFUSED @ http://localhost:18501/_stcore/health:0
[17613077ms] [ERROR] Client Error in reaching server endpoint - No response received when attempting to reach /_stcore/health @ http://localhost:18501/static/js/index.k-9rUdPI.js:19
[17613077ms] [ERROR] Is Streamlit still running? If you accidentally stopped Streamlit, just restart it in your terminal: @ http://localhost:18501/static/js/index.k-9rUdPI.js:24
[17613077ms] [ERROR] Failed to load resource: net::ERR_CONNECTION_REFUSED @ http://localhost:18501/_stcore/host-config:0
[17617453ms] [ERROR] Failed to load resource: net::ERR_CONNECTION_REFUSED @ http://localhost:18501/_stcore/health:0
[17617453ms] [ERROR] Client Error in reaching server endpoint - No response received when attempting to reach /_stcore/health @ http://localhost:18501/static/js/index.k-9rUdPI.js:19
[17617453ms] [ERROR] Is Streamlit still running? If you accidentally stopped Streamlit, just restart it in your terminal: @ http://localhost:18501/static/js/index.k-9rUdPI.js:24
[17617454ms] [ERROR] Failed to load resource: net::ERR_CONNECTION_REFUSED @ http://localhost:18501/_stcore/host-config:0
[17621819ms] [ERROR] Failed to load resource: net::ERR_CONNECTION_REFUSED @ http://localhost:18501/_stcore/health:0
[17621819ms] [ERROR] Client Error in reaching server endpoint - No response received when attempting to reach /_stcore/health @ http://localhost:18501/static/js/index.k-9rUdPI.js:19
[17621819ms] [ERROR] Is Streamlit still running? If you accidentally stopped Streamlit, just restart it in your terminal: @ http://localhost:18501/static/js/index.k-9rUdPI.js:24
[17621820ms] [ERROR] Failed to load resource: net::ERR_CONNECTION_REFUSED @ http://localhost:18501/_stcore/host-config:0
[17626180ms] [ERROR] Failed to load resource: net::ERR_CONNECTION_REFUSED @ http://localhost:18501/_stcore/health:0
[17626180ms] [ERROR] Client Error in reaching server endpoint - No response received when attempting to reach /_stcore/health @ http://localhost:18501/static/js/index.k-9rUdPI.js:19
[17626180ms] [ERROR] Is Streamlit still running? If you accidentally stopped Streamlit, just restart it in your terminal: @ http://localhost:18501/static/js/index.k-9rUdPI.js:24
[17626180ms] [ERROR] Failed to load resource: net::ERR_CONNECTION_REFUSED @ http://localhost:18501/_stcore/host-config:0
[17630543ms] [ERROR] Failed to load resource: net::ERR_CONNECTION_REFUSED @ http://localhost:18501/_stcore/health:0
[17630543ms] [ERROR] Client Error in reaching server endpoint - No response received when attempting to reach /_stcore/health @ http://localhost:18501/static/js/index.k-9rUdPI.js:19
[17630543ms] [ERROR] Is Streamlit still running? If you accidentally stopped Streamlit, just restart it in your terminal: @ http://localhost:18501/static/js/index.k-9rUdPI.js:24
[17630559ms] [ERROR] Failed to load resource: net::ERR_CONNECTION_REFUSED @ http://localhost:18501/_stcore/host-config:0
[17634917ms] [ERROR] Failed to load resource: net::ERR_CONNECTION_REFUSED @ http://localhost:18501/_stcore/health:0
[17634917ms] [ERROR] Client Error in reaching server endpoint - No response received when attempting to reach /_stcore/health @ http://localhost:18501/static/js/index.k-9rUdPI.js:19
[17634918ms] [ERROR] Is Streamlit still running? If you accidentally stopped Streamlit, just restart it in your terminal: @ http://localhost:18501/static/js/index.k-9rUdPI.js:24
[17634918ms] [ERROR] Failed to load resource: net::ERR_CONNECTION_REFUSED @ http://localhost:18501/_stcore/host-config:0
[17639301ms] [ERROR] Failed to load resource: net::ERR_CONNECTION_REFUSED @ http://localhost:18501/_stcore/health:0
[17639301ms] [ERROR] Client Error in reaching server endpoint - No response received when attempting to reach /_stcore/health @ http://localhost:18501/static/js/index.k-9rUdPI.js:19
[17639301ms] [ERROR] Is Streamlit still running? If you accidentally stopped Streamlit, just restart it in your terminal: @ http://localhost:18501/static/js/index.k-9rUdPI.js:24
[17639301ms] [ERROR] Failed to load resource: net::ERR_CONNECTION_REFUSED @ http://localhost:18501/_stcore/host-config:0
[17643682ms] [ERROR] Failed to load resource: net::ERR_CONNECTION_REFUSED @ http://localhost:18501/_stcore/health:0
[17643682ms] [ERROR] Client Error in reaching server endpoint - No response received when attempting to reach /_stcore/health @ http://localhost:18501/static/js/index.k-9rUdPI.js:19
[17643682ms] [ERROR] Is Streamlit still running? If you accidentally stopped Streamlit, just restart it in your terminal: @ http://localhost:18501/static/js/index.k-9rUdPI.js:24
[17643682ms] [ERROR] Failed to load resource: net::ERR_CONNECTION_REFUSED @ http://localhost:18501/_stcore/host-config:0
[17648034ms] [ERROR] Failed to load resource: net::ERR_CONNECTION_REFUSED @ http://localhost:18501/_stcore/health:0
[17648034ms] [ERROR] Client Error in reaching server endpoint - No response received when attempting to reach /_stcore/health @ http://localhost:18501/static/js/index.k-9rUdPI.js:19
[17648034ms] [ERROR] Is Streamlit still running? If you accidentally stopped Streamlit, just restart it in your terminal: @ http://localhost:18501/static/js/index.k-9rUdPI.js:24
[17648034ms] [ERROR] Failed to load resource: net::ERR_CONNECTION_REFUSED @ http://localhost:18501/_stcore/host-config:0
[17652406ms] [ERROR] Failed to load resource: net::ERR_CONNECTION_REFUSED @ http://localhost:18501/_stcore/health:0
[17652406ms] [ERROR] Client Error in reaching server endpoint - No response received when attempting to reach /_stcore/health @ http://localhost:18501/static/js/index.k-9rUdPI.js:19
[17652407ms] [ERROR] Is Streamlit still running? If you accidentally stopped Streamlit, just restart it in your terminal: @ http://localhost:18501/static/js/index.k-9rUdPI.js:24
[17652407ms] [ERROR] Failed to load resource: net::ERR_CONNECTION_REFUSED @ http://localhost:18501/_stcore/host-config:0
[17656744ms] [ERROR] Failed to load resource: net::ERR_CONNECTION_REFUSED @ http://localhost:18501/_stcore/health:0
[17656744ms] [ERROR] Client Error in reaching server endpoint - No response received when attempting to reach /_stcore/health @ http://localhost:18501/static/js/index.k-9rUdPI.js:19
[17656744ms] [ERROR] Is Streamlit still running? If you accidentally stopped Streamlit, just restart it in your terminal: @ http://localhost:18501/static/js/index.k-9rUdPI.js:24
[17656769ms] [ERROR] Failed to load resource: net::ERR_CONNECTION_REFUSED @ http://localhost:18501/_stcore/host-config:0
[17661117ms] [ERROR] Failed to load resource: net::ERR_CONNECTION_REFUSED @ http://localhost:18501/_stcore/health:0
[17661118ms] [ERROR] Client Error in reaching server endpoint - No response received when attempting to reach /_stcore/health @ http://localhost:18501/static/js/index.k-9rUdPI.js:19
[17661118ms] [ERROR] Is Streamlit still running? If you accidentally stopped Streamlit, just restart it in your terminal: @ http://localhost:18501/static/js/index.k-9rUdPI.js:24
[17661118ms] [ERROR] Failed to load resource: net::ERR_CONNECTION_REFUSED @ http://localhost:18501/_stcore/host-config:0
[17665476ms] [ERROR] Failed to load resource: net::ERR_CONNECTION_REFUSED @ http://localhost:18501/_stcore/health:0
[17665476ms] [ERROR] Client Error in reaching server endpoint - No response received when attempting to reach /_stcore/health @ http://localhost:18501/static/js/index.k-9rUdPI.js:19
[17665476ms] [ERROR] Is Streamlit still running? If you accidentally stopped Streamlit, just restart it in your terminal: @ http://localhost:18501/static/js/index.k-9rUdPI.js:24
[17665476ms] [ERROR] Failed to load resource: net::ERR_CONNECTION_REFUSED @ http://localhost:18501/_stcore/host-config:0
[17669836ms] [ERROR] Failed to load resource: net::ERR_CONNECTION_REFUSED @ http://localhost:18501/_stcore/health:0
[17669836ms] [ERROR] Client Error in reaching server endpoint - No response received when attempting to reach /_stcore/health @ http://localhost:18501/static/js/index.k-9rUdPI.js:19
[17669836ms] [ERROR] Is Streamlit still running? If you accidentally stopped Streamlit, just restart it in your terminal: @ http://localhost:18501/static/js/index.k-9rUdPI.js:24
[17669836ms] [ERROR] Failed to load resource: net::ERR_CONNECTION_REFUSED @ http://localhost:18501/_stcore/host-config:0
[17674187ms] [ERROR] Failed to load resource: net::ERR_CONNECTION_REFUSED @ http://localhost:18501/_stcore/health:0
[17674187ms] [ERROR] Client Error in reaching server endpoint - No response received when attempting to reach /_stcore/health @ http://localhost:18501/static/js/index.k-9rUdPI.js:19
[17674188ms] [ERROR] Is Streamlit still running? If you accidentally stopped Streamlit, just restart it in your terminal: @ http://localhost:18501/static/js/index.k-9rUdPI.js:24
[17674188ms] [ERROR] Failed to load resource: net::ERR_CONNECTION_REFUSED @ http://localhost:18501/_stcore/host-config:0
[17678539ms] [ERROR] Failed to load resource: net::ERR_CONNECTION_REFUSED @ http://localhost:18501/_stcore/health:0
[17678539ms] [ERROR] Client Error in reaching server endpoint - No response received when attempting to reach /_stcore/health @ http://localhost:18501/static/js/index.k-9rUdPI.js:19
[17678540ms] [ERROR] Is Streamlit still running? If you accidentally stopped Streamlit, just restart it in your terminal: @ http://localhost:18501/static/js/index.k-9rUdPI.js:24
[17678540ms] [ERROR] Failed to load resource: net::ERR_CONNECTION_REFUSED @ http://localhost:18501/_stcore/host-config:0
[17682891ms] [ERROR] Failed to load resource: net::ERR_CONNECTION_REFUSED @ http://localhost:18501/_stcore/health:0
[17682891ms] [ERROR] Client Error in reaching server endpoint - No response received when attempting to reach /_stcore/health @ http://localhost:18501/static/js/index.k-9rUdPI.js:19
[17682891ms] [ERROR] Is Streamlit still running? If you accidentally stopped Streamlit, just restart it in your terminal: @ http://localhost:18501/static/js/index.k-9rUdPI.js:24
[17682891ms] [ERROR] Failed to load resource: net::ERR_CONNECTION_REFUSED @ http://localhost:18501/_stcore/host-config:0
[17687243ms] [ERROR] Failed to load resource: net::ERR_CONNECTION_REFUSED @ http://localhost:18501/_stcore/health:0
[17687243ms] [ERROR] Client Error in reaching server endpoint - No response received when attempting to reach /_stcore/health @ http://localhost:18501/static/js/index.k-9rUdPI.js:19
[17687243ms] [ERROR] Is Streamlit still running? If you accidentally stopped Streamlit, just restart it in your terminal: @ http://localhost:18501/static/js/index.k-9rUdPI.js:24
[17687259ms] [ERROR] Failed to load resource: net::ERR_CONNECTION_REFUSED @ http://localhost:18501/_stcore/host-config:0
[17691589ms] [ERROR] Failed to load resource: net::ERR_CONNECTION_REFUSED @ http://localhost:18501/_stcore/health:0
[17691589ms] [ERROR] Client Error in reaching server endpoint - No response received when attempting to reach /_stcore/health @ http://localhost:18501/static/js/index.k-9rUdPI.js:19
[17691589ms] [ERROR] Is Streamlit still running? If you accidentally stopped Streamlit, just restart it in your terminal: @ http://localhost:18501/static/js/index.k-9rUdPI.js:24
[17691590ms] [ERROR] Failed to load resource: net::ERR_CONNECTION_REFUSED @ http://localhost:18501/_stcore/host-config:0
[17695965ms] [ERROR] Failed to load resource: net::ERR_CONNECTION_REFUSED @ http://localhost:18501/_stcore/health:0
[17695965ms] [ERROR] Client Error in reaching server endpoint - No response received when attempting to reach /_stcore/health @ http://localhost:18501/static/js/index.k-9rUdPI.js:19
[17695966ms] [ERROR] Is Streamlit still running? If you accidentally stopped Streamlit, just restart it in your terminal: @ http://localhost:18501/static/js/index.k-9rUdPI.js:24
[17695966ms] [ERROR] Failed to load resource: net::ERR_CONNECTION_REFUSED @ http://localhost:18501/_stcore/host-config:0
[17700335ms] [ERROR] Failed to load resource: net::ERR_CONNECTION_REFUSED @ http://localhost:18501/_stcore/health:0
[17700335ms] [ERROR] Client Error in reaching server endpoint - No response received when attempting to reach /_stcore/health @ http://localhost:18501/static/js/index.k-9rUdPI.js:19
[17700335ms] [ERROR] Is Streamlit still running? If you accidentally stopped Streamlit, just restart it in your terminal: @ http://localhost:18501/static/js/index.k-9rUdPI.js:24
[17700335ms] [ERROR] Failed to load resource: net::ERR_CONNECTION_REFUSED @ http://localhost:18501/_stcore/host-config:0
[17704701ms] [ERROR] Failed to load resource: net::ERR_CONNECTION_REFUSED @ http://localhost:18501/_stcore/health:0
[17704701ms] [ERROR] Client Error in reaching server endpoint - No response received when attempting to reach /_stcore/health @ http://localhost:18501/static/js/index.k-9rUdPI.js:19
[17704701ms] [ERROR] Is Streamlit still running? If you accidentally stopped Streamlit, just restart it in your terminal: @ http://localhost:18501/static/js/index.k-9rUdPI.js:24
[17704701ms] [ERROR] Failed to load resource: net::ERR_CONNECTION_REFUSED @ http://localhost:18501/_stcore/host-config:0
[17709053ms] [ERROR] Failed to load resource: net::ERR_CONNECTION_REFUSED @ http://localhost:18501/_stcore/health:0
[17709053ms] [ERROR] Client Error in reaching server endpoint - No response received when attempting to reach /_stcore/health @ http://localhost:18501/static/js/index.k-9rUdPI.js:19
[17709054ms] [ERROR] Is Streamlit still running? If you accidentally stopped Streamlit, just restart it in your terminal: @ http://localhost:18501/static/js/index.k-9rUdPI.js:24
[17709069ms] [ERROR] Failed to load resource: net::ERR_CONNECTION_REFUSED @ http://localhost:18501/_stcore/host-config:0
[17713414ms] [ERROR] Failed to load resource: net::ERR_CONNECTION_REFUSED @ http://localhost:18501/_stcore/health:0
[17713414ms] [ERROR] Client Error in reaching server endpoint - No response received when attempting to reach /_stcore/health @ http://localhost:18501/static/js/index.k-9rUdPI.js:19
[17713414ms] [ERROR] Is Streamlit still running? If you accidentally stopped Streamlit, just restart it in your terminal: @ http://localhost:18501/static/js/index.k-9rUdPI.js:24
[17713414ms] [ERROR] Failed to load resource: net::ERR_CONNECTION_REFUSED @ http://localhost:18501/_stcore/host-config:0
[17717781ms] [ERROR] Failed to load resource: net::ERR_CONNECTION_REFUSED @ http://localhost:18501/_stcore/health:0
[17717781ms] [ERROR] Client Error in reaching server endpoint - No response received when attempting to reach /_stcore/health @ http://localhost:18501/static/js/index.k-9rUdPI.js:19
[17717782ms] [ERROR] Is Streamlit still running? If you accidentally stopped Streamlit, just restart it in your terminal: @ http://localhost:18501/static/js/index.k-9rUdPI.js:24
[17717782ms] [ERROR] Failed to load resource: net::ERR_CONNECTION_REFUSED @ http://localhost:18501/_stcore/host-config:0
[17722150ms] [ERROR] Failed to load resource: net::ERR_CONNECTION_REFUSED @ http://localhost:18501/_stcore/health:0
[17722150ms] [ERROR] Client Error in reaching server endpoint - No response received when attempting to reach /_stcore/health @ http://localhost:18501/static/js/index.k-9rUdPI.js:19
[17722150ms] [ERROR] Is Streamlit still running? If you accidentally stopped Streamlit, just restart it in your terminal: @ http://localhost:18501/static/js/index.k-9rUdPI.js:24
[17722150ms] [ERROR] Failed to load resource: net::ERR_CONNECTION_REFUSED @ http://localhost:18501/_stcore/host-config:0
[17726521ms] [ERROR] Failed to load resource: net::ERR_CONNECTION_REFUSED @ http://localhost:18501/_stcore/health:0
[17726521ms] [ERROR] Client Error in reaching server endpoint - No response received when attempting to reach /_stcore/health @ http://localhost:18501/static/js/index.k-9rUdPI.js:19
[17726521ms] [ERROR] Is Streamlit still running? If you accidentally stopped Streamlit, just restart it in your terminal: @ http://localhost:18501/static/js/index.k-9rUdPI.js:24
[17726521ms] [ERROR] Failed to load resource: net::ERR_CONNECTION_REFUSED @ http://localhost:18501/_stcore/host-config:0
[17730889ms] [ERROR] Failed to load resource: net::ERR_CONNECTION_REFUSED @ http://localhost:18501/_stcore/health:0
[17730889ms] [ERROR] Client Error in reaching server endpoint - No response received when attempting to reach /_stcore/health @ http://localhost:18501/static/js/index.k-9rUdPI.js:19
[17730889ms] [ERROR] Is Streamlit still running? If you accidentally stopped Streamlit, just restart it in your terminal: @ http://localhost:18501/static/js/index.k-9rUdPI.js:24
[17730889ms] [ERROR] Failed to load resource: net::ERR_CONNECTION_REFUSED @ http://localhost:18501/_stcore/host-config:0
[17735267ms] [ERROR] Failed to load resource: net::ERR_CONNECTION_REFUSED @ http://localhost:18501/_stcore/health:0
[17735267ms] [ERROR] Client Error in reaching server endpoint - No response received when attempting to reach /_stcore/health @ http://localhost:18501/static/js/index.k-9rUdPI.js:19
[17735267ms] [ERROR] Is Streamlit still running? If you accidentally stopped Streamlit, just restart it in your terminal: @ http://localhost:18501/static/js/index.k-9rUdPI.js:24
[17735267ms] [ERROR] Failed to load resource: net::ERR_CONNECTION_REFUSED @ http://localhost:18501/_stcore/host-config:0
[17739642ms] [ERROR] Failed to load resource: net::ERR_CONNECTION_REFUSED @ http://localhost:18501/_stcore/health:0
[17739642ms] [ERROR] Client Error in reaching server endpoint - No response received when attempting to reach /_stcore/health @ http://localhost:18501/static/js/index.k-9rUdPI.js:19
[17739642ms] [ERROR] Is Streamlit still running? If you accidentally stopped Streamlit, just restart it in your terminal: @ http://localhost:18501/static/js/index.k-9rUdPI.js:24
[17739642ms] [ERROR] Failed to load resource: net::ERR_CONNECTION_REFUSED @ http://localhost:18501/_stcore/host-config:0
[17743997ms] [ERROR] Failed to load resource: net::ERR_CONNECTION_REFUSED @ http://localhost:18501/_stcore/health:0
[17743997ms] [ERROR] Client Error in reaching server endpoint - No response received when attempting to reach /_stcore/health @ http://localhost:18501/static/js/index.k-9rUdPI.js:19
[17743997ms] [ERROR] Is Streamlit still running? If you accidentally stopped Streamlit, just restart it in your terminal: @ http://localhost:18501/static/js/index.k-9rUdPI.js:24
[17743997ms] [ERROR] Failed to load resource: net::ERR_CONNECTION_REFUSED @ http://localhost:18501/_stcore/host-config:0
[17748358ms] [ERROR] Failed to load resource: net::ERR_CONNECTION_REFUSED @ http://localhost:18501/_stcore/health:0
[17748358ms] [ERROR] Client Error in reaching server endpoint - No response received when attempting to reach /_stcore/health @ http://localhost:18501/static/js/index.k-9rUdPI.js:19
[17748358ms] [ERROR] Is Streamlit still running? If you accidentally stopped Streamlit, just restart it in your terminal: @ http://localhost:18501/static/js/index.k-9rUdPI.js:24
[17748358ms] [ERROR] Failed to load resource: net::ERR_CONNECTION_REFUSED @ http://localhost:18501/_stcore/host-config:0
[17752727ms] [ERROR] Failed to load resource: net::ERR_CONNECTION_REFUSED @ http://localhost:18501/_stcore/health:0
[17752727ms] [ERROR] Client Error in reaching server endpoint - No response received when attempting to reach /_stcore/health @ http://localhost:18501/static/js/index.k-9rUdPI.js:19
[17752727ms] [ERROR] Is Streamlit still running? If you accidentally stopped Streamlit, just restart it in your terminal: @ http://localhost:18501/static/js/index.k-9rUdPI.js:24
[17752741ms] [ERROR] Failed to load resource: net::ERR_CONNECTION_REFUSED @ http://localhost:18501/_stcore/host-config:0
[17757081ms] [ERROR] Failed to load resource: net::ERR_CONNECTION_REFUSED @ http://localhost:18501/_stcore/health:0
[17757081ms] [ERROR] Client Error in reaching server endpoint - No response received when attempting to reach /_stcore/health @ http://localhost:18501/static/js/index.k-9rUdPI.js:19
[17757081ms] [ERROR] Is Streamlit still running? If you accidentally stopped Streamlit, just restart it in your terminal: @ http://localhost:18501/static/js/index.k-9rUdPI.js:24
[17757081ms] [ERROR] Failed to load resource: net::ERR_CONNECTION_REFUSED @ http://localhost:18501/_stcore/host-config:0
[17761456ms] [ERROR] Failed to load resource: net::ERR_CONNECTION_REFUSED @ http://localhost:18501/_stcore/health:0
[17761456ms] [ERROR] Client Error in reaching server endpoint - No response received when attempting to reach /_stcore/health @ http://localhost:18501/static/js/index.k-9rUdPI.js:19
[17761456ms] [ERROR] Is Streamlit still running? If you accidentally stopped Streamlit, just restart it in your terminal: @ http://localhost:18501/static/js/index.k-9rUdPI.js:24
[17761457ms] [ERROR] Failed to load resource: net::ERR_CONNECTION_REFUSED @ http://localhost:18501/_stcore/host-config:0
[17765816ms] [ERROR] Failed to load resource: net::ERR_CONNECTION_REFUSED @ http://localhost:18501/_stcore/health:0
[17765816ms] [ERROR] Client Error in reaching server endpoint - No response received when attempting to reach /_stcore/health @ http://localhost:18501/static/js/index.k-9rUdPI.js:19
[17765816ms] [ERROR] Is Streamlit still running? If you accidentally stopped Streamlit, just restart it in your terminal: @ http://localhost:18501/static/js/index.k-9rUdPI.js:24
[17765816ms] [ERROR] Failed to load resource: net::ERR_CONNECTION_REFUSED @ http://localhost:18501/_stcore/host-config:0
[17770195ms] [ERROR] Failed to load resource: net::ERR_CONNECTION_REFUSED @ http://localhost:18501/_stcore/health:0
[17770195ms] [ERROR] Client Error in reaching server endpoint - No response received when attempting to reach /_stcore/health @ http://localhost:18501/static/js/index.k-9rUdPI.js:19
[17770195ms] [ERROR] Is Streamlit still running? If you accidentally stopped Streamlit, just restart it in your terminal: @ http://localhost:18501/static/js/index.k-9rUdPI.js:24
[17770195ms] [ERROR] Failed to load resource: net::ERR_CONNECTION_REFUSED @ http://localhost:18501/_stcore/host-config:0
[17774556ms] [ERROR] Failed to load resource: net::ERR_CONNECTION_REFUSED @ http://localhost:18501/_stcore/health:0
[17774556ms] [ERROR] Client Error in reaching server endpoint - No response received when attempting to reach /_stcore/health @ http://localhost:18501/static/js/index.k-9rUdPI.js:19
[17774557ms] [ERROR] Is Streamlit still running? If you accidentally stopped Streamlit, just restart it in your terminal: @ http://localhost:18501/static/js/index.k-9rUdPI.js:24
[17774557ms] [ERROR] Failed to load resource: net::ERR_CONNECTION_REFUSED @ http://localhost:18501/_stcore/host-config:0
[17778913ms] [ERROR] Failed to load resource: net::ERR_CONNECTION_REFUSED @ http://localhost:18501/_stcore/health:0
[17778913ms] [ERROR] Client Error in reaching server endpoint - No response received when attempting to reach /_stcore/health @ http://localhost:18501/static/js/index.k-9rUdPI.js:19
[17778913ms] [ERROR] Is Streamlit still running? If you accidentally stopped Streamlit, just restart it in your terminal: @ http://localhost:18501/static/js/index.k-9rUdPI.js:24
[17778913ms] [ERROR] Failed to load resource: net::ERR_CONNECTION_REFUSED @ http://localhost:18501/_stcore/host-config:0
[17783262ms] [ERROR] Failed to load resource: net::ERR_CONNECTION_REFUSED @ http://localhost:18501/_stcore/health:0
[17783262ms] [ERROR] Client Error in reaching server endpoint - No response received when attempting to reach /_stcore/health @ http://localhost:18501/static/js/index.k-9rUdPI.js:19
[17783262ms] [ERROR] Is Streamlit still running? If you accidentally stopped Streamlit, just restart it in your terminal: @ http://localhost:18501/static/js/index.k-9rUdPI.js:24
[17783262ms] [ERROR] Failed to load resource: net::ERR_CONNECTION_REFUSED @ http://localhost:18501/_stcore/host-config:0
[17787628ms] [ERROR] Failed to load resource: net::ERR_CONNECTION_REFUSED @ http://localhost:18501/_stcore/health:0
[17787628ms] [ERROR] Client Error in reaching server endpoint - No response received when attempting to reach /_stcore/health @ http://localhost:18501/static/js/index.k-9rUdPI.js:19
[17787628ms] [ERROR] Is Streamlit still running? If you accidentally stopped Streamlit, just restart it in your terminal: @ http://localhost:18501/static/js/index.k-9rUdPI.js:24
[17787629ms] [ERROR] Failed to load resource: net::ERR_CONNECTION_REFUSED @ http://localhost:18501/_stcore/host-config:0
[17791986ms] [ERROR] Failed to load resource: net::ERR_CONNECTION_REFUSED @ http://localhost:18501/_stcore/health:0
[17791986ms] [ERROR] Client Error in reaching server endpoint - No response received when attempting to reach /_stcore/health @ http://localhost:18501/static/js/index.k-9rUdPI.js:19
[17791986ms] [ERROR] Is Streamlit still running? If you accidentally stopped Streamlit, just restart it in your terminal: @ http://localhost:18501/static/js/index.k-9rUdPI.js:24
[17791986ms] [ERROR] Failed to load resource: net::ERR_CONNECTION_REFUSED @ http://localhost:18501/_stcore/host-config:0
[17796341ms] [ERROR] Failed to load resource: net::ERR_CONNECTION_REFUSED @ http://localhost:18501/_stcore/health:0
[17796341ms] [ERROR] Client Error in reaching server endpoint - No response received when attempting to reach /_stcore/health @ http://localhost:18501/static/js/index.k-9rUdPI.js:19
[17796341ms] [ERROR] Is Streamlit still running? If you accidentally stopped Streamlit, just restart it in your terminal: @ http://localhost:18501/static/js/index.k-9rUdPI.js:24
[17796341ms] [ERROR] Failed to load resource: net::ERR_CONNECTION_REFUSED @ http://localhost:18501/_stcore/host-config:0
[17800711ms] [ERROR] Failed to load resource: net::ERR_CONNECTION_REFUSED @ http://localhost:18501/_stcore/health:0
[17800711ms] [ERROR] Client Error in reaching server endpoint - No response received when attempting to reach /_stcore/health @ http://localhost:18501/static/js/index.k-9rUdPI.js:19
[17800712ms] [ERROR] Is Streamlit still running? If you accidentally stopped Streamlit, just restart it in your terminal: @ http://localhost:18501/static/js/index.k-9rUdPI.js:24
[17800712ms] [ERROR] Failed to load resource: net::ERR_CONNECTION_REFUSED @ http://localhost:18501/_stcore/host-config:0
[17805073ms] [ERROR] Failed to load resource: net::ERR_CONNECTION_REFUSED @ http://localhost:18501/_stcore/health:0
[17805073ms] [ERROR] Client Error in reaching server endpoint - No response received when attempting to reach /_stcore/health @ http://localhost:18501/static/js/index.k-9rUdPI.js:19
[17805073ms] [ERROR] Is Streamlit still running? If you accidentally stopped Streamlit, just restart it in your terminal: @ http://localhost:18501/static/js/index.k-9rUdPI.js:24
[17805073ms] [ERROR] Failed to load resource: net::ERR_CONNECTION_REFUSED @ http://localhost:18501/_stcore/host-config:0
[17809438ms] [ERROR] Failed to load resource: net::ERR_CONNECTION_REFUSED @ http://localhost:18501/_stcore/health:0
[17809438ms] [ERROR] Client Error in reaching server endpoint - No response received when attempting to reach /_stcore/health @ http://localhost:18501/static/js/index.k-9rUdPI.js:19
[17809439ms] [ERROR] Is Streamlit still running? If you accidentally stopped Streamlit, just restart it in your terminal: @ http://localhost:18501/static/js/index.k-9rUdPI.js:24
[17809439ms] [ERROR] Failed to load resource: net::ERR_CONNECTION_REFUSED @ http://localhost:18501/_stcore/host-config:0
[17813796ms] [ERROR] Failed to load resource: net::ERR_CONNECTION_REFUSED @ http://localhost:18501/_stcore/health:0
[17813796ms] [ERROR] Client Error in reaching server endpoint - No response received when attempting to reach /_stcore/health @ http://localhost:18501/static/js/index.k-9rUdPI.js:19
[17813797ms] [ERROR] Is Streamlit still running? If you accidentally stopped Streamlit, just restart it in your terminal: @ http://localhost:18501/static/js/index.k-9rUdPI.js:24
[17813797ms] [ERROR] Failed to load resource: net::ERR_CONNECTION_REFUSED @ http://localhost:18501/_stcore/host-config:0
[17818175ms] [ERROR] Failed to load resource: net::ERR_CONNECTION_REFUSED @ http://localhost:18501/_stcore/health:0
[17818175ms] [ERROR] Client Error in reaching server endpoint - No response received when attempting to reach /_stcore/health @ http://localhost:18501/static/js/index.k-9rUdPI.js:19
[17818175ms] [ERROR] Is Streamlit still running? If you accidentally stopped Streamlit, just restart it in your terminal: @ http://localhost:18501/static/js/index.k-9rUdPI.js:24
[17818175ms] [ERROR] Failed to load resource: net::ERR_CONNECTION_REFUSED @ http://localhost:18501/_stcore/host-config:0
[17822516ms] [ERROR] Failed to load resource: net::ERR_CONNECTION_REFUSED @ http://localhost:18501/_stcore/health:0
[17822516ms] [ERROR] Client Error in reaching server endpoint - No response received when attempting to reach /_stcore/health @ http://localhost:18501/static/js/index.k-9rUdPI.js:19
[17822517ms] [ERROR] Is Streamlit still running? If you accidentally stopped Streamlit, just restart it in your terminal: @ http://localhost:18501/static/js/index.k-9rUdPI.js:24
[17822517ms] [ERROR] Failed to load resource: net::ERR_CONNECTION_REFUSED @ http://localhost:18501/_stcore/host-config:0
[17826882ms] [ERROR] Failed to load resource: net::ERR_CONNECTION_REFUSED @ http://localhost:18501/_stcore/health:0
[17826882ms] [ERROR] Client Error in reaching server endpoint - No response received when attempting to reach /_stcore/health @ http://localhost:18501/static/js/index.k-9rUdPI.js:19
[17826882ms] [ERROR] Is Streamlit still running? If you accidentally stopped Streamlit, just restart it in your terminal: @ http://localhost:18501/static/js/index.k-9rUdPI.js:24
[17826898ms] [ERROR] Failed to load resource: net::ERR_CONNECTION_REFUSED @ http://localhost:18501/_stcore/host-config:0
[17831253ms] [ERROR] Failed to load resource: net::ERR_CONNECTION_REFUSED @ http://localhost:18501/_stcore/health:0
[17831253ms] [ERROR] Client Error in reaching server endpoint - No response received when attempting to reach /_stcore/health @ http://localhost:18501/static/js/index.k-9rUdPI.js:19
[17831253ms] [ERROR] Is Streamlit still running? If you accidentally stopped Streamlit, just restart it in your terminal: @ http://localhost:18501/static/js/index.k-9rUdPI.js:24
[17831254ms] [ERROR] Failed to load resource: net::ERR_CONNECTION_REFUSED @ http://localhost:18501/_stcore/host-config:0
[17835631ms] [ERROR] Failed to load resource: net::ERR_CONNECTION_REFUSED @ http://localhost:18501/_stcore/health:0
[17835631ms] [ERROR] Client Error in reaching server endpoint - No response received when attempting to reach /_stcore/health @ http://localhost:18501/static/js/index.k-9rUdPI.js:19
[17835631ms] [ERROR] Is Streamlit still running? If you accidentally stopped Streamlit, just restart it in your terminal: @ http://localhost:18501/static/js/index.k-9rUdPI.js:24
[17835631ms] [ERROR] Failed to load resource: net::ERR_CONNECTION_REFUSED @ http://localhost:18501/_stcore/host-config:0
[17840002ms] [ERROR] Failed to load resource: net::ERR_CONNECTION_REFUSED @ http://localhost:18501/_stcore/health:0
[17840002ms] [ERROR] Client Error in reaching server endpoint - No response received when attempting to reach /_stcore/health @ http://localhost:18501/static/js/index.k-9rUdPI.js:19
[17840002ms] [ERROR] Is Streamlit still running? If you accidentally stopped Streamlit, just restart it in your terminal: @ http://localhost:18501/static/js/index.k-9rUdPI.js:24
[17840018ms] [ERROR] Failed to load resource: net::ERR_CONNECTION_REFUSED @ http://localhost:18501/_stcore/host-config:0
[17844372ms] [ERROR] Failed to load resource: net::ERR_CONNECTION_REFUSED @ http://localhost:18501/_stcore/health:0
[17844373ms] [ERROR] Client Error in reaching server endpoint - No response received when attempting to reach /_stcore/health @ http://localhost:18501/static/js/index.k-9rUdPI.js:19
[17844373ms] [ERROR] Is Streamlit still running? If you accidentally stopped Streamlit, just restart it in your terminal: @ http://localhost:18501/static/js/index.k-9rUdPI.js:24
[17844373ms] [ERROR] Failed to load resource: net::ERR_CONNECTION_REFUSED @ http://localhost:18501/_stcore/host-config:0
[17848724ms] [ERROR] Failed to load resource: net::ERR_CONNECTION_REFUSED @ http://localhost:18501/_stcore/health:0
[17848724ms] [ERROR] Client Error in reaching server endpoint - No response received when attempting to reach /_stcore/health @ http://localhost:18501/static/js/index.k-9rUdPI.js:19
[17848724ms] [ERROR] Is Streamlit still running? If you accidentally stopped Streamlit, just restart it in your terminal: @ http://localhost:18501/static/js/index.k-9rUdPI.js:24
[17848724ms] [ERROR] Failed to load resource: net::ERR_CONNECTION_REFUSED @ http://localhost:18501/_stcore/host-config:0
[17853067ms] [ERROR] Failed to load resource: net::ERR_CONNECTION_REFUSED @ http://localhost:18501/_stcore/health:0
[17853067ms] [ERROR] Client Error in reaching server endpoint - No response received when attempting to reach /_stcore/health @ http://localhost:18501/static/js/index.k-9rUdPI.js:19
[17853067ms] [ERROR] Is Streamlit still running? If you accidentally stopped Streamlit, just restart it in your terminal: @ http://localhost:18501/static/js/index.k-9rUdPI.js:24
[17853083ms] [ERROR] Failed to load resource: net::ERR_CONNECTION_REFUSED @ http://localhost:18501/_stcore/host-config:0
[17857424ms] [ERROR] Failed to load resource: net::ERR_CONNECTION_REFUSED @ http://localhost:18501/_stcore/health:0
[17857424ms] [ERROR] Client Error in reaching server endpoint - No response received when attempting to reach /_stcore/health @ http://localhost:18501/static/js/index.k-9rUdPI.js:19
[17857425ms] [ERROR] Is Streamlit still running? If you accidentally stopped Streamlit, just restart it in your terminal: @ http://localhost:18501/static/js/index.k-9rUdPI.js:24
[17857441ms] [ERROR] Failed to load resource: net::ERR_CONNECTION_REFUSED @ http://localhost:18501/_stcore/host-config:0
[17861793ms] [ERROR] Failed to load resource: net::ERR_CONNECTION_REFUSED @ http://localhost:18501/_stcore/health:0
[17861793ms] [ERROR] Client Error in reaching server endpoint - No response received when attempting to reach /_stcore/health @ http://localhost:18501/static/js/index.k-9rUdPI.js:19
[17861794ms] [ERROR] Is Streamlit still running? If you accidentally stopped Streamlit, just restart it in your terminal: @ http://localhost:18501/static/js/index.k-9rUdPI.js:24
[17861794ms] [ERROR] Failed to load resource: net::ERR_CONNECTION_REFUSED @ http://localhost:18501/_stcore/host-config:0
[17866162ms] [ERROR] Failed to load resource: net::ERR_CONNECTION_REFUSED @ http://localhost:18501/_stcore/health:0
[17866162ms] [ERROR] Client Error in reaching server endpoint - No response received when attempting to reach /_stcore/health @ http://localhost:18501/static/js/index.k-9rUdPI.js:19
[17866162ms] [ERROR] Is Streamlit still running? If you accidentally stopped Streamlit, just restart it in your terminal: @ http://localhost:18501/static/js/index.k-9rUdPI.js:24
[17866163ms] [ERROR] Failed to load resource: net::ERR_CONNECTION_REFUSED @ http://localhost:18501/_stcore/host-config:0
[17870530ms] [ERROR] Failed to load resource: net::ERR_CONNECTION_REFUSED @ http://localhost:18501/_stcore/health:0
[17870530ms] [ERROR] Client Error in reaching server endpoint - No response received when attempting to reach /_stcore/health @ http://localhost:18501/static/js/index.k-9rUdPI.js:19
[17870530ms] [ERROR] Is Streamlit still running? If you accidentally stopped Streamlit, just restart it in your terminal: @ http://localhost:18501/static/js/index.k-9rUdPI.js:24
[17870530ms] [ERROR] Failed to load resource: net::ERR_CONNECTION_REFUSED @ http://localhost:18501/_stcore/host-config:0
[17874873ms] [ERROR] Failed to load resource: net::ERR_CONNECTION_REFUSED @ http://localhost:18501/_stcore/health:0
[17874873ms] [ERROR] Client Error in reaching server endpoint - No response received when attempting to reach /_stcore/health @ http://localhost:18501/static/js/index.k-9rUdPI.js:19
[17874873ms] [ERROR] Is Streamlit still running? If you accidentally stopped Streamlit, just restart it in your terminal: @ http://localhost:18501/static/js/index.k-9rUdPI.js:24
[17874873ms] [ERROR] Failed to load resource: net::ERR_CONNECTION_REFUSED @ http://localhost:18501/_stcore/host-config:0
[17879238ms] [ERROR] Failed to load resource: net::ERR_CONNECTION_REFUSED @ http://localhost:18501/_stcore/health:0
[17879238ms] [ERROR] Client Error in reaching server endpoint - No response received when attempting to reach /_stcore/health @ http://localhost:18501/static/js/index.k-9rUdPI.js:19
[17879238ms] [ERROR] Is Streamlit still running? If you accidentally stopped Streamlit, just restart it in your terminal: @ http://localhost:18501/static/js/index.k-9rUdPI.js:24
[17879239ms] [ERROR] Failed to load resource: net::ERR_CONNECTION_REFUSED @ http://localhost:18501/_stcore/host-config:0
[17883606ms] [ERROR] Failed to load resource: net::ERR_CONNECTION_REFUSED @ http://localhost:18501/_stcore/health:0
[17883606ms] [ERROR] Client Error in reaching server endpoint - No response received when attempting to reach /_stcore/health @ http://localhost:18501/static/js/index.k-9rUdPI.js:19
[17883606ms] [ERROR] Is Streamlit still running? If you accidentally stopped Streamlit, just restart it in your terminal: @ http://localhost:18501/static/js/index.k-9rUdPI.js:24
[17883606ms] [ERROR] Failed to load resource: net::ERR_CONNECTION_REFUSED @ http://localhost:18501/_stcore/host-config:0
[17887972ms] [ERROR] Failed to load resource: net::ERR_CONNECTION_REFUSED @ http://localhost:18501/_stcore/health:0
[17887972ms] [ERROR] Client Error in reaching server endpoint - No response received when attempting to reach /_stcore/health @ http://localhost:18501/static/js/index.k-9rUdPI.js:19
[17887972ms] [ERROR] Is Streamlit still running? If you accidentally stopped Streamlit, just restart it in your terminal: @ http://localhost:18501/static/js/index.k-9rUdPI.js:24
[17887972ms] [ERROR] Failed to load resource: net::ERR_CONNECTION_REFUSED @ http://localhost:18501/_stcore/host-config:0
[17892339ms] [ERROR] Failed to load resource: net::ERR_CONNECTION_REFUSED @ http://localhost:18501/_stcore/health:0
[17892339ms] [ERROR] Client Error in reaching server endpoint - No response received when attempting to reach /_stcore/health @ http://localhost:18501/static/js/index.k-9rUdPI.js:19
[17892339ms] [ERROR] Is Streamlit still running? If you accidentally stopped Streamlit, just restart it in your terminal: @ http://localhost:18501/static/js/index.k-9rUdPI.js:24
[17892339ms] [ERROR] Failed to load resource: net::ERR_CONNECTION_REFUSED @ http://localhost:18501/_stcore/host-config:0
[17896705ms] [ERROR] Failed to load resource: net::ERR_CONNECTION_REFUSED @ http://localhost:18501/_stcore/health:0
[17896705ms] [ERROR] Client Error in reaching server endpoint - No response received when attempting to reach /_stcore/health @ http://localhost:18501/static/js/index.k-9rUdPI.js:19
[17896705ms] [ERROR] Is Streamlit still running? If you accidentally stopped Streamlit, just restart it in your terminal: @ http://localhost:18501/static/js/index.k-9rUdPI.js:24
[17896719ms] [ERROR] Failed to load resource: net::ERR_CONNECTION_REFUSED @ http://localhost:18501/_stcore/host-config:0
[17901075ms] [ERROR] Failed to load resource: net::ERR_CONNECTION_REFUSED @ http://localhost:18501/_stcore/health:0
[17901075ms] [ERROR] Client Error in reaching server endpoint - No response received when attempting to reach /_stcore/health @ http://localhost:18501/static/js/index.k-9rUdPI.js:19
[17901075ms] [ERROR] Is Streamlit still running? If you accidentally stopped Streamlit, just restart it in your terminal: @ http://localhost:18501/static/js/index.k-9rUdPI.js:24
[17901076ms] [ERROR] Failed to load resource: net::ERR_CONNECTION_REFUSED @ http://localhost:18501/_stcore/host-config:0
[17905445ms] [ERROR] Failed to load resource: net::ERR_CONNECTION_REFUSED @ http://localhost:18501/_stcore/health:0
[17905445ms] [ERROR] Client Error in reaching server endpoint - No response received when attempting to reach /_stcore/health @ http://localhost:18501/static/js/index.k-9rUdPI.js:19
[17905445ms] [ERROR] Is Streamlit still running? If you accidentally stopped Streamlit, just restart it in your terminal: @ http://localhost:18501/static/js/index.k-9rUdPI.js:24
[17905465ms] [ERROR] Failed to load resource: net::ERR_CONNECTION_REFUSED @ http://localhost:18501/_stcore/host-config:0
[17909808ms] [ERROR] Failed to load resource: net::ERR_CONNECTION_REFUSED @ http://localhost:18501/_stcore/health:0
[17909808ms] [ERROR] Client Error in reaching server endpoint - No response received when attempting to reach /_stcore/health @ http://localhost:18501/static/js/index.k-9rUdPI.js:19
[17909808ms] [ERROR] Is Streamlit still running? If you accidentally stopped Streamlit, just restart it in your terminal: @ http://localhost:18501/static/js/index.k-9rUdPI.js:24
[17909809ms] [ERROR] Failed to load resource: net::ERR_CONNECTION_REFUSED @ http://localhost:18501/_stcore/host-config:0
[17914168ms] [ERROR] Failed to load resource: net::ERR_CONNECTION_REFUSED @ http://localhost:18501/_stcore/health:0
[17914169ms] [ERROR] Client Error in reaching server endpoint - No response received when attempting to reach /_stcore/health @ http://localhost:18501/static/js/index.k-9rUdPI.js:19
[17914169ms] [ERROR] Is Streamlit still running? If you accidentally stopped Streamlit, just restart it in your terminal: @ http://localhost:18501/static/js/index.k-9rUdPI.js:24
[17914169ms] [ERROR] Failed to load resource: net::ERR_CONNECTION_REFUSED @ http://localhost:18501/_stcore/host-config:0
[17918503ms] [ERROR] Failed to load resource: net::ERR_CONNECTION_REFUSED @ http://localhost:18501/_stcore/health:0
[17918503ms] [ERROR] Client Error in reaching server endpoint - No response received when attempting to reach /_stcore/health @ http://localhost:18501/static/js/index.k-9rUdPI.js:19
[17918504ms] [ERROR] Is Streamlit still running? If you accidentally stopped Streamlit, just restart it in your terminal: @ http://localhost:18501/static/js/index.k-9rUdPI.js:24
[17918504ms] [ERROR] Failed to load resource: net::ERR_CONNECTION_REFUSED @ http://localhost:18501/_stcore/host-config:0
[17922861ms] [ERROR] Failed to load resource: net::ERR_CONNECTION_REFUSED @ http://localhost:18501/_stcore/health:0
[17922861ms] [ERROR] Client Error in reaching server endpoint - No response received when attempting to reach /_stcore/health @ http://localhost:18501/static/js/index.k-9rUdPI.js:19
[17922861ms] [ERROR] Is Streamlit still running? If you accidentally stopped Streamlit, just restart it in your terminal: @ http://localhost:18501/static/js/index.k-9rUdPI.js:24
[17922861ms] [ERROR] Failed to load resource: net::ERR_CONNECTION_REFUSED @ http://localhost:18501/_stcore/host-config:0
[17927215ms] [ERROR] Failed to load resource: net::ERR_CONNECTION_REFUSED @ http://localhost:18501/_stcore/health:0
[17927215ms] [ERROR] Client Error in reaching server endpoint - No response received when attempting to reach /_stcore/health @ http://localhost:18501/static/js/index.k-9rUdPI.js:19
[17927215ms] [ERROR] Is Streamlit still running? If you accidentally stopped Streamlit, just restart it in your terminal: @ http://localhost:18501/static/js/index.k-9rUdPI.js:24
[17927215ms] [ERROR] Failed to load resource: net::ERR_CONNECTION_REFUSED @ http://localhost:18501/_stcore/host-config:0
[17931567ms] [ERROR] Failed to load resource: net::ERR_CONNECTION_REFUSED @ http://localhost:18501/_stcore/health:0
[17931567ms] [ERROR] Client Error in reaching server endpoint - No response received when attempting to reach /_stcore/health @ http://localhost:18501/static/js/index.k-9rUdPI.js:19
[17931567ms] [ERROR] Is Streamlit still running? If you accidentally stopped Streamlit, just restart it in your terminal: @ http://localhost:18501/static/js/index.k-9rUdPI.js:24
[17931568ms] [ERROR] Failed to load resource: net::ERR_CONNECTION_REFUSED @ http://localhost:18501/_stcore/host-config:0
[17935939ms] [ERROR] Failed to load resource: net::ERR_CONNECTION_REFUSED @ http://localhost:18501/_stcore/health:0
[17935939ms] [ERROR] Client Error in reaching server endpoint - No response received when attempting to reach /_stcore/health @ http://localhost:18501/static/js/index.k-9rUdPI.js:19
[17935939ms] [ERROR] Is Streamlit still running? If you accidentally stopped Streamlit, just restart it in your terminal: @ http://localhost:18501/static/js/index.k-9rUdPI.js:24
[17935940ms] [ERROR] Failed to load resource: net::ERR_CONNECTION_REFUSED @ http://localhost:18501/_stcore/host-config:0
[17940273ms] [ERROR] Failed to load resource: net::ERR_CONNECTION_REFUSED @ http://localhost:18501/_stcore/health:0
[17940273ms] [ERROR] Client Error in reaching server endpoint - No response received when attempting to reach /_stcore/health @ http://localhost:18501/static/js/index.k-9rUdPI.js:19
[17940273ms] [ERROR] Is Streamlit still running? If you accidentally stopped Streamlit, just restart it in your terminal: @ http://localhost:18501/static/js/index.k-9rUdPI.js:24
[17940273ms] [ERROR] Failed to load resource: net::ERR_CONNECTION_REFUSED @ http://localhost:18501/_stcore/host-config:0
[17944610ms] [ERROR] Failed to load resource: net::ERR_CONNECTION_REFUSED @ http://localhost:18501/_stcore/health:0
[17944611ms] [ERROR] Client Error in reaching server endpoint - No response received when attempting to reach /_stcore/health @ http://localhost:18501/static/js/index.k-9rUdPI.js:19
[17944611ms] [ERROR] Is Streamlit still running? If you accidentally stopped Streamlit, just restart it in your terminal: @ http://localhost:18501/static/js/index.k-9rUdPI.js:24
[17944634ms] [ERROR] Failed to load resource: net::ERR_CONNECTION_REFUSED @ http://localhost:18501/_stcore/host-config:0
[17948940ms] [ERROR] Failed to load resource: net::ERR_CONNECTION_REFUSED @ http://localhost:18501/_stcore/health:0
[17948940ms] [ERROR] Client Error in reaching server endpoint - No response received when attempting to reach /_stcore/health @ http://localhost:18501/static/js/index.k-9rUdPI.js:19
[17948940ms] [ERROR] Is Streamlit still running? If you accidentally stopped Streamlit, just restart it in your terminal: @ http://localhost:18501/static/js/index.k-9rUdPI.js:24
[17948940ms] [ERROR] Failed to load resource: net::ERR_CONNECTION_REFUSED @ http://localhost:18501/_stcore/host-config:0
[17953279ms] [ERROR] Failed to load resource: net::ERR_CONNECTION_REFUSED @ http://localhost:18501/_stcore/health:0
[17953279ms] [ERROR] Client Error in reaching server endpoint - No response received when attempting to reach /_stcore/health @ http://localhost:18501/static/js/index.k-9rUdPI.js:19
[17953280ms] [ERROR] Is Streamlit still running? If you accidentally stopped Streamlit, just restart it in your terminal: @ http://localhost:18501/static/js/index.k-9rUdPI.js:24
[17953280ms] [ERROR] Failed to load resource: net::ERR_CONNECTION_REFUSED @ http://localhost:18501/_stcore/host-config:0
[17957610ms] [ERROR] Failed to load resource: net::ERR_CONNECTION_REFUSED @ http://localhost:18501/_stcore/health:0
[17957610ms] [ERROR] Client Error in reaching server endpoint - No response received when attempting to reach /_stcore/health @ http://localhost:18501/static/js/index.k-9rUdPI.js:19
[17957611ms] [ERROR] Is Streamlit still running? If you accidentally stopped Streamlit, just restart it in your terminal: @ http://localhost:18501/static/js/index.k-9rUdPI.js:24
[17957611ms] [ERROR] Failed to load resource: net::ERR_CONNECTION_REFUSED @ http://localhost:18501/_stcore/host-config:0
[17961946ms] [ERROR] Failed to load resource: net::ERR_CONNECTION_REFUSED @ http://localhost:18501/_stcore/health:0
[17961946ms] [ERROR] Client Error in reaching server endpoint - No response received when attempting to reach /_stcore/health @ http://localhost:18501/static/js/index.k-9rUdPI.js:19
[17961946ms] [ERROR] Is Streamlit still running? If you accidentally stopped Streamlit, just restart it in your terminal: @ http://localhost:18501/static/js/index.k-9rUdPI.js:24
[17961946ms] [ERROR] Failed to load resource: net::ERR_CONNECTION_REFUSED @ http://localhost:18501/_stcore/host-config:0
[17966286ms] [ERROR] Failed to load resource: net::ERR_CONNECTION_REFUSED @ http://localhost:18501/_stcore/health:0
[17966286ms] [ERROR] Client Error in reaching server endpoint - No response received when attempting to reach /_stcore/health @ http://localhost:18501/static/js/index.k-9rUdPI.js:19
[17966286ms] [ERROR] Is Streamlit still running? If you accidentally stopped Streamlit, just restart it in your terminal: @ http://localhost:18501/static/js/index.k-9rUdPI.js:24
[17966286ms] [ERROR] Failed to load resource: net::ERR_CONNECTION_REFUSED @ http://localhost:18501/_stcore/host-config:0
[17970621ms] [ERROR] Failed to load resource: net::ERR_CONNECTION_REFUSED @ http://localhost:18501/_stcore/health:0
[17970622ms] [ERROR] Client Error in reaching server endpoint - No response received when attempting to reach /_stcore/health @ http://localhost:18501/static/js/index.k-9rUdPI.js:19
[17970622ms] [ERROR] Is Streamlit still running? If you accidentally stopped Streamlit, just restart it in your terminal: @ http://localhost:18501/static/js/index.k-9rUdPI.js:24
[17970622ms] [ERROR] Failed to load resource: net::ERR_CONNECTION_REFUSED @ http://localhost:18501/_stcore/host-config:0
[17974964ms] [ERROR] Failed to load resource: net::ERR_CONNECTION_REFUSED @ http://localhost:18501/_stcore/health:0
[17974964ms] [ERROR] Client Error in reaching server endpoint - No response received when attempting to reach /_stcore/health @ http://localhost:18501/static/js/index.k-9rUdPI.js:19
[17974964ms] [ERROR] Is Streamlit still running? If you accidentally stopped Streamlit, just restart it in your terminal: @ http://localhost:18501/static/js/index.k-9rUdPI.js:24
[17974982ms] [ERROR] Failed to load resource: net::ERR_CONNECTION_REFUSED @ http://localhost:18501/_stcore/host-config:0
[17979305ms] [ERROR] Failed to load resource: net::ERR_CONNECTION_REFUSED @ http://localhost:18501/_stcore/health:0
[17979305ms] [ERROR] Client Error in reaching server endpoint - No response received when attempting to reach /_stcore/health @ http://localhost:18501/static/js/index.k-9rUdPI.js:19
[17979305ms] [ERROR] Is Streamlit still running? If you accidentally stopped Streamlit, just restart it in your terminal: @ http://localhost:18501/static/js/index.k-9rUdPI.js:24
[17979305ms] [ERROR] Failed to load resource: net::ERR_CONNECTION_REFUSED @ http://localhost:18501/_stcore/host-config:0
[17983659ms] [ERROR] Failed to load resource: net::ERR_CONNECTION_REFUSED @ http://localhost:18501/_stcore/health:0
[17983659ms] [ERROR] Client Error in reaching server endpoint - No response received when attempting to reach /_stcore/health @ http://localhost:18501/static/js/index.k-9rUdPI.js:19
[17983659ms] [ERROR] Is Streamlit still running? If you accidentally stopped Streamlit, just restart it in your terminal: @ http://localhost:18501/static/js/index.k-9rUdPI.js:24
[17983675ms] [ERROR] Failed to load resource: net::ERR_CONNECTION_REFUSED @ http://localhost:18501/_stcore/host-config:0
[17988006ms] [ERROR] Failed to load resource: net::ERR_CONNECTION_REFUSED @ http://localhost:18501/_stcore/health:0
[17988006ms] [ERROR] Client Error in reaching server endpoint - No response received when attempting to reach /_stcore/health @ http://localhost:18501/static/js/index.k-9rUdPI.js:19
[17988006ms] [ERROR] Is Streamlit still running? If you accidentally stopped Streamlit, just restart it in your terminal: @ http://localhost:18501/static/js/index.k-9rUdPI.js:24
[17988007ms] [ERROR] Failed to load resource: net::ERR_CONNECTION_REFUSED @ http://localhost:18501/_stcore/host-config:0
[17992355ms] [ERROR] Failed to load resource: net::ERR_CONNECTION_REFUSED @ http://localhost:18501/_stcore/health:0
[17992355ms] [ERROR] Client Error in reaching server endpoint - No response received when attempting to reach /_stcore/health @ http://localhost:18501/static/js/index.k-9rUdPI.js:19
[17992355ms] [ERROR] Is Streamlit still running? If you accidentally stopped Streamlit, just restart it in your terminal: @ http://localhost:18501/static/js/index.k-9rUdPI.js:24
[17992355ms] [ERROR] Failed to load resource: net::ERR_CONNECTION_REFUSED @ http://localhost:18501/_stcore/host-config:0
[17996699ms] [ERROR] Failed to load resource: net::ERR_CONNECTION_REFUSED @ http://localhost:18501/_stcore/health:0
[17996699ms] [ERROR] Client Error in reaching server endpoint - No response received when attempting to reach /_stcore/health @ http://localhost:18501/static/js/index.k-9rUdPI.js:19
[17996699ms] [ERROR] Is Streamlit still running? If you accidentally stopped Streamlit, just restart it in your terminal: @ http://localhost:18501/static/js/index.k-9rUdPI.js:24
[17996716ms] [ERROR] Failed to load resource: net::ERR_CONNECTION_REFUSED @ http://localhost:18501/_stcore/host-config:0
[18001052ms] [ERROR] Failed to load resource: net::ERR_CONNECTION_REFUSED @ http://localhost:18501/_stcore/health:0
[18001052ms] [ERROR] Client Error in reaching server endpoint - No response received when attempting to reach /_stcore/health @ http://localhost:18501/static/js/index.k-9rUdPI.js:19
[18001052ms] [ERROR] Is Streamlit still running? If you accidentally stopped Streamlit, just restart it in your terminal: @ http://localhost:18501/static/js/index.k-9rUdPI.js:24
[18001067ms] [ERROR] Failed to load resource: net::ERR_CONNECTION_REFUSED @ http://localhost:18501/_stcore/host-config:0
[18005413ms] [ERROR] Failed to load resource: net::ERR_CONNECTION_REFUSED @ http://localhost:18501/_stcore/health:0
[18005413ms] [ERROR] Client Error in reaching server endpoint - No response received when attempting to reach /_stcore/health @ http://localhost:18501/static/js/index.k-9rUdPI.js:19
[18005413ms] [ERROR] Is Streamlit still running? If you accidentally stopped Streamlit, just restart it in your terminal: @ http://localhost:18501/static/js/index.k-9rUdPI.js:24
[18005413ms] [ERROR] Failed to load resource: net::ERR_CONNECTION_REFUSED @ http://localhost:18501/_stcore/host-config:0
[18009774ms] [ERROR] Failed to load resource: net::ERR_CONNECTION_REFUSED @ http://localhost:18501/_stcore/health:0
[18009775ms] [ERROR] Client Error in reaching server endpoint - No response received when attempting to reach /_stcore/health @ http://localhost:18501/static/js/index.k-9rUdPI.js:19
[18009775ms] [ERROR] Is Streamlit still running? If you accidentally stopped Streamlit, just restart it in your terminal: @ http://localhost:18501/static/js/index.k-9rUdPI.js:24
[18009775ms] [ERROR] Failed to load resource: net::ERR_CONNECTION_REFUSED @ http://localhost:18501/_stcore/host-config:0
[18014133ms] [ERROR] Failed to load resource: net::ERR_CONNECTION_REFUSED @ http://localhost:18501/_stcore/health:0
[18014133ms] [ERROR] Client Error in reaching server endpoint - No response received when attempting to reach /_stcore/health @ http://localhost:18501/static/js/index.k-9rUdPI.js:19
[18014133ms] [ERROR] Is Streamlit still running? If you accidentally stopped Streamlit, just restart it in your terminal: @ http://localhost:18501/static/js/index.k-9rUdPI.js:24
[18014133ms] [ERROR] Failed to load resource: net::ERR_CONNECTION_REFUSED @ http://localhost:18501/_stcore/host-config:0
[18018483ms] [ERROR] Failed to load resource: net::ERR_CONNECTION_REFUSED @ http://localhost:18501/_stcore/health:0
[18018483ms] [ERROR] Client Error in reaching server endpoint - No response received when attempting to reach /_stcore/health @ http://localhost:18501/static/js/index.k-9rUdPI.js:19
[18018483ms] [ERROR] Is Streamlit still running? If you accidentally stopped Streamlit, just restart it in your terminal: @ http://localhost:18501/static/js/index.k-9rUdPI.js:24
[18018484ms] [ERROR] Failed to load resource: net::ERR_CONNECTION_REFUSED @ http://localhost:18501/_stcore/host-config:0
[18022854ms] [ERROR] Failed to load resource: net::ERR_CONNECTION_REFUSED @ http://localhost:18501/_stcore/health:0
[18022854ms] [ERROR] Client Error in reaching server endpoint - No response received when attempting to reach /_stcore/health @ http://localhost:18501/static/js/index.k-9rUdPI.js:19
[18022854ms] [ERROR] Is Streamlit still running? If you accidentally stopped Streamlit, just restart it in your terminal: @ http://localhost:18501/static/js/index.k-9rUdPI.js:24
[18022872ms] [ERROR] Failed to load resource: net::ERR_CONNECTION_REFUSED @ http://localhost:18501/_stcore/host-config:0
[18027229ms] [ERROR] Failed to load resource: net::ERR_CONNECTION_REFUSED @ http://localhost:18501/_stcore/health:0
[18027229ms] [ERROR] Client Error in reaching server endpoint - No response received when attempting to reach /_stcore/health @ http://localhost:18501/static/js/index.k-9rUdPI.js:19
[18027229ms] [ERROR] Is Streamlit still running? If you accidentally stopped Streamlit, just restart it in your terminal: @ http://localhost:18501/static/js/index.k-9rUdPI.js:24
[18027229ms] [ERROR] Failed to load resource: net::ERR_CONNECTION_REFUSED @ http://localhost:18501/_stcore/host-config:0
[18031587ms] [ERROR] Failed to load resource: net::ERR_CONNECTION_REFUSED @ http://localhost:18501/_stcore/health:0
[18031587ms] [ERROR] Client Error in reaching server endpoint - No response received when attempting to reach /_stcore/health @ http://localhost:18501/static/js/index.k-9rUdPI.js:19
[18031587ms] [ERROR] Is Streamlit still running? If you accidentally stopped Streamlit, just restart it in your terminal: @ http://localhost:18501/static/js/index.k-9rUdPI.js:24
[18031588ms] [ERROR] Failed to load resource: net::ERR_CONNECTION_REFUSED @ http://localhost:18501/_stcore/host-config:0
[18035944ms] [ERROR] Failed to load resource: net::ERR_CONNECTION_REFUSED @ http://localhost:18501/_stcore/health:0
[18035945ms] [ERROR] Client Error in reaching server endpoint - No response received when attempting to reach /_stcore/health @ http://localhost:18501/static/js/index.k-9rUdPI.js:19
[18035945ms] [ERROR] Is Streamlit still running? If you accidentally stopped Streamlit, just restart it in your terminal: @ http://localhost:18501/static/js/index.k-9rUdPI.js:24
[18035961ms] [ERROR] Failed to load resource: net::ERR_CONNECTION_REFUSED @ http://localhost:18501/_stcore/host-config:0
[18040315ms] [ERROR] Failed to load resource: net::ERR_CONNECTION_REFUSED @ http://localhost:18501/_stcore/health:0
[18040315ms] [ERROR] Client Error in reaching server endpoint - No response received when attempting to reach /_stcore/health @ http://localhost:18501/static/js/index.k-9rUdPI.js:19
[18040315ms] [ERROR] Is Streamlit still running? If you accidentally stopped Streamlit, just restart it in your terminal: @ http://localhost:18501/static/js/index.k-9rUdPI.js:24
[18040334ms] [ERROR] Failed to load resource: net::ERR_CONNECTION_REFUSED @ http://localhost:18501/_stcore/host-config:0
[18044656ms] [ERROR] Failed to load resource: net::ERR_CONNECTION_REFUSED @ http://localhost:18501/_stcore/health:0
[18044656ms] [ERROR] Client Error in reaching server endpoint - No response received when attempting to reach /_stcore/health @ http://localhost:18501/static/js/index.k-9rUdPI.js:19
[18044656ms] [ERROR] Is Streamlit still running? If you accidentally stopped Streamlit, just restart it in your terminal: @ http://localhost:18501/static/js/index.k-9rUdPI.js:24
[18044657ms] [ERROR] Failed to load resource: net::ERR_CONNECTION_REFUSED @ http://localhost:18501/_stcore/host-config:0
[18049010ms] [ERROR] Failed to load resource: net::ERR_CONNECTION_REFUSED @ http://localhost:18501/_stcore/health:0
[18049010ms] [ERROR] Client Error in reaching server endpoint - No response received when attempting to reach /_stcore/health @ http://localhost:18501/static/js/index.k-9rUdPI.js:19
[18049010ms] [ERROR] Is Streamlit still running? If you accidentally stopped Streamlit, just restart it in your terminal: @ http://localhost:18501/static/js/index.k-9rUdPI.js:24
[18049027ms] [ERROR] Failed to load resource: net::ERR_CONNECTION_REFUSED @ http://localhost:18501/_stcore/host-config:0
[18053345ms] [ERROR] Failed to load resource: net::ERR_CONNECTION_REFUSED @ http://localhost:18501/_stcore/health:0
[18053345ms] [ERROR] Client Error in reaching server endpoint - No response received when attempting to reach /_stcore/health @ http://localhost:18501/static/js/index.k-9rUdPI.js:19
[18053345ms] [ERROR] Is Streamlit still running? If you accidentally stopped Streamlit, just restart it in your terminal: @ http://localhost:18501/static/js/index.k-9rUdPI.js:24
[18053346ms] [ERROR] Failed to load resource: net::ERR_CONNECTION_REFUSED @ http://localhost:18501/_stcore/host-config:0
[18057713ms] [ERROR] Failed to load resource: net::ERR_CONNECTION_REFUSED @ http://localhost:18501/_stcore/health:0
[18057713ms] [ERROR] Client Error in reaching server endpoint - No response received when attempting to reach /_stcore/health @ http://localhost:18501/static/js/index.k-9rUdPI.js:19
[18057714ms] [ERROR] Is Streamlit still running? If you accidentally stopped Streamlit, just restart it in your terminal: @ http://localhost:18501/static/js/index.k-9rUdPI.js:24
[18057714ms] [ERROR] Failed to load resource: net::ERR_CONNECTION_REFUSED @ http://localhost:18501/_stcore/host-config:0
[18062051ms] [ERROR] Failed to load resource: net::ERR_CONNECTION_REFUSED @ http://localhost:18501/_stcore/health:0
[18062051ms] [ERROR] Client Error in reaching server endpoint - No response received when attempting to reach /_stcore/health @ http://localhost:18501/static/js/index.k-9rUdPI.js:19
[18062051ms] [ERROR] Is Streamlit still running? If you accidentally stopped Streamlit, just restart it in your terminal: @ http://localhost:18501/static/js/index.k-9rUdPI.js:24
[18062051ms] [ERROR] Failed to load resource: net::ERR_CONNECTION_REFUSED @ http://localhost:18501/_stcore/host-config:0
[18066415ms] [ERROR] Failed to load resource: net::ERR_CONNECTION_REFUSED @ http://localhost:18501/_stcore/health:0
[18066415ms] [ERROR] Client Error in reaching server endpoint - No response received when attempting to reach /_stcore/health @ http://localhost:18501/static/js/index.k-9rUdPI.js:19
[18066415ms] [ERROR] Is Streamlit still running? If you accidentally stopped Streamlit, just restart it in your terminal: @ http://localhost:18501/static/js/index.k-9rUdPI.js:24
[18066415ms] [ERROR] Failed to load resource: net::ERR_CONNECTION_REFUSED @ http://localhost:18501/_stcore/host-config:0
[18070752ms] [ERROR] Failed to load resource: net::ERR_CONNECTION_REFUSED @ http://localhost:18501/_stcore/health:0
[18070752ms] [ERROR] Client Error in reaching server endpoint - No response received when attempting to reach /_stcore/health @ http://localhost:18501/static/js/index.k-9rUdPI.js:19
[18070752ms] [ERROR] Is Streamlit still running? If you accidentally stopped Streamlit, just restart it in your terminal: @ http://localhost:18501/static/js/index.k-9rUdPI.js:24
[18070769ms] [ERROR] Failed to load resource: net::ERR_CONNECTION_REFUSED @ http://localhost:18501/_stcore/host-config:0
[18075126ms] [ERROR] Failed to load resource: net::ERR_CONNECTION_REFUSED @ http://localhost:18501/_stcore/health:0
[18075126ms] [ERROR] Client Error in reaching server endpoint - No response received when attempting to reach /_stcore/health @ http://localhost:18501/static/js/index.k-9rUdPI.js:19
[18075126ms] [ERROR] Is Streamlit still running? If you accidentally stopped Streamlit, just restart it in your terminal: @ http://localhost:18501/static/js/index.k-9rUdPI.js:24
[18075143ms] [ERROR] Failed to load resource: net::ERR_CONNECTION_REFUSED @ http://localhost:18501/_stcore/host-config:0
[18079478ms] [ERROR] Failed to load resource: net::ERR_CONNECTION_REFUSED @ http://localhost:18501/_stcore/health:0
[18079478ms] [ERROR] Client Error in reaching server endpoint - No response received when attempting to reach /_stcore/health @ http://localhost:18501/static/js/index.k-9rUdPI.js:19
[18079478ms] [ERROR] Is Streamlit still running? If you accidentally stopped Streamlit, just restart it in your terminal: @ http://localhost:18501/static/js/index.k-9rUdPI.js:24
[18079497ms] [ERROR] Failed to load resource: net::ERR_CONNECTION_REFUSED @ http://localhost:18501/_stcore/host-config:0
[18083845ms] [ERROR] Failed to load resource: net::ERR_CONNECTION_REFUSED @ http://localhost:18501/_stcore/health:0
[18083846ms] [ERROR] Client Error in reaching server endpoint - No response received when attempting to reach /_stcore/health @ http://localhost:18501/static/js/index.k-9rUdPI.js:19
[18083846ms] [ERROR] Is Streamlit still running? If you accidentally stopped Streamlit, just restart it in your terminal: @ http://localhost:18501/static/js/index.k-9rUdPI.js:24
[18083846ms] [ERROR] Failed to load resource: net::ERR_CONNECTION_REFUSED @ http://localhost:18501/_stcore/host-config:0
[18088198ms] [ERROR] Failed to load resource: net::ERR_CONNECTION_REFUSED @ http://localhost:18501/_stcore/health:0
[18088199ms] [ERROR] Client Error in reaching server endpoint - No response received when attempting to reach /_stcore/health @ http://localhost:18501/static/js/index.k-9rUdPI.js:19
[18088199ms] [ERROR] Is Streamlit still running? If you accidentally stopped Streamlit, just restart it in your terminal: @ http://localhost:18501/static/js/index.k-9rUdPI.js:24
[18088199ms] [ERROR] Failed to load resource: net::ERR_CONNECTION_REFUSED @ http://localhost:18501/_stcore/host-config:0
[18092561ms] [ERROR] Failed to load resource: net::ERR_CONNECTION_REFUSED @ http://localhost:18501/_stcore/health:0
[18092561ms] [ERROR] Client Error in reaching server endpoint - No response received when attempting to reach /_stcore/health @ http://localhost:18501/static/js/index.k-9rUdPI.js:19
[18092561ms] [ERROR] Is Streamlit still running? If you accidentally stopped Streamlit, just restart it in your terminal: @ http://localhost:18501/static/js/index.k-9rUdPI.js:24
[18092561ms] [ERROR] Failed to load resource: net::ERR_CONNECTION_REFUSED @ http://localhost:18501/_stcore/host-config:0
[18096927ms] [ERROR] Failed to load resource: net::ERR_CONNECTION_REFUSED @ http://localhost:18501/_stcore/health:0
[18096927ms] [ERROR] Client Error in reaching server endpoint - No response received when attempting to reach /_stcore/health @ http://localhost:18501/static/js/index.k-9rUdPI.js:19
[18096927ms] [ERROR] Is Streamlit still running? If you accidentally stopped Streamlit, just restart it in your terminal: @ http://localhost:18501/static/js/index.k-9rUdPI.js:24
[18096928ms] [ERROR] Failed to load resource: net::ERR_CONNECTION_REFUSED @ http://localhost:18501/_stcore/host-config:0
[18101279ms] [ERROR] Failed to load resource: net::ERR_CONNECTION_REFUSED @ http://localhost:18501/_stcore/health:0
[18101279ms] [ERROR] Client Error in reaching server endpoint - No response received when attempting to reach /_stcore/health @ http://localhost:18501/static/js/index.k-9rUdPI.js:19
[18101279ms] [ERROR] Is Streamlit still running? If you accidentally stopped Streamlit, just restart it in your terminal: @ http://localhost:18501/static/js/index.k-9rUdPI.js:24
[18101279ms] [ERROR] Failed to load resource: net::ERR_CONNECTION_REFUSED @ http://localhost:18501/_stcore/host-config:0
[18105638ms] [ERROR] Failed to load resource: net::ERR_CONNECTION_REFUSED @ http://localhost:18501/_stcore/health:0
[18105639ms] [ERROR] Client Error in reaching server endpoint - No response received when attempting to reach /_stcore/health @ http://localhost:18501/static/js/index.k-9rUdPI.js:19
[18105639ms] [ERROR] Is Streamlit still running? If you accidentally stopped Streamlit, just restart it in your terminal: @ http://localhost:18501/static/js/index.k-9rUdPI.js:24
[18105639ms] [ERROR] Failed to load resource: net::ERR_CONNECTION_REFUSED @ http://localhost:18501/_stcore/host-config:0
[18110001ms] [ERROR] Failed to load resource: net::ERR_CONNECTION_REFUSED @ http://localhost:18501/_stcore/health:0
[18110001ms] [ERROR] Client Error in reaching server endpoint - No response received when attempting to reach /_stcore/health @ http://localhost:18501/static/js/index.k-9rUdPI.js:19
[18110001ms] [ERROR] Is Streamlit still running? If you accidentally stopped Streamlit, just restart it in your terminal: @ http://localhost:18501/static/js/index.k-9rUdPI.js:24
[18110001ms] [ERROR] Failed to load resource: net::ERR_CONNECTION_REFUSED @ http://localhost:18501/_stcore/host-config:0
[18114360ms] [ERROR] Failed to load resource: net::ERR_CONNECTION_REFUSED @ http://localhost:18501/_stcore/health:0
[18114360ms] [ERROR] Client Error in reaching server endpoint - No response received when attempting to reach /_stcore/health @ http://localhost:18501/static/js/index.k-9rUdPI.js:19
[18114361ms] [ERROR] Is Streamlit still running? If you accidentally stopped Streamlit, just restart it in your terminal: @ http://localhost:18501/static/js/index.k-9rUdPI.js:24
[18114361ms] [ERROR] Failed to load resource: net::ERR_CONNECTION_REFUSED @ http://localhost:18501/_stcore/host-config:0
[18118726ms] [ERROR] Failed to load resource: net::ERR_CONNECTION_REFUSED @ http://localhost:18501/_stcore/health:0
[18118726ms] [ERROR] Client Error in reaching server endpoint - No response received when attempting to reach /_stcore/health @ http://localhost:18501/static/js/index.k-9rUdPI.js:19
[18118726ms] [ERROR] Is Streamlit still running? If you accidentally stopped Streamlit, just restart it in your terminal: @ http://localhost:18501/static/js/index.k-9rUdPI.js:24
[18118726ms] [ERROR] Failed to load resource: net::ERR_CONNECTION_REFUSED @ http://localhost:18501/_stcore/host-config:0
[18123092ms] [ERROR] Failed to load resource: net::ERR_CONNECTION_REFUSED @ http://localhost:18501/_stcore/health:0
[18123092ms] [ERROR] Client Error in reaching server endpoint - No response received when attempting to reach /_stcore/health @ http://localhost:18501/static/js/index.k-9rUdPI.js:19
[18123092ms] [ERROR] Is Streamlit still running? If you accidentally stopped Streamlit, just restart it in your terminal: @ http://localhost:18501/static/js/index.k-9rUdPI.js:24
[18123092ms] [ERROR] Failed to load resource: net::ERR_CONNECTION_REFUSED @ http://localhost:18501/_stcore/host-config:0
[18127468ms] [ERROR] Failed to load resource: net::ERR_CONNECTION_REFUSED @ http://localhost:18501/_stcore/health:0
[18127468ms] [ERROR] Client Error in reaching server endpoint - No response received when attempting to reach /_stcore/health @ http://localhost:18501/static/js/index.k-9rUdPI.js:19
[18127468ms] [ERROR] Is Streamlit still running? If you accidentally stopped Streamlit, just restart it in your terminal: @ http://localhost:18501/static/js/index.k-9rUdPI.js:24
[18127468ms] [ERROR] Failed to load resource: net::ERR_CONNECTION_REFUSED @ http://localhost:18501/_stcore/host-config:0
[18131834ms] [ERROR] Failed to load resource: net::ERR_CONNECTION_REFUSED @ http://localhost:18501/_stcore/health:0
[18131835ms] [ERROR] Client Error in reaching server endpoint - No response received when attempting to reach /_stcore/health @ http://localhost:18501/static/js/index.k-9rUdPI.js:19
[18131835ms] [ERROR] Is Streamlit still running? If you accidentally stopped Streamlit, just restart it in your terminal: @ http://localhost:18501/static/js/index.k-9rUdPI.js:24
[18131835ms] [ERROR] Failed to load resource: net::ERR_CONNECTION_REFUSED @ http://localhost:18501/_stcore/host-config:0
[18136198ms] [ERROR] Failed to load resource: net::ERR_CONNECTION_REFUSED @ http://localhost:18501/_stcore/health:0
[18136198ms] [ERROR] Client Error in reaching server endpoint - No response received when attempting to reach /_stcore/health @ http://localhost:18501/static/js/index.k-9rUdPI.js:19
[18136198ms] [ERROR] Is Streamlit still running? If you accidentally stopped Streamlit, just restart it in your terminal: @ http://localhost:18501/static/js/index.k-9rUdPI.js:24
[18136217ms] [ERROR] Failed to load resource: net::ERR_CONNECTION_REFUSED @ http://localhost:18501/_stcore/host-config:0
[18140544ms] [ERROR] Failed to load resource: net::ERR_CONNECTION_REFUSED @ http://localhost:18501/_stcore/health:0
[18140544ms] [ERROR] Client Error in reaching server endpoint - No response received when attempting to reach /_stcore/health @ http://localhost:18501/static/js/index.k-9rUdPI.js:19
[18140544ms] [ERROR] Is Streamlit still running? If you accidentally stopped Streamlit, just restart it in your terminal: @ http://localhost:18501/static/js/index.k-9rUdPI.js:24
[18140544ms] [ERROR] Failed to load resource: net::ERR_CONNECTION_REFUSED @ http://localhost:18501/_stcore/host-config:0
[18144886ms] [ERROR] Failed to load resource: net::ERR_CONNECTION_REFUSED @ http://localhost:18501/_stcore/health:0
[18144886ms] [ERROR] Client Error in reaching server endpoint - No response received when attempting to reach /_stcore/health @ http://localhost:18501/static/js/index.k-9rUdPI.js:19
[18144886ms] [ERROR] Is Streamlit still running? If you accidentally stopped Streamlit, just restart it in your terminal: @ http://localhost:18501/static/js/index.k-9rUdPI.js:24
[18144906ms] [ERROR] Failed to load resource: net::ERR_CONNECTION_REFUSED @ http://localhost:18501/_stcore/host-config:0
[18149229ms] [ERROR] Failed to load resource: net::ERR_CONNECTION_REFUSED @ http://localhost:18501/_stcore/health:0
[18149229ms] [ERROR] Client Error in reaching server endpoint - No response received when attempting to reach /_stcore/health @ http://localhost:18501/static/js/index.k-9rUdPI.js:19
[18149229ms] [ERROR] Is Streamlit still running? If you accidentally stopped Streamlit, just restart it in your terminal: @ http://localhost:18501/static/js/index.k-9rUdPI.js:24
[18149229ms] [ERROR] Failed to load resource: net::ERR_CONNECTION_REFUSED @ http://localhost:18501/_stcore/host-config:0
[18153613ms] [ERROR] Failed to load resource: net::ERR_CONNECTION_REFUSED @ http://localhost:18501/_stcore/health:0
[18153613ms] [ERROR] Client Error in reaching server endpoint - No response received when attempting to reach /_stcore/health @ http://localhost:18501/static/js/index.k-9rUdPI.js:19
[18153613ms] [ERROR] Is Streamlit still running? If you accidentally stopped Streamlit, just restart it in your terminal: @ http://localhost:18501/static/js/index.k-9rUdPI.js:24
[18153614ms] [ERROR] Failed to load resource: net::ERR_CONNECTION_REFUSED @ http://localhost:18501/_stcore/host-config:0
[18157975ms] [ERROR] Failed to load resource: net::ERR_CONNECTION_REFUSED @ http://localhost:18501/_stcore/health:0
[18157975ms] [ERROR] Client Error in reaching server endpoint - No response received when attempting to reach /_stcore/health @ http://localhost:18501/static/js/index.k-9rUdPI.js:19
[18157975ms] [ERROR] Is Streamlit still running? If you accidentally stopped Streamlit, just restart it in your terminal: @ http://localhost:18501/static/js/index.k-9rUdPI.js:24
[18157976ms] [ERROR] Failed to load resource: net::ERR_CONNECTION_REFUSED @ http://localhost:18501/_stcore/host-config:0
[18162349ms] [ERROR] Failed to load resource: net::ERR_CONNECTION_REFUSED @ http://localhost:18501/_stcore/health:0
[18162349ms] [ERROR] Client Error in reaching server endpoint - No response received when attempting to reach /_stcore/health @ http://localhost:18501/static/js/index.k-9rUdPI.js:19
[18162349ms] [ERROR] Is Streamlit still running? If you accidentally stopped Streamlit, just restart it in your terminal: @ http://localhost:18501/static/js/index.k-9rUdPI.js:24
[18162349ms] [ERROR] Failed to load resource: net::ERR_CONNECTION_REFUSED @ http://localhost:18501/_stcore/host-config:0
[18166715ms] [ERROR] Failed to load resource: net::ERR_CONNECTION_REFUSED @ http://localhost:18501/_stcore/health:0
[18166715ms] [ERROR] Client Error in reaching server endpoint - No response received when attempting to reach /_stcore/health @ http://localhost:18501/static/js/index.k-9rUdPI.js:19
[18166715ms] [ERROR] Is Streamlit still running? If you accidentally stopped Streamlit, just restart it in your terminal: @ http://localhost:18501/static/js/index.k-9rUdPI.js:24
[18166731ms] [ERROR] Failed to load resource: net::ERR_CONNECTION_REFUSED @ http://localhost:18501/_stcore/host-config:0
[18171087ms] [ERROR] Failed to load resource: net::ERR_CONNECTION_REFUSED @ http://localhost:18501/_stcore/health:0
[18171087ms] [ERROR] Client Error in reaching server endpoint - No response received when attempting to reach /_stcore/health @ http://localhost:18501/static/js/index.k-9rUdPI.js:19
[18171087ms] [ERROR] Is Streamlit still running? If you accidentally stopped Streamlit, just restart it in your terminal: @ http://localhost:18501/static/js/index.k-9rUdPI.js:24
[18171101ms] [ERROR] Failed to load resource: net::ERR_CONNECTION_REFUSED @ http://localhost:18501/_stcore/host-config:0
[18175467ms] [ERROR] Failed to load resource: net::ERR_CONNECTION_REFUSED @ http://localhost:18501/_stcore/health:0
[18175467ms] [ERROR] Client Error in reaching server endpoint - No response received when attempting to reach /_stcore/health @ http://localhost:18501/static/js/index.k-9rUdPI.js:19
[18175467ms] [ERROR] Is Streamlit still running? If you accidentally stopped Streamlit, just restart it in your terminal: @ http://localhost:18501/static/js/index.k-9rUdPI.js:24
[18175467ms] [ERROR] Failed to load resource: net::ERR_CONNECTION_REFUSED @ http://localhost:18501/_stcore/host-config:0
[18179825ms] [ERROR] Failed to load resource: net::ERR_CONNECTION_REFUSED @ http://localhost:18501/_stcore/health:0
[18179825ms] [ERROR] Client Error in reaching server endpoint - No response received when attempting to reach /_stcore/health @ http://localhost:18501/static/js/index.k-9rUdPI.js:19
[18179825ms] [ERROR] Is Streamlit still running? If you accidentally stopped Streamlit, just restart it in your terminal: @ http://localhost:18501/static/js/index.k-9rUdPI.js:24
[18179826ms] [ERROR] Failed to load resource: net::ERR_CONNECTION_REFUSED @ http://localhost:18501/_stcore/host-config:0
[18184197ms] [ERROR] Failed to load resource: net::ERR_CONNECTION_REFUSED @ http://localhost:18501/_stcore/health:0
[18184197ms] [ERROR] Client Error in reaching server endpoint - No response received when attempting to reach /_stcore/health @ http://localhost:18501/static/js/index.k-9rUdPI.js:19
[18184197ms] [ERROR] Is Streamlit still running? If you accidentally stopped Streamlit, just restart it in your terminal: @ http://localhost:18501/static/js/index.k-9rUdPI.js:24
[18184197ms] [ERROR] Failed to load resource: net::ERR_CONNECTION_REFUSED @ http://localhost:18501/_stcore/host-config:0
[18188541ms] [ERROR] Failed to load resource: net::ERR_CONNECTION_REFUSED @ http://localhost:18501/_stcore/health:0
[18188542ms] [ERROR] Client Error in reaching server endpoint - No response received when attempting to reach /_stcore/health @ http://localhost:18501/static/js/index.k-9rUdPI.js:19
[18188542ms] [ERROR] Is Streamlit still running? If you accidentally stopped Streamlit, just restart it in your terminal: @ http://localhost:18501/static/js/index.k-9rUdPI.js:24
[18188557ms] [ERROR] Failed to load resource: net::ERR_CONNECTION_REFUSED @ http://localhost:18501/_stcore/host-config:0
[18192921ms] [ERROR] Failed to load resource: net::ERR_CONNECTION_REFUSED @ http://localhost:18501/_stcore/health:0
[18192921ms] [ERROR] Client Error in reaching server endpoint - No response received when attempting to reach /_stcore/health @ http://localhost:18501/static/js/index.k-9rUdPI.js:19
[18192921ms] [ERROR] Is Streamlit still running? If you accidentally stopped Streamlit, just restart it in your terminal: @ http://localhost:18501/static/js/index.k-9rUdPI.js:24
[18192922ms] [ERROR] Failed to load resource: net::ERR_CONNECTION_REFUSED @ http://localhost:18501/_stcore/host-config:0
[18197276ms] [ERROR] Failed to load resource: net::ERR_CONNECTION_REFUSED @ http://localhost:18501/_stcore/health:0
[18197276ms] [ERROR] Client Error in reaching server endpoint - No response received when attempting to reach /_stcore/health @ http://localhost:18501/static/js/index.k-9rUdPI.js:19
[18197276ms] [ERROR] Is Streamlit still running? If you accidentally stopped Streamlit, just restart it in your terminal: @ http://localhost:18501/static/js/index.k-9rUdPI.js:24
[18197289ms] [ERROR] Failed to load resource: net::ERR_CONNECTION_REFUSED @ http://localhost:18501/_stcore/host-config:0
[18201660ms] [ERROR] Failed to load resource: net::ERR_CONNECTION_REFUSED @ http://localhost:18501/_stcore/health:0
[18201660ms] [ERROR] Client Error in reaching server endpoint - No response received when attempting to reach /_stcore/health @ http://localhost:18501/static/js/index.k-9rUdPI.js:19
[18201660ms] [ERROR] Is Streamlit still running? If you accidentally stopped Streamlit, just restart it in your terminal: @ http://localhost:18501/static/js/index.k-9rUdPI.js:24
[18201660ms] [ERROR] Failed to load resource: net::ERR_CONNECTION_REFUSED @ http://localhost:18501/_stcore/host-config:0
[18206026ms] [ERROR] Failed to load resource: net::ERR_CONNECTION_REFUSED @ http://localhost:18501/_stcore/health:0
[18206026ms] [ERROR] Client Error in reaching server endpoint - No response received when attempting to reach /_stcore/health @ http://localhost:18501/static/js/index.k-9rUdPI.js:19
[18206027ms] [ERROR] Is Streamlit still running? If you accidentally stopped Streamlit, just restart it in your terminal: @ http://localhost:18501/static/js/index.k-9rUdPI.js:24
[18206027ms] [ERROR] Failed to load resource: net::ERR_CONNECTION_REFUSED @ http://localhost:18501/_stcore/host-config:0
[18210376ms] [ERROR] Failed to load resource: net::ERR_CONNECTION_REFUSED @ http://localhost:18501/_stcore/health:0
[18210376ms] [ERROR] Client Error in reaching server endpoint - No response received when attempting to reach /_stcore/health @ http://localhost:18501/static/js/index.k-9rUdPI.js:19
[18210377ms] [ERROR] Is Streamlit still running? If you accidentally stopped Streamlit, just restart it in your terminal: @ http://localhost:18501/static/js/index.k-9rUdPI.js:24
[18210377ms] [ERROR] Failed to load resource: net::ERR_CONNECTION_REFUSED @ http://localhost:18501/_stcore/host-config:0
[18214755ms] [ERROR] Failed to load resource: net::ERR_CONNECTION_REFUSED @ http://localhost:18501/_stcore/health:0
[18214755ms] [ERROR] Client Error in reaching server endpoint - No response received when attempting to reach /_stcore/health @ http://localhost:18501/static/js/index.k-9rUdPI.js:19
[18214755ms] [ERROR] Is Streamlit still running? If you accidentally stopped Streamlit, just restart it in your terminal: @ http://localhost:18501/static/js/index.k-9rUdPI.js:24
[18214756ms] [ERROR] Failed to load resource: net::ERR_CONNECTION_REFUSED @ http://localhost:18501/_stcore/host-config:0
[18219113ms] [ERROR] Failed to load resource: net::ERR_CONNECTION_REFUSED @ http://localhost:18501/_stcore/health:0
[18219113ms] [ERROR] Client Error in reaching server endpoint - No response received when attempting to reach /_stcore/health @ http://localhost:18501/static/js/index.k-9rUdPI.js:19
[18219113ms] [ERROR] Is Streamlit still running? If you accidentally stopped Streamlit, just restart it in your terminal: @ http://localhost:18501/static/js/index.k-9rUdPI.js:24
[18219130ms] [ERROR] Failed to load resource: net::ERR_CONNECTION_REFUSED @ http://localhost:18501/_stcore/host-config:0
[18223434ms] [ERROR] Failed to load resource: net::ERR_CONNECTION_REFUSED @ http://localhost:18501/_stcore/health:0
[18223434ms] [ERROR] Client Error in reaching server endpoint - No response received when attempting to reach /_stcore/health @ http://localhost:18501/static/js/index.k-9rUdPI.js:19
[18223435ms] [ERROR] Is Streamlit still running? If you accidentally stopped Streamlit, just restart it in your terminal: @ http://localhost:18501/static/js/index.k-9rUdPI.js:24
[18223450ms] [ERROR] Failed to load resource: net::ERR_CONNECTION_REFUSED @ http://localhost:18501/_stcore/host-config:0
[18227795ms] [ERROR] Failed to load resource: net::ERR_CONNECTION_REFUSED @ http://localhost:18501/_stcore/health:0
[18227795ms] [ERROR] Client Error in reaching server endpoint - No response received when attempting to reach /_stcore/health @ http://localhost:18501/static/js/index.k-9rUdPI.js:19
[18227795ms] [ERROR] Is Streamlit still running? If you accidentally stopped Streamlit, just restart it in your terminal: @ http://localhost:18501/static/js/index.k-9rUdPI.js:24
[18227795ms] [ERROR] Failed to load resource: net::ERR_CONNECTION_REFUSED @ http://localhost:18501/_stcore/host-config:0
[18232146ms] [ERROR] Failed to load resource: net::ERR_CONNECTION_REFUSED @ http://localhost:18501/_stcore/health:0
[18232146ms] [ERROR] Client Error in reaching server endpoint - No response received when attempting to reach /_stcore/health @ http://localhost:18501/static/js/index.k-9rUdPI.js:19
[18232146ms] [ERROR] Is Streamlit still running? If you accidentally stopped Streamlit, just restart it in your terminal: @ http://localhost:18501/static/js/index.k-9rUdPI.js:24
[18232163ms] [ERROR] Failed to load resource: net::ERR_CONNECTION_REFUSED @ http://localhost:18501/_stcore/host-config:0
[18236514ms] [ERROR] Failed to load resource: net::ERR_CONNECTION_REFUSED @ http://localhost:18501/_stcore/health:0
[18236514ms] [ERROR] Client Error in reaching server endpoint - No response received when attempting to reach /_stcore/health @ http://localhost:18501/static/js/index.k-9rUdPI.js:19
[18236514ms] [ERROR] Is Streamlit still running? If you accidentally stopped Streamlit, just restart it in your terminal: @ http://localhost:18501/static/js/index.k-9rUdPI.js:24
[18236514ms] [ERROR] Failed to load resource: net::ERR_CONNECTION_REFUSED @ http://localhost:18501/_stcore/host-config:0
[18240875ms] [ERROR] Failed to load resource: net::ERR_CONNECTION_REFUSED @ http://localhost:18501/_stcore/health:0
[18240875ms] [ERROR] Client Error in reaching server endpoint - No response received when attempting to reach /_stcore/health @ http://localhost:18501/static/js/index.k-9rUdPI.js:19
[18240875ms] [ERROR] Is Streamlit still running? If you accidentally stopped Streamlit, just restart it in your terminal: @ http://localhost:18501/static/js/index.k-9rUdPI.js:24
[18240891ms] [ERROR] Failed to load resource: net::ERR_CONNECTION_REFUSED @ http://localhost:18501/_stcore/host-config:0
[18245241ms] [ERROR] Failed to load resource: net::ERR_CONNECTION_REFUSED @ http://localhost:18501/_stcore/health:0
[18245241ms] [ERROR] Client Error in reaching server endpoint - No response received when attempting to reach /_stcore/health @ http://localhost:18501/static/js/index.k-9rUdPI.js:19
[18245241ms] [ERROR] Is Streamlit still running? If you accidentally stopped Streamlit, just restart it in your terminal: @ http://localhost:18501/static/js/index.k-9rUdPI.js:24
[18245241ms] [ERROR] Failed to load resource: net::ERR_CONNECTION_REFUSED @ http://localhost:18501/_stcore/host-config:0
[18249595ms] [ERROR] Failed to load resource: net::ERR_CONNECTION_REFUSED @ http://localhost:18501/_stcore/health:0
[18249595ms] [ERROR] Client Error in reaching server endpoint - No response received when attempting to reach /_stcore/health @ http://localhost:18501/static/js/index.k-9rUdPI.js:19
[18249595ms] [ERROR] Is Streamlit still running? If you accidentally stopped Streamlit, just restart it in your terminal: @ http://localhost:18501/static/js/index.k-9rUdPI.js:24
[18249596ms] [ERROR] Failed to load resource: net::ERR_CONNECTION_REFUSED @ http://localhost:18501/_stcore/host-config:0
[18253958ms] [ERROR] Failed to load resource: net::ERR_CONNECTION_REFUSED @ http://localhost:18501/_stcore/health:0
[18253958ms] [ERROR] Client Error in reaching server endpoint - No response received when attempting to reach /_stcore/health @ http://localhost:18501/static/js/index.k-9rUdPI.js:19
[18253958ms] [ERROR] Is Streamlit still running? If you accidentally stopped Streamlit, just restart it in your terminal: @ http://localhost:18501/static/js/index.k-9rUdPI.js:24
[18253974ms] [ERROR] Failed to load resource: net::ERR_CONNECTION_REFUSED @ http://localhost:18501/_stcore/host-config:0
[18258305ms] [ERROR] Failed to load resource: net::ERR_CONNECTION_REFUSED @ http://localhost:18501/_stcore/health:0
[18258305ms] [ERROR] Client Error in reaching server endpoint - No response received when attempting to reach /_stcore/health @ http://localhost:18501/static/js/index.k-9rUdPI.js:19
[18258305ms] [ERROR] Is Streamlit still running? If you accidentally stopped Streamlit, just restart it in your terminal: @ http://localhost:18501/static/js/index.k-9rUdPI.js:24
[18258321ms] [ERROR] Failed to load resource: net::ERR_CONNECTION_REFUSED @ http://localhost:18501/_stcore/host-config:0
[18262669ms] [ERROR] Failed to load resource: net::ERR_CONNECTION_REFUSED @ http://localhost:18501/_stcore/health:0
[18262669ms] [ERROR] Client Error in reaching server endpoint - No response received when attempting to reach /_stcore/health @ http://localhost:18501/static/js/index.k-9rUdPI.js:19
[18262669ms] [ERROR] Is Streamlit still running? If you accidentally stopped Streamlit, just restart it in your terminal: @ http://localhost:18501/static/js/index.k-9rUdPI.js:24
[18262687ms] [ERROR] Failed to load resource: net::ERR_CONNECTION_REFUSED @ http://localhost:18501/_stcore/host-config:0
[18267042ms] [ERROR] Failed to load resource: net::ERR_CONNECTION_REFUSED @ http://localhost:18501/_stcore/health:0
[18267042ms] [ERROR] Client Error in reaching server endpoint - No response received when attempting to reach /_stcore/health @ http://localhost:18501/static/js/index.k-9rUdPI.js:19
[18267043ms] [ERROR] Is Streamlit still running? If you accidentally stopped Streamlit, just restart it in your terminal: @ http://localhost:18501/static/js/index.k-9rUdPI.js:24
[18267043ms] [ERROR] Failed to load resource: net::ERR_CONNECTION_REFUSED @ http://localhost:18501/_stcore/host-config:0
[18271408ms] [ERROR] Failed to load resource: net::ERR_CONNECTION_REFUSED @ http://localhost:18501/_stcore/health:0
[18271408ms] [ERROR] Client Error in reaching server endpoint - No response received when attempting to reach /_stcore/health @ http://localhost:18501/static/js/index.k-9rUdPI.js:19
[18271408ms] [ERROR] Is Streamlit still running? If you accidentally stopped Streamlit, just restart it in your terminal: @ http://localhost:18501/static/js/index.k-9rUdPI.js:24
[18271409ms] [ERROR] Failed to load resource: net::ERR_CONNECTION_REFUSED @ http://localhost:18501/_stcore/host-config:0
[18275785ms] [ERROR] Failed to load resource: net::ERR_CONNECTION_REFUSED @ http://localhost:18501/_stcore/health:0
[18275785ms] [ERROR] Client Error in reaching server endpoint - No response received when attempting to reach /_stcore/health @ http://localhost:18501/static/js/index.k-9rUdPI.js:19
[18275785ms] [ERROR] Is Streamlit still running? If you accidentally stopped Streamlit, just restart it in your terminal: @ http://localhost:18501/static/js/index.k-9rUdPI.js:24
[18275785ms] [ERROR] Failed to load resource: net::ERR_CONNECTION_REFUSED @ http://localhost:18501/_stcore/host-config:0
[18280150ms] [ERROR] Failed to load resource: net::ERR_CONNECTION_REFUSED @ http://localhost:18501/_stcore/health:0
[18280150ms] [ERROR] Client Error in reaching server endpoint - No response received when attempting to reach /_stcore/health @ http://localhost:18501/static/js/index.k-9rUdPI.js:19
[18280150ms] [ERROR] Is Streamlit still running? If you accidentally stopped Streamlit, just restart it in your terminal: @ http://localhost:18501/static/js/index.k-9rUdPI.js:24
[18280150ms] [ERROR] Failed to load resource: net::ERR_CONNECTION_REFUSED @ http://localhost:18501/_stcore/host-config:0
[18284495ms] [ERROR] Failed to load resource: net::ERR_CONNECTION_REFUSED @ http://localhost:18501/_stcore/health:0
[18284495ms] [ERROR] Client Error in reaching server endpoint - No response received when attempting to reach /_stcore/health @ http://localhost:18501/static/js/index.k-9rUdPI.js:19
[18284496ms] [ERROR] Is Streamlit still running? If you accidentally stopped Streamlit, just restart it in your terminal: @ http://localhost:18501/static/js/index.k-9rUdPI.js:24
[18284511ms] [ERROR] Failed to load resource: net::ERR_CONNECTION_REFUSED @ http://localhost:18501/_stcore/host-config:0
[18288863ms] [ERROR] Failed to load resource: net::ERR_CONNECTION_REFUSED @ http://localhost:18501/_stcore/health:0
[18288863ms] [ERROR] Client Error in reaching server endpoint - No response received when attempting to reach /_stcore/health @ http://localhost:18501/static/js/index.k-9rUdPI.js:19
[18288863ms] [ERROR] Is Streamlit still running? If you accidentally stopped Streamlit, just restart it in your terminal: @ http://localhost:18501/static/js/index.k-9rUdPI.js:24
[18288863ms] [ERROR] Failed to load resource: net::ERR_CONNECTION_REFUSED @ http://localhost:18501/_stcore/host-config:0
[18293221ms] [ERROR] Failed to load resource: net::ERR_CONNECTION_REFUSED @ http://localhost:18501/_stcore/health:0
[18293221ms] [ERROR] Client Error in reaching server endpoint - No response received when attempting to reach /_stcore/health @ http://localhost:18501/static/js/index.k-9rUdPI.js:19
[18293221ms] [ERROR] Is Streamlit still running? If you accidentally stopped Streamlit, just restart it in your terminal: @ http://localhost:18501/static/js/index.k-9rUdPI.js:24
[18293221ms] [ERROR] Failed to load resource: net::ERR_CONNECTION_REFUSED @ http://localhost:18501/_stcore/host-config:0
[18297573ms] [ERROR] Failed to load resource: net::ERR_CONNECTION_REFUSED @ http://localhost:18501/_stcore/health:0
[18297573ms] [ERROR] Client Error in reaching server endpoint - No response received when attempting to reach /_stcore/health @ http://localhost:18501/static/js/index.k-9rUdPI.js:19
[18297573ms] [ERROR] Is Streamlit still running? If you accidentally stopped Streamlit, just restart it in your terminal: @ http://localhost:18501/static/js/index.k-9rUdPI.js:24
[18297573ms] [ERROR] Failed to load resource: net::ERR_CONNECTION_REFUSED @ http://localhost:18501/_stcore/host-config:0
[18301928ms] [ERROR] Failed to load resource: net::ERR_CONNECTION_REFUSED @ http://localhost:18501/_stcore/health:0
[18301929ms] [ERROR] Client Error in reaching server endpoint - No response received when attempting to reach /_stcore/health @ http://localhost:18501/static/js/index.k-9rUdPI.js:19
[18301929ms] [ERROR] Is Streamlit still running? If you accidentally stopped Streamlit, just restart it in your terminal: @ http://localhost:18501/static/js/index.k-9rUdPI.js:24
[18301929ms] [ERROR] Failed to load resource: net::ERR_CONNECTION_REFUSED @ http://localhost:18501/_stcore/host-config:0
[18306291ms] [ERROR] Failed to load resource: net::ERR_CONNECTION_REFUSED @ http://localhost:18501/_stcore/health:0
[18306291ms] [ERROR] Client Error in reaching server endpoint - No response received when attempting to reach /_stcore/health @ http://localhost:18501/static/js/index.k-9rUdPI.js:19
[18306291ms] [ERROR] Is Streamlit still running? If you accidentally stopped Streamlit, just restart it in your terminal: @ http://localhost:18501/static/js/index.k-9rUdPI.js:24
[18306292ms] [ERROR] Failed to load resource: net::ERR_CONNECTION_REFUSED @ http://localhost:18501/_stcore/host-config:0
[18310660ms] [ERROR] Failed to load resource: net::ERR_CONNECTION_REFUSED @ http://localhost:18501/_stcore/health:0
[18310661ms] [ERROR] Client Error in reaching server endpoint - No response received when attempting to reach /_stcore/health @ http://localhost:18501/static/js/index.k-9rUdPI.js:19
[18310661ms] [ERROR] Is Streamlit still running? If you accidentally stopped Streamlit, just restart it in your terminal: @ http://localhost:18501/static/js/index.k-9rUdPI.js:24
[18310661ms] [ERROR] Failed to load resource: net::ERR_CONNECTION_REFUSED @ http://localhost:18501/_stcore/host-config:0
[18315026ms] [ERROR] Failed to load resource: net::ERR_CONNECTION_REFUSED @ http://localhost:18501/_stcore/health:0
[18315026ms] [ERROR] Client Error in reaching server endpoint - No response received when attempting to reach /_stcore/health @ http://localhost:18501/static/js/index.k-9rUdPI.js:19
[18315026ms] [ERROR] Is Streamlit still running? If you accidentally stopped Streamlit, just restart it in your terminal: @ http://localhost:18501/static/js/index.k-9rUdPI.js:24
[18315026ms] [ERROR] Failed to load resource: net::ERR_CONNECTION_REFUSED @ http://localhost:18501/_stcore/host-config:0
